Ticker,Wave,Date,Open,High,Low,Close,Adj Close,Volume
NFLX,First Wave,02-01-2020,326.1000061,329.980011,324.7799988,329.8099976,329.8099976,4485800
NFLX,First Wave,03-01-2020,326.7799988,329.8599854,325.5299988,325.8999939,325.8999939,3806900
NFLX,First Wave,06-01-2020,323.1199951,336.3599854,321.2000122,335.8299866,335.8299866,5663100
NFLX,First Wave,07-01-2020,336.4700012,336.7000122,330.2999878,330.75,330.75,4703200
NFLX,First Wave,08-01-2020,331.4899902,342.7000122,331.0499878,339.2600098,339.2600098,7104500
NFLX,First Wave,09-01-2020,342,343.4200134,334.6099854,335.6600037,335.6600037,4709300
NFLX,First Wave,10-01-2020,337.1300049,338.5,327.269989,329.0499878,329.0499878,4718300
NFLX,First Wave,13-01-2020,331.7999878,340.8500061,331.5100098,338.9200134,338.9200134,6290000
NFLX,First Wave,14-01-2020,344.3999939,345.3800049,335.519989,338.6900024,338.6900024,7199400
NFLX,First Wave,15-01-2020,338.6799927,343.1700134,336.6000061,339.0700073,339.0700073,5158000
NFLX,First Wave,16-01-2020,343.5,343.5599976,335.8500061,338.6199951,338.6199951,5016000
NFLX,First Wave,17-01-2020,341,341.5700073,337.3800049,339.6700134,339.6700134,6066500
NFLX,First Wave,21-01-2020,340,341,332.5899963,338.1099854,338.1099854,14350300
NFLX,First Wave,22-01-2020,332.5499878,336.2999878,323.6000061,326,326,21730000
NFLX,First Wave,23-01-2020,326.0400085,349.8800049,325.0100098,349.6000061,349.6000061,18200300
NFLX,First Wave,24-01-2020,348.4599915,359.8500061,345.8800049,353.1600037,353.1600037,17939700
NFLX,First Wave,27-01-2020,345.9500122,351.8999939,341.019989,342.8800049,342.8800049,7709500
NFLX,First Wave,28-01-2020,345.8800049,352.3999939,342.7799988,348.519989,348.519989,6821600
NFLX,First Wave,29-01-2020,349,349.3999939,338.5499878,343.1600037,343.1600037,7643500
NFLX,First Wave,30-01-2020,341.1000061,348.2000122,339.25,347.7399902,347.7399902,5328100
NFLX,First Wave,31-01-2020,347.3900146,347.3900146,340.980011,345.0899963,345.0899963,5230000
NFLX,First Wave,03-02-2020,347.2399902,359.6300049,346.2799988,358,358,6670600
NFLX,First Wave,04-02-2020,361,369.5700073,356.1000061,369.0100098,369.0100098,7161500
NFLX,First Wave,05-02-2020,375.1300049,375.25,362.2999878,369.6700134,369.6700134,6437000
NFLX,First Wave,06-02-2020,369.6000061,371.5499878,362.5100098,366.9500122,366.9500122,3920400
NFLX,First Wave,07-02-2020,365.0400085,371.7999878,363.5700073,366.769989,366.769989,4385200
NFLX,First Wave,10-02-2020,365,374.7999878,362.519989,371.0700073,371.0700073,5294100
NFLX,First Wave,11-02-2020,373.75,378.1099854,369.7200012,373.6900024,373.6900024,4772900
NFLX,First Wave,12-02-2020,377.1799927,380.6199951,375.8800049,380.0100098,380.0100098,4624800
NFLX,First Wave,13-02-2020,376.9599915,385.3699951,376.5100098,381.3999939,381.3999939,4485400
NFLX,First Wave,14-02-2020,381.4700012,385.1499939,379.4299927,380.3999939,380.3999939,3736300
NFLX,First Wave,18-02-2020,379.2999878,389.5400085,379.1900024,387.7799988,387.7799988,5173900
NFLX,First Wave,19-02-2020,388.1199951,392.9500122,384.8999939,386.1900024,386.1900024,4896400
NFLX,First Wave,20-02-2020,386.5599976,389.7000122,376.6799927,386,386,4079400
NFLX,First Wave,21-02-2020,385.3299866,387.3200073,377.8999939,380.0700073,380.0700073,3930100
NFLX,First Wave,24-02-2020,364.7600098,372.8200073,361,368.7000122,368.7000122,6936400
NFLX,First Wave,25-02-2020,372,375.6499939,357.7200012,360.0899963,360.0899963,6481200
NFLX,First Wave,26-02-2020,366.3099976,382,365,379.2399902,379.2399902,8934100
NFLX,First Wave,27-02-2020,371.4599915,391.5599976,370.6000061,371.7099915,371.7099915,10967700
NFLX,First Wave,28-02-2020,364.2099915,376.769989,356.7999878,369.0299988,369.0299988,11168600
NFLX,First Wave,02-03-2020,373.1099854,381.3599854,364.5,381.0499878,381.0499878,6997900
NFLX,First Wave,03-03-2020,381.0299988,393.519989,367.3999939,368.769989,368.769989,8364600
NFLX,First Wave,04-03-2020,377.769989,384.0100098,370.5100098,383.7900085,383.7900085,5487300
NFLX,First Wave,05-03-2020,381,391.3999939,368.6400146,372.7799988,372.7799988,8747000
NFLX,First Wave,06-03-2020,367.7000122,371.3099976,356.8500061,368.9700012,368.9700012,8147200
NFLX,First Wave,09-03-2020,343.8599854,357.4700012,341.7200012,346.4899902,346.4899902,7405500
NFLX,First Wave,10-03-2020,356.4299927,364.5400085,347.8500061,364.1300049,364.1300049,7604400
NFLX,First Wave,11-03-2020,358.9200134,362.980011,344.7900085,349.9200134,349.9200134,6036000
NFLX,First Wave,12-03-2020,326.5,335.7200012,307.3200073,315.25,315.25,12071600
NFLX,First Wave,13-03-2020,330.5100098,336.4200134,307.3900146,336.2999878,336.2999878,9458200
NFLX,First Wave,16-03-2020,306.6300049,334.3500061,294.75,298.8399963,298.8399963,10559900
NFLX,First Wave,17-03-2020,306.1900024,322.8999939,290.25,319.75,319.75,10013900
NFLX,First Wave,18-03-2020,302.3999939,331.5799866,300,315.4700012,315.4700012,12593600
NFLX,First Wave,19-03-2020,324.3299866,348.5100098,316.8200073,332.0299988,332.0299988,10616000
NFLX,First Wave,20-03-2020,342.3099976,350.4899902,332,332.8299866,332.8299866,10853800
NFLX,First Wave,23-03-2020,347.8900146,366.1099854,340.8800049,360.269989,360.269989,13449400
NFLX,First Wave,24-03-2020,369.9899902,372.9299927,353.0299988,357.3200073,357.3200073,11638700
NFLX,First Wave,25-03-2020,361.019989,362,339.1700134,342.3900146,342.3900146,8767200
NFLX,First Wave,26-03-2020,344,363.8399963,341.730011,362.9899902,362.9899902,7229600
NFLX,First Wave,27-03-2020,359.0899963,368.5599976,353,357.1199951,357.1199951,7948800
NFLX,First Wave,30-03-2020,363,377.7999878,361.1700134,370.9599915,370.9599915,8622000
NFLX,First Wave,31-03-2020,367.9299927,383.0100098,366.4400024,375.5,375.5,9366500
NFLX,First Wave,01-04-2020,376.0499878,380.230011,361.019989,364.0799866,364.0799866,6672500
NFLX,First Wave,02-04-2020,364.0799866,370.9899902,360.0599976,370.0799866,370.0799866,4592500
NFLX,First Wave,03-04-2020,367.4700012,370.8999939,357.5100098,361.7600098,361.7600098,4860800
NFLX,First Wave,06-04-2020,365.2200012,380.2900085,361.7099915,379.9599915,379.9599915,8183900
NFLX,First Wave,07-04-2020,380,381.3299866,369.3399963,372.2799988,372.2799988,7046400
NFLX,First Wave,08-04-2020,374.0100098,378.3900146,368.3099976,371.1199951,371.1199951,6908900
NFLX,First Wave,09-04-2020,371.0599976,372.1000061,363.0299988,370.7200012,370.7200012,7711300
NFLX,First Wave,13-04-2020,371.3099976,400.5100098,367.7000122,396.7200012,396.7200012,11692900
NFLX,First Wave,14-04-2020,397.5,417.8200073,394.8500061,413.5499878,413.5499878,11581000
NFLX,First Wave,15-04-2020,413,434.980011,412.25,426.75,426.75,13561200
NFLX,First Wave,16-04-2020,437,449.519989,431.6099854,439.1700134,439.1700134,16128700
NFLX,First Wave,17-04-2020,431,432,414.7000122,422.9599915,422.9599915,12616300
NFLX,First Wave,20-04-2020,435.1700134,444.4899902,430.5599976,437.4899902,437.4899902,12655800
NFLX,First Wave,21-04-2020,444.769989,447,425.6000061,433.8299866,433.8299866,23177600
NFLX,First Wave,22-04-2020,429.730011,433,413,421.4200134,421.4200134,21084800
NFLX,First Wave,23-04-2020,419.2600098,438.4100037,419.2600098,426.7000122,426.7000122,13952300
NFLX,First Wave,24-04-2020,425,427.1700134,415.8800049,424.9899902,424.9899902,8658900
NFLX,First Wave,27-04-2020,425,429,420.8399963,421.3800049,421.3800049,6277500
NFLX,First Wave,28-04-2020,419.9899902,421,402.9100037,403.8299866,403.8299866,10101200
NFLX,First Wave,29-04-2020,399.5299988,415.8599854,393.6000061,411.8900146,411.8900146,9693100
NFLX,First Wave,30-04-2020,410.3099976,424.4400024,408,419.8500061,419.8500061,7954000
NFLX,First Wave,01-05-2020,415.1000061,427.9700012,411.730011,415.269989,415.269989,8299900
NFLX,First Wave,04-05-2020,417.7799988,428.5400085,414.8699951,428.1499939,428.1499939,7799100
NFLX,First Wave,05-05-2020,427.5599976,431,421.5599976,424.6799927,424.6799927,6286300
NFLX,First Wave,06-05-2020,429.2999878,439.769989,426.3900146,434.2600098,434.2600098,6660700
NFLX,First Wave,07-05-2020,436.8900146,438.8800049,430.6600037,436.5299988,436.5299988,5641900
NFLX,First Wave,08-05-2020,434.1400146,442,433.6400146,435.5499878,435.5499878,5049300
NFLX,First Wave,11-05-2020,436.3299866,444.8900146,435.5599976,440.519989,440.519989,5486000
NFLX,First Wave,12-05-2020,442,444.1700134,431.3599854,431.8200073,431.8200073,4598200
NFLX,First Wave,13-05-2020,435.6900024,447,427.269989,438.269989,438.269989,7014600
NFLX,First Wave,14-05-2020,444.8999939,452.3800049,432.8200073,441.9500122,441.9500122,9007500
NFLX,First Wave,15-05-2020,440.7000122,455,437.5100098,454.1900024,454.1900024,7244000
NFLX,First Wave,18-05-2020,451.1600037,456.3599854,443.3500061,452.5799866,452.5799866,7773500
NFLX,First Wave,19-05-2020,453.3999939,458.9700012,450.4700012,451.0400085,451.0400085,4810500
NFLX,First Wave,20-05-2020,454.25,455.8099976,444,447.6700134,447.6700134,5607300
NFLX,First Wave,21-05-2020,448.5599976,448.9599915,430.25,436.25,436.25,9117300
NFLX,First Wave,22-05-2020,437,439.0899963,427.1799927,429.3200073,429.3200073,5422300
NFLX,First Wave,26-05-2020,427.769989,428.5,413.1400146,414.769989,414.769989,7881100
NFLX,First Wave,27-05-2020,410.3800049,420.019989,397.8599854,419.8900146,419.8900146,10446300
NFLX,First Wave,28-05-2020,417.2399902,422.3699951,411.5,413.4400024,413.4400024,5655100
NFLX,First Wave,29-05-2020,417.4599915,420.2999878,411.8500061,419.730011,419.730011,5254900
NFLX,First Wave,01-06-2020,418.8299866,426.7200012,415.980011,425.9200134,425.9200134,3743700
NFLX,First Wave,02-06-2020,425.8699951,427.5899963,419.4599915,427.3099976,427.3099976,3494800
NFLX,First Wave,03-06-2020,426.9500122,427.1000061,418.0499878,421.9700012,421.9700012,4316000
NFLX,First Wave,04-06-2020,422.3900146,428.7099915,410.0299988,414.3299866,414.3299866,5410500
NFLX,First Wave,05-06-2020,407.2900085,420.2399902,404.25,419.6000061,419.6000061,5099600
NFLX,First Wave,08-06-2020,416,420.7999878,406.5,419.4899902,419.4899902,5851500
NFLX,First Wave,09-06-2020,421.6499939,434.730011,420.3099976,434.0499878,434.0499878,6797000
NFLX,First Wave,10-06-2020,436,439.6900024,430.5499878,434.480011,434.480011,4896900
NFLX,First Wave,11-06-2020,428.2000122,445.5700073,424.1600037,425.5599976,425.5599976,7462900
NFLX,First Wave,12-06-2020,429,434.0599976,412.4500122,418.0700073,418.0700073,6461100
NFLX,First Wave,15-06-2020,421.3999939,426.4899902,415.4200134,425.5,425.5,4467900
NFLX,First Wave,16-06-2020,425.7600098,437.9599915,425.1799927,436.1300049,436.1300049,5507900
NFLX,First Wave,17-06-2020,441.8200073,450.4599915,439.2200012,447.769989,447.769989,6529600
NFLX,First Wave,18-06-2020,448.730011,452.7600098,442.7999878,449.8699951,449.8699951,4277600
NFLX,First Wave,19-06-2020,449.1199951,453.9700012,445.6000061,453.7200012,453.7200012,5934500
NFLX,First Wave,22-06-2020,455.0100098,468.5899963,454.2099915,468.0400085,468.0400085,6272100
NFLX,First Wave,23-06-2020,466.5,474.0100098,464.5,466.2600098,466.2600098,5948400
NFLX,First Wave,24-06-2020,468.5400085,472.3599854,454,457.8500061,457.8500061,4826200
NFLX,First Wave,25-06-2020,458.8599854,467.0100098,454,465.9100037,465.9100037,4134500
NFLX,First Wave,26-06-2020,466.3900146,468.0299988,442.2399902,443.3999939,443.3999939,6804700
NFLX,First Wave,29-06-2020,445.230011,447.6700134,432.1400146,447.2399902,447.2399902,4844000
DIS,First Wave,02-01-2020,143.5170321,146.3915253,143.3293633,146.3915253,146.3915253,9502100
DIS,First Wave,03-01-2020,144.6134793,146.0951748,144.2677594,144.712265,144.712265,7320200
DIS,First Wave,06-01-2020,143.7639766,144.2480026,142.5489905,143.8726349,143.8726349,8262500
DIS,First Wave,07-01-2020,144.2084972,145.0777483,143.6454456,143.9220276,143.9220276,6906500
DIS,First Wave,08-01-2020,143.7145998,144.3467894,143.0527776,143.6256866,143.6256866,6984200
DIS,First Wave,09-01-2020,144.6826238,144.8406749,142.8453208,143.0626373,143.0626373,6664200
DIS,First Wave,10-01-2020,143.5269192,143.7244756,142.4996018,142.8552094,142.8552094,5152500
DIS,First Wave,13-01-2020,142.983631,142.983631,141.6105936,142.1242523,142.1242523,9921300
DIS,First Wave,14-01-2020,141.659981,144.9295869,140.553638,143.4281311,143.4281311,14839100
DIS,First Wave,15-01-2020,143.931921,143.931921,142.1736283,142.5588837,142.5588837,6818200
DIS,First Wave,16-01-2020,143.3194731,143.6553205,142.6774111,143.3491058,143.3491058,6948400
DIS,First Wave,17-01-2020,143.7639821,143.8627679,142.2526538,142.5687561,142.5687561,10355300
DIS,First Wave,21-01-2020,142.4798611,142.8255811,141.2648598,141.8081512,141.8081512,9250200
DIS,First Wave,22-01-2020,142.6872882,143.0231356,141.7883892,142.252655,142.252655,7550000
DIS,First Wave,23-01-2020,141.8476618,141.8575344,138.9336485,140.4647369,140.4647369,11082000
DIS,First Wave,24-01-2020,139.6745051,140.5141386,137.5013544,138.3706207,138.3706207,13076300
DIS,First Wave,27-01-2020,134.2021177,136.0492935,133.3526115,134.2416229,134.2416229,12831800
DIS,First Wave,28-01-2020,134.8342971,137.2346367,134.2021076,136.6814728,136.6814728,10390000
DIS,First Wave,29-01-2020,136.9086866,136.9876971,134.132964,134.3996735,134.3996735,9382700
DIS,First Wave,30-01-2020,133.4415019,136.1678315,133.1846801,136.1283112,136.1283112,11847300
DIS,First Wave,31-01-2020,136.711121,136.9778305,135.3874764,136.6222229,136.6222229,12379100
DIS,First Wave,03-02-2020,138.0841461,140.089388,138.0446409,139.5954895,139.5954895,12639900
DIS,First Wave,04-02-2020,143.7146026,143.8133733,141.5019317,142.9638672,142.9638672,23519700
DIS,First Wave,05-02-2020,144.8110565,145.5025114,136.8790472,139.6448669,139.6448669,27824100
DIS,First Wave,06-02-2020,140.1881529,142.1933797,139.496698,140.9586334,140.9586334,9504600
DIS,First Wave,07-02-2020,140.1585272,140.2573129,138.4101221,139.2991486,139.2991486,10948900
DIS,First Wave,10-02-2020,139.3090146,140.8499756,138.7459782,140.8499756,140.8499756,8162100
DIS,First Wave,11-02-2020,141.1068189,141.2451099,138.7459845,139.2892609,139.2892609,10790100
DIS,First Wave,12-02-2020,139.6152324,140.4844986,139.1509666,140.1190186,140.1190186,8168200
DIS,First Wave,13-02-2020,139.4473125,140.1684001,139.1015925,139.180603,139.180603,7543100
DIS,First Wave,14-02-2020,139.3781802,139.5559764,137.4322186,137.837204,137.837204,9110500
DIS,First Wave,18-02-2020,137.3235621,137.9557516,136.4147905,137.4420929,137.4420929,8214900
DIS,First Wave,19-02-2020,137.9261101,140.1387659,137.5309822,139.5757294,139.5757294,7080900
DIS,First Wave,20-02-2020,139.901708,139.901708,137.1556332,138.657074,138.657074,5981700
DIS,First Wave,21-02-2020,138.1532934,138.1730536,136.8889144,137.2741547,137.2741547,7725800
DIS,First Wave,24-02-2020,131.2782283,132.7994443,129.6088639,131.3868866,131.3868866,19336500
DIS,First Wave,25-02-2020,132.1178589,132.3055427,126.4182731,126.6257095,126.6257095,21032500
DIS,First Wave,26-02-2020,124.5809745,126.8035105,120.6396586,121.8546524,121.8546524,31195900
DIS,First Wave,27-02-2020,118.3479688,121.4002658,116.4810329,116.5995712,116.5995712,30827500
DIS,First Wave,28-02-2020,113.1126502,116.8662748,111.828511,116.2143326,116.2143326,35389900
DIS,First Wave,02-03-2020,117.6762661,118.5158997,114.6140966,118.5158997,118.5158997,21775900
DIS,First Wave,03-03-2020,119.6716197,120.2939291,113.7448371,115.0289688,115.0289688,19529700
DIS,First Wave,04-03-2020,117.508338,117.78492,114.0708085,117.7256546,117.7256546,13842100
DIS,First Wave,05-03-2020,115.4339798,115.532758,110.7419431,112.5891266,112.5891266,22397200
DIS,First Wave,06-03-2020,109.4084058,114.4560494,108.9737727,113.8633652,113.8633652,22899600
DIS,First Wave,09-03-2020,107.3636652,109.08243,103.0074765,103.076622,103.076622,26233600
DIS,First Wave,10-03-2020,106.7808698,110.2184071,101.1800618,110.0998688,110.0998688,24083700
DIS,First Wave,11-03-2020,107.0969666,107.5711126,101.6048168,104.2224808,104.2224808,24771300
DIS,First Wave,12-03-2020,96.42874979,98.77970403,90.52172017,90.68964386,90.68964386,40392900
DIS,First Wave,13-03-2020,99.55018664,101.6146864,91.12427891,101.2689514,101.2689514,40960100
DIS,First Wave,16-03-2020,90.6797809,97.08070217,88.90174302,93.85060883,93.85060883,35379500
DIS,First Wave,17-03-2020,94.63096795,96.27070726,90.03770979,92.38866425,92.38866425,27526200
DIS,First Wave,18-03-2020,86.52114377,88.24978869,78.10511586,87.71638489,87.71638489,43592500
DIS,First Wave,19-03-2020,86.92614902,96.21144372,84.07141587,93.77158356,93.77158356,30866800
DIS,First Wave,20-03-2020,94.81864533,95.80644247,84.79250286,84.93080139,84.93080139,31957800
DIS,First Wave,23-03-2020,83.4589716,86.21492631,80.10046008,84.71347809,84.71347809,32246600
DIS,First Wave,24-03-2020,91.20330714,97.95983562,90.67977589,96.9226532,96.9226532,32538100
DIS,First Wave,25-03-2020,99.43165559,104.6274627,94.34449923,99.50080109,99.50080109,28533000
DIS,First Wave,26-03-2020,99.59959033,106.4153923,99.56995762,104.0743103,104.0743103,24520300
DIS,First Wave,27-03-2020,99.22421411,100.251524,94.37413435,95.22364044,95.22364044,30591500
DIS,First Wave,30-03-2020,94.82852134,99.23409549,90.97611115,98.58215332,98.58215332,23119200
DIS,First Wave,31-03-2020,98.99702411,101.9011499,94.9865704,95.42119598,95.42119598,21563200
DIS,First Wave,01-04-2020,92.35902583,96.21143591,91.43049418,93.76169586,93.76169586,18303900
DIS,First Wave,02-04-2020,93.05048005,96.07314418,93.05048005,95.78668213,95.78668213,13936500
DIS,First Wave,03-04-2020,95.13473754,95.73729439,91.57866945,92.73439026,92.73439026,14814600
DIS,First Wave,06-04-2020,96.07314866,98.96739448,93.36657916,98.36483765,98.36483765,20407400
DIS,First Wave,07-04-2020,103.580398,104.5978277,99.02665305,100.00457,100.00457,22899600
DIS,First Wave,08-04-2020,99.30323573,101.101026,97.44617999,99.83664703,99.83664703,22562500
DIS,First Wave,09-04-2020,106.6030566,106.6722021,102.2666281,103.2247925,103.2247925,31453600
DIS,First Wave,13-04-2020,103.4322331,103.5902842,98.39446941,102.2369995,102.2369995,17306000
DIS,First Wave,14-04-2020,104.2125985,106.3264838,102.6321246,104.7361298,104.7361298,19866900
DIS,First Wave,15-04-2020,103.1161312,103.6001496,101.4467518,102.1085815,102.1085815,14157600
DIS,First Wave,16-04-2020,102.2666306,102.4543145,99.65884694,100.7750549,100.7750549,18029300
DIS,First Wave,17-04-2020,104.913931,105.4868552,103.0766278,105.328804,105.328804,17926900
DIS,First Wave,20-04-2020,102.3160226,103.5804016,100.7553014,101.0121307,101.0121307,17021000
DIS,First Wave,21-04-2020,98.78958674,100.2712823,97.9203205,99.31311798,99.31311798,16101400
DIS,First Wave,22-04-2020,100.5577502,101.3776161,99.65885119,99.75762939,99.75762939,11463800
DIS,First Wave,23-04-2020,99.42177437,101.2788301,98.24629347,99.76750183,99.76750183,17132200
DIS,First Wave,24-04-2020,100.5379816,100.6762726,98.30555815,99.95518494,99.95518494,13614100
DIS,First Wave,27-04-2020,100.7553083,105.2201481,100.3700681,104.7657623,104.7657623,15518300
DIS,First Wave,28-04-2020,107.4624512,108.7169503,104.6867437,104.9139328,104.9139328,16503700
DIS,First Wave,29-04-2020,108.5984172,111.3247318,107.2352524,110.8802261,110.8802261,20139800
DIS,First Wave,30-04-2020,108.1045204,108.9638991,105.556002,106.8302612,106.8302612,18638700
DIS,First Wave,01-05-2020,105.0620992,105.6053906,103.1951633,104.2125931,104.2125931,13209100
DIS,First Wave,04-05-2020,100.7651777,102.562968,99.32299495,101.9208984,101.9208984,19514800
DIS,First Wave,05-05-2020,100.2712878,103.8965014,99.66873098,99.8267746,99.8267746,30169800
DIS,First Wave,06-05-2020,100.2416482,103.9853924,97.6536172,99.64896393,99.64896393,51992400
DIS,First Wave,07-05-2020,100.6071319,104.3212511,100.5873793,104.2817383,104.2817383,20868800
DIS,First Wave,08-05-2020,107.7192836,107.8476945,105.3288087,107.8279419,107.8279419,24079700
DIS,First Wave,11-05-2020,107.077212,107.482205,105.1114978,106.454895,106.454895,20555900
DIS,First Wave,12-05-2020,107.7291523,108.1045201,103.2149197,103.2840652,103.2840652,17049700
DIS,First Wave,13-05-2020,103.224799,103.2643118,100.3601859,101.6640778,101.6640778,21085800
DIS,First Wave,14-05-2020,100.7355564,104.627472,98.44386732,104.6175995,104.6175995,22002200
DIS,First Wave,15-05-2020,103.6989499,108.0452514,102.9976073,107.7192841,107.7192841,29766000
DIS,First Wave,18-05-2020,113.0731407,118.3183411,113.0731407,115.4240952,115.4240952,40044600
DIS,First Wave,19-05-2020,113.6954529,115.0487378,112.0359534,112.9743652,112.9743652,20332600
DIS,First Wave,20-05-2020,114.999337,119.3950387,114.6239768,118.4566269,118.4566269,25749900
DIS,First Wave,21-05-2020,117.8837038,118.8319957,115.0783637,116.3921356,116.3921356,17578300
DIS,First Wave,22-05-2020,116.0661599,117.1231025,115.4043377,116.5798111,116.5798111,9288200
DIS,First Wave,26-05-2020,119.5728458,121.0150287,118.9604089,119.4740601,119.4740601,16466400
DIS,First Wave,27-05-2020,122.1707471,122.2695253,118.2491914,120.0469818,120.0469818,19345400
DIS,First Wave,28-05-2020,120.1161241,120.4914918,114.5844619,115.3253098,115.3253098,18606000
DIS,First Wave,29-05-2020,114.7721511,116.3131123,112.7274114,115.8686066,115.8686066,17745100
DIS,First Wave,01-06-2020,115.8290877,118.1899221,115.5031128,117.3206558,117.3206558,10538300
DIS,First Wave,02-06-2020,117.5478602,118.3874863,116.3921394,117.3009109,117.3009109,10753100
DIS,First Wave,03-06-2020,118.5257707,120.9557507,117.8639485,120.6890488,120.6890488,12584300
DIS,First Wave,04-06-2020,120.4618535,122.9807392,120.3630753,122.1806259,122.1806259,14195100
DIS,First Wave,05-06-2020,124.7686525,126.2602282,122.7634255,123.2968369,123.2968369,16581600
DIS,First Wave,08-06-2020,123.5734163,125.8848654,122.4275756,125.7268143,125.7268143,13858100
DIS,First Wave,09-06-2020,124.0969463,124.2549974,122.0028213,122.3781815,122.3781815,10882800
DIS,First Wave,10-06-2020,122.5065918,122.5856174,119.4543024,120.6890488,120.6890488,11497100
DIS,First Wave,11-06-2020,116.1649375,116.5600578,110.8802245,111.2654648,111.2654648,26078800
DIS,First Wave,12-06-2020,113.7645937,115.5722643,111.5124174,114.0806885,114.0806885,18361900
DIS,First Wave,15-06-2020,110.7123052,116.6786008,110.3468175,115.6512909,115.6512909,14156400
DIS,First Wave,16-06-2020,119.7605251,120.0173545,114.633863,116.9946976,116.9946976,12951200
DIS,First Wave,17-06-2020,117.1922496,117.7750538,115.7105539,116.2143326,116.2143326,8921600
DIS,First Wave,18-06-2020,115.4537216,117.0835884,114.5153174,116.9255447,116.9255447,9577300
DIS,First Wave,19-06-2020,118.5159,118.654191,112.9545975,112.9545975,112.9545975,23496300
DIS,First Wave,22-06-2020,112.7965625,114.7721568,111.7297397,114.5054474,114.5054474,12868000
DIS,First Wave,23-06-2020,115.5327469,116.0167653,114.5548298,115.1672592,115.1672592,10187600
DIS,First Wave,24-06-2020,114.436295,114.5844661,108.6873161,110.7024231,110.7024231,22252500
DIS,First Wave,25-06-2020,107.660009,110.1492621,107.1759906,110.001091,110.001091,17240400
DIS,First Wave,26-06-2020,109.5960846,109.8430339,106.7018388,107.7686615,107.7686615,15270900
DIS,First Wave,29-06-2020,107.6698884,110.2085268,106.7808695,110.1591339,110.1591339,12584300
LYV,First Wave,02-01-2020,72,72.45999908,71.12999725,71.88999939,71.88999939,1334800
LYV,First Wave,03-01-2020,70.72000122,72.09999847,70.72000122,71.63999939,71.63999939,687100
LYV,First Wave,06-01-2020,71.22000122,71.79000092,71.05000305,71.73999786,71.73999786,914800
LYV,First Wave,07-01-2020,71.63999939,71.90000153,70.87000275,70.91000366,70.91000366,890600
LYV,First Wave,08-01-2020,71.16999817,72.25,70.93000031,71.69000244,71.69000244,1391700
LYV,First Wave,09-01-2020,72.20999908,72.44999695,71.73000336,71.98000336,71.98000336,1408400
LYV,First Wave,10-01-2020,72.08999634,72.08999634,70.98000336,71.27999878,71.27999878,657600
LYV,First Wave,13-01-2020,71.27999878,72.62999725,70.97000122,72.36000061,72.36000061,1798900
LYV,First Wave,14-01-2020,72.16999817,72.88999939,71.59999847,72.54000092,72.54000092,1389800
LYV,First Wave,15-01-2020,72.33000183,74.48000336,72.33000183,74.19999695,74.19999695,1931400
LYV,First Wave,16-01-2020,74.20999908,74.69000244,73.63999939,74.66000366,74.66000366,1301500
LYV,First Wave,17-01-2020,74.76999664,76.05999756,74.47000122,75.54000092,75.54000092,1231300
LYV,First Wave,21-01-2020,75.19999695,75.37999725,74.05999756,74.91000366,74.91000366,1368000
LYV,First Wave,22-01-2020,74.97000122,75.83999634,74.52999878,74.65000153,74.65000153,1278200
LYV,First Wave,23-01-2020,74.47000122,74.73999786,73.87000275,74.34999847,74.34999847,891900
LYV,First Wave,24-01-2020,74.65000153,74.65000153,71.69999695,72.01999664,72.01999664,1319000
LYV,First Wave,27-01-2020,70.59999847,71.55999756,70.06999969,70.90000153,70.90000153,1264300
LYV,First Wave,28-01-2020,71.25,72.30999756,70.79000092,72.01000214,72.01000214,942300
LYV,First Wave,29-01-2020,71.51000214,71.93000031,70.23000336,70.56999969,70.56999969,2025300
LYV,First Wave,30-01-2020,70.70999908,70.75,69.18000031,70.65000153,70.65000153,1876200
LYV,First Wave,31-01-2020,70.41000366,70.52999878,68.01000214,68.16000366,68.16000366,1814700
LYV,First Wave,03-02-2020,68.59999847,69.58000183,68.29000092,68.59999847,68.59999847,1626700
LYV,First Wave,04-02-2020,69.83000183,71.36000061,69.06999969,70.98999786,70.98999786,2080800
LYV,First Wave,05-02-2020,71.69999695,71.76999664,70.37999725,70.80999756,70.80999756,1170000
LYV,First Wave,06-02-2020,71.18000031,72.40000153,70.69999695,72.25,72.25,1164300
LYV,First Wave,07-02-2020,72.09999847,72.73999786,71.62000275,72.19000244,72.19000244,953400
LYV,First Wave,10-02-2020,71.98000336,72.91999817,71.97000122,72.88999939,72.88999939,1323900
LYV,First Wave,11-02-2020,73.01000214,74.02999878,72.97000122,73.11000061,73.11000061,833600
LYV,First Wave,12-02-2020,73.44000244,74.23999786,73.23000336,74.09999847,74.09999847,765900
LYV,First Wave,13-02-2020,73.51999664,74.12999725,73.12000275,73.15000153,73.15000153,853600
LYV,First Wave,14-02-2020,73.37000275,74.18000031,72.93000031,74.01999664,74.01999664,965900
LYV,First Wave,18-02-2020,73.72000122,74.91000366,73.51000214,74.12999725,74.12999725,1827700
LYV,First Wave,19-02-2020,74.56999969,76.59999847,74.55999756,76.08000183,76.08000183,1491600
LYV,First Wave,20-02-2020,76.05000305,76.05000305,74.27999878,75.66000366,75.66000366,1306000
LYV,First Wave,21-02-2020,75.48999786,75.76999664,73.73999786,74.19000244,74.19000244,1466000
LYV,First Wave,24-02-2020,71.34999847,72.26999664,68.15000153,68.26000214,68.26000214,4126600
LYV,First Wave,25-02-2020,68.41999817,69.48999786,62.41999817,62.79000092,62.79000092,5181000
LYV,First Wave,26-02-2020,63.36999893,64.62000275,59.04999924,60.75999832,60.75999832,6644800
LYV,First Wave,27-02-2020,59,60.75,56.52999878,57.75,57.75,7752100
LYV,First Wave,28-02-2020,57.5,64.31999969,55.77000046,60.77000046,60.77000046,10008500
LYV,First Wave,02-03-2020,61.09999847,61.09999847,55.31999969,57.95999908,57.95999908,5761600
LYV,First Wave,03-03-2020,57.95999908,61.63000107,55.24000168,57.61000061,57.61000061,7189900
LYV,First Wave,04-03-2020,58.09999847,59.84000015,55.56999969,59.77000046,59.77000046,3712600
LYV,First Wave,05-03-2020,57.52999878,57.97999954,54.25,55.45000076,55.45000076,7273600
LYV,First Wave,06-03-2020,52.95999908,56.43999863,50.86999893,53,53,7839700
LYV,First Wave,09-03-2020,48.29000092,50.22999954,46.00999832,47.25999832,47.25999832,7105200
LYV,First Wave,10-03-2020,49.18999863,50.72999954,44.59000015,50.36000061,50.36000061,7168400
LYV,First Wave,11-03-2020,48.02000046,48.34000015,40.90000153,42.00999832,42.00999832,9184500
LYV,First Wave,12-03-2020,37.13999939,42.13000107,31.79999924,36.20000076,36.20000076,15789800
LYV,First Wave,13-03-2020,42.08000183,43.63000107,37.77000046,42.84999847,42.84999847,9856000
LYV,First Wave,16-03-2020,35,39.22999954,34.84999847,36.31000137,36.31000137,9548800
LYV,First Wave,17-03-2020,37,37.5,32.11000061,33.91999817,33.91999817,7113900
LYV,First Wave,18-03-2020,31.75,32.29999924,21.70000076,29.5,29.5,14709300
LYV,First Wave,19-03-2020,29.03000069,37.33000183,27.51000023,32.91999817,32.91999817,10497700
LYV,First Wave,20-03-2020,34.5,36.91999817,32.31000137,33.97000122,33.97000122,7341400
LYV,First Wave,23-03-2020,33.56999969,39.31000137,33,37.33000183,37.33000183,6333400
LYV,First Wave,24-03-2020,41.24000168,43.49000168,40.52999878,42.93999863,42.93999863,6404900
LYV,First Wave,25-03-2020,44.02000046,46.63999939,40.58000183,45.90000153,45.90000153,7807500
LYV,First Wave,26-03-2020,46,46.77000046,43.61999893,45.93999863,45.93999863,7112100
LYV,First Wave,27-03-2020,43.84999847,48.65000153,42.74000168,47.15000153,47.15000153,12341800
LYV,First Wave,30-03-2020,44.97999954,46.41999817,44.11000061,45.22999954,45.22999954,9283300
LYV,First Wave,31-03-2020,44.43000031,47.61999893,43.27000046,45.45999908,45.45999908,7536600
LYV,First Wave,01-04-2020,42.29000092,43.56999969,37.75999832,38.88000107,38.88000107,11750100
LYV,First Wave,02-04-2020,37.95000076,38.77000046,33.33000183,33.95000076,33.95000076,6116000
LYV,First Wave,03-04-2020,33.70000076,34.09999847,28.5,33.56999969,33.56999969,10848800
LYV,First Wave,06-04-2020,36.81000137,38.15999985,33.04999924,34.50999832,34.50999832,7803800
LYV,First Wave,07-04-2020,37.16999817,39.81000137,35.95999908,37.84999847,37.84999847,8619800
LYV,First Wave,08-04-2020,38.13999939,39.45000076,36.72000122,37.75999832,37.75999832,5020100
LYV,First Wave,09-04-2020,40.84000015,40.88000107,37.86000061,38.27000046,38.27000046,6288300
LYV,First Wave,13-04-2020,38.54999924,40.02000046,36.13999939,39.40999985,39.40999985,6211300
LYV,First Wave,14-04-2020,39.66999817,42.41999817,39.66999817,41.95999908,41.95999908,6017900
LYV,First Wave,15-04-2020,39.34999847,40.63000107,37.99000168,38.47000122,38.47000122,4396600
LYV,First Wave,16-04-2020,37.75,37.97000122,35.79999924,36.40000153,36.40000153,7796100
LYV,First Wave,17-04-2020,40.86000061,40.86999893,37.02000046,38.34999847,38.34999847,7748200
LYV,First Wave,20-04-2020,37.15999985,38.66999817,36.16999817,36.65999985,36.65999985,3326200
LYV,First Wave,21-04-2020,36,37.43999863,35.25,36.47000122,36.47000122,3746200
LYV,First Wave,22-04-2020,37.22999954,37.47999954,36.11000061,36.34999847,36.34999847,2811100
LYV,First Wave,23-04-2020,36.50999832,41.45000076,36.47000122,39.45000076,39.45000076,9664300
LYV,First Wave,24-04-2020,39.43999863,40.11999893,37.86000061,38.24000168,38.24000168,5685700
LYV,First Wave,27-04-2020,39.45000076,43.11000061,38.65000153,42.00999832,42.00999832,8553700
LYV,First Wave,28-04-2020,44.13000107,44.56000137,42.11000061,43.63999939,43.63999939,6480200
LYV,First Wave,29-04-2020,46.29999924,47.56000137,45.54000092,46.52999878,46.52999878,6985000
LYV,First Wave,30-04-2020,45.47999954,46.13000107,44.04999924,44.86999893,44.86999893,3126600
LYV,First Wave,01-05-2020,43.5,44.11000061,40.43999863,41.16999817,41.16999817,3400300
LYV,First Wave,04-05-2020,39.56999969,42,38.54000092,41.83000183,41.83000183,3282000
LYV,First Wave,05-05-2020,42.18999863,42.43999863,39.75,40.25,40.25,3305700
LYV,First Wave,06-05-2020,40.68000031,40.68999863,38.20999908,38.49000168,38.49000168,5069600
LYV,First Wave,07-05-2020,39.29999924,40.61000061,38.65999985,39.36999893,39.36999893,12349700
LYV,First Wave,08-05-2020,41.06999969,42.45000076,39.36999893,41.95999908,41.95999908,10711300
LYV,First Wave,11-05-2020,41,42.04000092,39.34000015,40.59000015,40.59000015,3494600
LYV,First Wave,12-05-2020,40.77000046,41.34000015,38.00999832,38.15999985,38.15999985,6862500
LYV,First Wave,13-05-2020,38,38.56000137,36.47000122,37.45000076,37.45000076,4974400
LYV,First Wave,14-05-2020,36.49000168,39.29000092,36.00999832,39.18999863,39.18999863,5668700
LYV,First Wave,15-05-2020,38.90000153,40.08000183,38.59000015,40.06000137,40.06000137,3000700
LYV,First Wave,18-05-2020,43.88000107,47.40999985,43.79999924,46.15000153,46.15000153,9009900
LYV,First Wave,19-05-2020,46.11999893,47.40000153,44.77000046,44.86999893,44.86999893,3142100
LYV,First Wave,20-05-2020,45.61999893,47.86000061,45.40000153,47.72999954,47.72999954,3922200
LYV,First Wave,21-05-2020,47.40999985,48.43000031,44.68999863,45.52999878,45.52999878,3352000
LYV,First Wave,22-05-2020,45.74000168,46.52999878,45.16999817,46.49000168,46.49000168,1860500
LYV,First Wave,26-05-2020,50.15000153,51.13000107,49.06000137,49.68999863,49.68999863,5416300
LYV,First Wave,27-05-2020,51.13999939,52.15999985,49.22999954,51.70000076,51.70000076,4472300
LYV,First Wave,28-05-2020,52.22000122,52.36000061,48.47000122,49.00999832,49.00999832,4001800
LYV,First Wave,29-05-2020,48.33000183,49.59999847,47.70000076,49.15999985,49.15999985,3663500
LYV,First Wave,01-06-2020,48.88999939,51.02999878,48.58000183,50.65999985,50.65999985,2703200
LYV,First Wave,02-06-2020,51.86000061,52.81999969,49.97000122,50.52999878,50.52999878,4273700
LYV,First Wave,03-06-2020,51.38000107,56.11999893,51.38000107,53.90999985,53.90999985,5729200
LYV,First Wave,04-06-2020,54.15000153,55.88999939,52.61000061,53.47000122,53.47000122,3834800
LYV,First Wave,05-06-2020,55.5,58.34000015,55.24000168,56.95999908,56.95999908,6009700
LYV,First Wave,08-06-2020,58.27000046,59.70000076,56.02999878,57.09000015,57.09000015,4609000
LYV,First Wave,09-06-2020,55.81000137,55.88999939,53.33000183,53.41999817,53.41999817,3062500
LYV,First Wave,10-06-2020,54.04000092,54.04000092,50.61000061,52.47999954,52.47999954,3367200
LYV,First Wave,11-06-2020,48.11000061,49.16999817,47,47.74000168,47.74000168,5178900
LYV,First Wave,12-06-2020,50,51.09000015,48,49.11999893,49.11999893,2713700
LYV,First Wave,15-06-2020,47.00999832,49.74000168,46.47999954,49.40000153,49.40000153,2240500
LYV,First Wave,16-06-2020,50.86000061,51.43999863,48.11000061,49.20000076,49.20000076,2945100
LYV,First Wave,17-06-2020,50,50,47.93999863,48,48,2163700
LYV,First Wave,18-06-2020,48,48.56999969,47.54999924,48.31999969,48.31999969,2670800
LYV,First Wave,19-06-2020,49.27999878,49.81999969,45.86999893,46.50999832,46.50999832,4052600
LYV,First Wave,22-06-2020,46.54999924,46.61000061,44.65999985,45.77999878,45.77999878,4073200
LYV,First Wave,23-06-2020,46.5,47.59000015,45.70000076,46.88000107,46.88000107,2642300
LYV,First Wave,24-06-2020,45.88000107,46.25,42.81999969,44.18000031,44.18000031,5341000
LYV,First Wave,25-06-2020,43.41999817,44.58000183,43.15999985,44.16999817,44.16999817,2770500
LYV,First Wave,26-06-2020,44,44.34000015,42.36999893,42.61999893,42.61999893,3732000
LYV,First Wave,29-06-2020,42.77999878,44.99000168,42.20999908,44.29000092,44.29000092,3925400
WBD,First Wave,02-01-2020,32.81999969,32.84000015,32.00999832,32.22000122,32.22000122,3249300
WBD,First Wave,03-01-2020,31.84000015,32.22999954,31.77000046,32.02999878,32.02999878,3599600
WBD,First Wave,06-01-2020,31.82999992,32.08000183,31.56999969,31.95999908,31.95999908,2416900
WBD,First Wave,07-01-2020,31.82999992,32.54000092,31.76000023,32.06999969,32.06999969,3102000
WBD,First Wave,08-01-2020,32.00999832,32.38999939,31.95999908,32.11000061,32.11000061,3674100
WBD,First Wave,09-01-2020,32.20000076,32.56999969,32.02000046,32.25,32.25,6465100
WBD,First Wave,10-01-2020,32.29000092,32.29000092,31.73999977,31.85000038,31.85000038,4092000
WBD,First Wave,13-01-2020,31.75,31.94000053,31.45999908,31.79000092,31.79000092,3618500
WBD,First Wave,14-01-2020,31.78000069,31.98999977,31.64999962,31.89999962,31.89999962,3799500
WBD,First Wave,15-01-2020,31.72999954,32.24000168,31.67000008,32.24000168,32.24000168,3134500
WBD,First Wave,16-01-2020,32.31999969,32.86999893,32.25,32.77000046,32.77000046,4272700
WBD,First Wave,17-01-2020,32.79000092,32.88999939,32.36000061,32.43000031,32.43000031,3296400
WBD,First Wave,21-01-2020,32.31999969,32.38999939,31.85000038,31.96999931,31.96999931,3268200
WBD,First Wave,22-01-2020,32.16999817,32.45999908,31.93000031,32.02999878,32.02999878,2400300
WBD,First Wave,23-01-2020,31.93000031,32.02999878,30.39999962,30.45000076,30.45000076,7597700
WBD,First Wave,24-01-2020,30.42000008,30.42000008,29.89999962,30.31999969,30.31999969,6040900
WBD,First Wave,27-01-2020,30,30.39999962,29.88999939,30.20000076,30.20000076,3653300
WBD,First Wave,28-01-2020,30.35000038,30.76000023,30.23999977,30.52000046,30.52000046,3693000
WBD,First Wave,29-01-2020,30.42000008,30.55999947,29.59000015,29.70000076,29.70000076,5557600
WBD,First Wave,30-01-2020,29.54999924,29.95999908,29.5,29.92000008,29.92000008,3519300
WBD,First Wave,31-01-2020,29.80999947,30.07999992,29.06999969,29.26000023,29.26000023,3863200
WBD,First Wave,03-02-2020,29.40999985,29.94000053,29.11000061,29.14999962,29.14999962,3865000
WBD,First Wave,04-02-2020,29.44000053,29.79999924,29.35000038,29.73999977,29.73999977,4309700
WBD,First Wave,05-02-2020,30.11000061,30.84000015,30.06999969,30.62999916,30.62999916,3434600
WBD,First Wave,06-02-2020,30.80999947,30.87999916,29.90999985,30.04999924,30.04999924,3190800
WBD,First Wave,07-02-2020,29.89999962,30.06999969,29.60000038,29.79000092,29.79000092,2607700
WBD,First Wave,10-02-2020,29.65999985,29.86000061,29.40999985,29.82999992,29.82999992,4993900
WBD,First Wave,11-02-2020,30,30.43000031,29.71999931,30.20999908,30.20999908,4671200
WBD,First Wave,12-02-2020,30.57999992,30.60000038,29.85000038,30.35000038,30.35000038,3582700
WBD,First Wave,13-02-2020,30.23999977,30.51000023,30.02000046,30.32999992,30.32999992,2513800
WBD,First Wave,14-02-2020,30.42000008,30.47999954,30.01000023,30.20999908,30.20999908,3877300
WBD,First Wave,18-02-2020,30.14999962,30.57999992,30.12999916,30.29999924,30.29999924,2385200
WBD,First Wave,19-02-2020,30.29999924,30.77000046,30.11000061,30.47999954,30.47999954,3124400
WBD,First Wave,20-02-2020,29.81999969,30.09000015,29.37999916,29.97999954,29.97999954,5705100
WBD,First Wave,21-02-2020,29.80999947,29.88999939,29.12000084,29.20999908,29.20999908,4574600
WBD,First Wave,24-02-2020,28.51000023,28.65999985,27.95999908,28.30999947,28.30999947,7157200
WBD,First Wave,25-02-2020,28.34000015,28.5,27.04000092,27.42000008,27.42000008,8349800
WBD,First Wave,26-02-2020,27.62999916,28.32999992,26.39999962,26.46999931,26.46999931,6230400
WBD,First Wave,27-02-2020,25.38999939,25.38999939,23.88999939,24.67000008,24.67000008,17025100
WBD,First Wave,28-02-2020,24.13999939,25.89999962,24,25.70000076,25.70000076,12545600
WBD,First Wave,02-03-2020,25.88999939,26.43000031,24.94000053,26.39999962,26.39999962,8373200
WBD,First Wave,03-03-2020,26.17000008,26.93000031,25.62000084,26.23999977,26.23999977,9827100
WBD,First Wave,04-03-2020,26.47999954,26.52000046,25.76000023,26.51000023,26.51000023,6581000
WBD,First Wave,05-03-2020,25.73999977,25.96999931,24.97999954,25.22999954,25.22999954,6480700
WBD,First Wave,06-03-2020,24.34000015,25.55999947,24.25,25.44000053,25.44000053,6481800
WBD,First Wave,09-03-2020,23.94000053,24.78000069,23.60000038,23.64999962,23.64999962,8612200
WBD,First Wave,10-03-2020,24.47999954,25.09000015,23.53000069,25.07999992,25.07999992,6338600
WBD,First Wave,11-03-2020,24.40999985,24.79000092,23.80999947,24.05999947,24.05999947,7673800
WBD,First Wave,12-03-2020,22.61000061,22.77000046,20.87999916,22.28000069,22.28000069,6020300
WBD,First Wave,13-03-2020,23.36000061,24.04000092,20.87999916,22.88999939,22.88999939,6133500
WBD,First Wave,16-03-2020,19.87000084,21.23999977,19.29000092,20.62999916,20.62999916,6406400
WBD,First Wave,17-03-2020,21.15999985,21.60000038,19.75,21.51000023,21.51000023,6561000
WBD,First Wave,18-03-2020,20.11000061,20.80999947,17.70000076,19.87999916,19.87999916,7042400
WBD,First Wave,19-03-2020,19.5,21.77000046,19.23999977,21.21999931,21.21999931,6371600
WBD,First Wave,20-03-2020,21.39999962,21.96999931,18.56999969,18.76000023,18.76000023,6594900
WBD,First Wave,23-03-2020,19.22999954,19.22999954,17.12000084,18.48999977,18.48999977,6725700
WBD,First Wave,24-03-2020,19.45000076,21.10000038,18.85000038,20.03000069,20.03000069,7552300
WBD,First Wave,25-03-2020,20.25,22.20000076,18.79999924,21.05999947,21.05999947,8722100
WBD,First Wave,26-03-2020,21.59000015,22.07999992,20.06999969,20.93000031,20.93000031,6920700
WBD,First Wave,27-03-2020,19.97999954,20.48999977,18.93000031,19.03000069,19.03000069,4376900
WBD,First Wave,30-03-2020,18.79000092,20.17000008,18.10000038,20.01000023,20.01000023,4938100
WBD,First Wave,31-03-2020,20.12000084,20.45999908,19.37000084,19.44000053,19.44000053,4748900
WBD,First Wave,01-04-2020,18.76000023,20.01000023,18.54999924,19.45000076,19.45000076,7346300
WBD,First Wave,02-04-2020,19.18000031,20.04999924,18.45999908,18.68000031,18.68000031,5788700
WBD,First Wave,03-04-2020,18.54999924,18.92000008,17.69000053,18.36000061,18.36000061,4396200
WBD,First Wave,06-04-2020,19.18000031,20.12999916,19,19.64999962,19.64999962,4996400
WBD,First Wave,07-04-2020,20.89999962,21.75,20.52000046,20.67000008,20.67000008,6925000
WBD,First Wave,08-04-2020,20.84000015,22.05999947,20.63999939,21.57999992,21.57999992,5039500
WBD,First Wave,09-04-2020,22.27000046,22.75,21.98999977,22.31999969,22.31999969,4954600
WBD,First Wave,13-04-2020,22,22.29999924,20.88999939,21.98999977,21.98999977,4384700
WBD,First Wave,14-04-2020,22.04999924,22.79000092,22,22.29999924,22.29999924,3237200
WBD,First Wave,15-04-2020,21.32999992,21.56999969,20.93000031,21.35000038,21.35000038,3826200
WBD,First Wave,16-04-2020,21.40999985,21.61000061,20.63999939,21.46999931,21.46999931,3689000
WBD,First Wave,17-04-2020,22.11000061,22.43000031,21.82999992,22.13999939,22.13999939,3620100
WBD,First Wave,20-04-2020,21.52000046,22.31999969,21.45999908,21.70000076,21.70000076,3475600
WBD,First Wave,21-04-2020,21.43000031,21.59000015,20.77000046,20.78000069,20.78000069,3079400
WBD,First Wave,22-04-2020,21.25,21.42000008,20.30999947,20.37000084,20.37000084,3465700
WBD,First Wave,23-04-2020,20.35000038,21.06999969,20.03000069,20.38999939,20.38999939,4573000
WBD,First Wave,24-04-2020,20.5,21.17000008,20.11000061,21.02000046,21.02000046,4155500
WBD,First Wave,27-04-2020,21.20999908,23.01000023,21.20000076,22.75,22.75,3895400
WBD,First Wave,28-04-2020,23.25,23.93000031,22.84000015,23.42000008,23.42000008,5743800
WBD,First Wave,29-04-2020,24.05999947,25.04999924,24.05999947,24.72999954,24.72999954,5105700
WBD,First Wave,30-04-2020,23.79999924,24.35000038,21.86000061,22.42000008,22.42000008,8243700
WBD,First Wave,01-05-2020,22.11000061,22.11000061,21.25,21.67000008,21.67000008,4044500
WBD,First Wave,04-05-2020,21.32999992,21.96999931,20.92000008,21.87000084,21.87000084,5692300
WBD,First Wave,05-05-2020,21.95999908,22.11000061,21.12999916,21.25,21.25,7110500
WBD,First Wave,06-05-2020,21.60000038,21.79000092,20.20000076,20.85000038,20.85000038,11838600
WBD,First Wave,07-05-2020,21.21999931,22.03000069,20.39999962,20.53000069,20.53000069,7390000
WBD,First Wave,08-05-2020,21.03000069,21.51000023,20.79000092,21.09000015,21.09000015,6249500
WBD,First Wave,11-05-2020,20.80999947,20.92000008,19.76000023,20.32999992,20.32999992,7499000
WBD,First Wave,12-05-2020,20.37999916,20.53000069,19.75,19.78000069,19.78000069,6685200
WBD,First Wave,13-05-2020,19.70999908,19.72999954,18.70000076,19.12999916,19.12999916,6004900
WBD,First Wave,14-05-2020,18.87999916,20.55999947,18.55999947,20.54000092,20.54000092,12729100
WBD,First Wave,15-05-2020,20.20000076,20.73999977,19.95999908,20.46999931,20.46999931,4705800
WBD,First Wave,18-05-2020,21.12999916,21.62999916,20.93000031,21.28000069,21.28000069,5497000
WBD,First Wave,19-05-2020,21.14999962,21.48999977,20.70999908,21.04999924,21.04999924,3934500
WBD,First Wave,20-05-2020,21.40999985,21.78000069,21,21.17000008,21.17000008,3251900
WBD,First Wave,21-05-2020,21.06999969,21.29000092,20.61000061,20.67000008,20.67000008,4314300
WBD,First Wave,22-05-2020,20.75,20.95000076,20.20999908,20.29999924,20.29999924,4316600
WBD,First Wave,26-05-2020,21.11000061,22.05999947,20.86000061,21.92000008,21.92000008,5659700
WBD,First Wave,27-05-2020,22.26000023,23.10000038,22.06999969,22.62000084,22.62000084,6310900
WBD,First Wave,28-05-2020,22.82999992,22.92000008,21.87999916,21.96999931,21.96999931,4259200
WBD,First Wave,29-05-2020,21.61000061,21.87000084,21.04000092,21.75,21.75,5733800
WBD,First Wave,01-06-2020,21.80999947,22.22999954,21.71999931,21.95000076,21.95000076,2886800
WBD,First Wave,02-06-2020,22.34000015,22.37000084,21.76000023,21.82999992,21.82999992,4079400
WBD,First Wave,03-06-2020,22.13999939,22.79999924,22.12999916,22.27000046,22.27000046,4604000
WBD,First Wave,04-06-2020,22.22999954,23.12000084,21.80999947,23.09000015,23.09000015,4290800
WBD,First Wave,05-06-2020,24.15999985,24.88999939,23.71999931,24.78000069,24.78000069,8410000
WBD,First Wave,08-06-2020,25.09000015,26.27000046,25.04000092,26.14999962,26.14999962,8251400
WBD,First Wave,09-06-2020,25.29999924,25.53000069,23.51000023,23.87999916,23.87999916,6824500
WBD,First Wave,10-06-2020,23.77000046,23.88999939,22.72999954,23.17000008,23.17000008,4017200
WBD,First Wave,11-06-2020,21.77000046,22.70000076,21.63999939,22.34000015,22.34000015,7020600
WBD,First Wave,12-06-2020,23.18000031,23.21999931,21.37999916,22.06999969,22.06999969,6885900
WBD,First Wave,15-06-2020,21.42000008,23.14999962,21.20999908,22.75,22.75,5444900
WBD,First Wave,16-06-2020,23.53000069,23.69000053,21.44000053,22.26000023,22.26000023,7255200
WBD,First Wave,17-06-2020,22.27000046,22.60000038,21.77000046,22.17000008,22.17000008,3807500
WBD,First Wave,18-06-2020,21.96999931,22.62999916,21.81999969,22.52000046,22.52000046,2855900
WBD,First Wave,19-06-2020,22.34000015,22.95999908,22.04999924,22.14999962,22.14999962,5102800
WBD,First Wave,22-06-2020,21.87999916,21.96999931,21.02000046,21.84000015,21.84000015,6120100
WBD,First Wave,23-06-2020,22.13999939,22.54999924,21.87999916,22.15999985,22.15999985,3504100
WBD,First Wave,24-06-2020,21.92000008,21.92000008,21.09000015,21.71999931,21.71999931,4295300
WBD,First Wave,25-06-2020,21.51000023,21.54000092,20.81999969,21.26000023,21.26000023,4238600
WBD,First Wave,26-06-2020,21.02000046,21.17000008,19.95000076,20.26000023,20.26000023,5675800
WBD,First Wave,29-06-2020,20.31999969,21.29999924,20.12999916,21.22999954,21.22999954,4740900
FOXA,First Wave,02-01-2020,34.67586882,34.73148496,33.90189612,34.36071777,34.36071777,4500700
FOXA,First Wave,03-01-2020,34.00848797,34.27729399,33.94360424,33.98531723,33.98531723,4035800
FOXA,First Wave,06-01-2020,33.98067355,34.07799911,33.7026,33.89725113,33.89725113,2433100
FOXA,First Wave,07-01-2020,33.88799297,34.50438838,33.7396868,34.36071777,34.36071777,3254000
FOXA,First Wave,08-01-2020,34.41633534,34.7685603,34.3329129,34.39779663,34.39779663,3709700
FOXA,First Wave,09-01-2020,34.46267319,34.6341536,34.12434792,34.46267319,34.46267319,3621900
FOXA,First Wave,10-01-2020,34.40706433,34.51829661,33.9621458,34.03630066,34.03630066,2664000
FOXA,First Wave,13-01-2020,34.036289,34.43486237,33.80456046,34.28655624,34.28655624,2674400
FOXA,First Wave,14-01-2020,34.10117221,34.76854799,34.07336239,34.53681946,34.53681946,4530900
FOXA,First Wave,15-01-2020,34.62951682,34.85197426,34.45340086,34.74074554,34.74074554,6165200
FOXA,First Wave,16-01-2020,34.95393973,36.27942755,34.87051729,36.25162125,36.25162125,7362800
FOXA,First Wave,17-01-2020,36.40918948,36.83093714,36.29796076,36.4648056,36.4648056,4785900
FOXA,First Wave,21-01-2020,36.1496539,36.50188228,36.00134777,36.2423439,36.2423439,4104800
FOXA,First Wave,22-01-2020,36.28870177,36.43700794,36.01526017,36.23308563,36.23308563,3920900
FOXA,First Wave,23-01-2020,35.9364722,36.16820081,34.61098431,34.75002289,34.75002289,5845500
FOXA,First Wave,24-01-2020,34.57389952,34.72220566,33.53575659,33.93432999,33.93432999,9289700
FOXA,First Wave,27-01-2020,33.77675627,34.30973271,33.54502769,34.18460083,34.18460083,9909300
FOXA,First Wave,28-01-2020,34.62024547,34.69440031,34.06409834,34.42559433,34.42559433,3268100
FOXA,First Wave,29-01-2020,34.24948579,34.49975309,33.76285434,33.90652847,33.90652847,2596000
FOXA,First Wave,30-01-2020,33.52649197,34.36071634,33.41526323,34.32363892,34.32363892,2956800
FOXA,First Wave,31-01-2020,34.29582883,34.4812124,33.80456539,34.36998367,34.36998367,5283900
FOXA,First Wave,03-02-2020,34.57389881,35.21347187,34.39778638,34.84270477,34.84270477,3371400
FOXA,First Wave,04-02-2020,35.18566179,35.51008388,34.99101066,35.2505455,35.2505455,3331000
FOXA,First Wave,05-02-2020,35.72327658,36.13111758,35.33397075,35.84377289,35.84377289,6335000
FOXA,First Wave,06-02-2020,36.24235445,36.5389668,34.04556814,34.39779663,34.39779663,9336400
FOXA,First Wave,07-02-2020,34.27729487,34.36071731,33.81383766,34.29583359,34.29583359,3634300
FOXA,First Wave,10-02-2020,34.17533248,34.67586709,34.03629744,34.57390594,34.57390594,3212900
FOXA,First Wave,11-02-2020,34.50902227,34.70274704,33.98068135,34.41633224,34.41633224,2550300
FOXA,First Wave,12-02-2020,34.601715,34.94467232,34.50902144,34.91686249,34.91686249,3303300
FOXA,First Wave,13-02-2020,34.78709313,35.47764684,34.72220941,35.22274399,35.22274399,2034800
FOXA,First Wave,14-02-2020,35.29690341,35.32470971,34.74075262,35.03736496,35.03736496,2349600
FOXA,First Wave,18-02-2020,35.00028301,35.21347641,34.71294183,35.01882172,35.01882172,2065400
FOXA,First Wave,19-02-2020,35.1578555,35.48227405,34.85197212,35.2505455,35.2505455,1839300
FOXA,First Wave,20-02-2020,34.9446734,35.13005699,33.67480167,34.32363892,34.32363892,5305700
FOXA,First Wave,21-02-2020,34.02702949,34.85198281,33.13719244,33.35965347,33.35965347,5024200
FOXA,First Wave,24-02-2020,33.04449586,33.04449586,31.9600043,32.15465546,32.15465546,5577600
FOXA,First Wave,25-02-2020,32.26588859,32.44200104,30.61134668,30.78282356,30.78282356,5241300
FOXA,First Wave,26-02-2020,31.10724869,31.30189986,30.03202812,30.39352417,30.39352417,5632300
FOXA,First Wave,27-02-2020,29.8744489,30.48621222,29.04022634,29.0494957,29.0494957,7439900
FOXA,First Wave,28-02-2020,28.03916122,29.36464913,27.95573878,28.49334908,28.49334908,7567100
FOXA,First Wave,02-03-2020,28.48407706,29.79102613,28.13185039,29.76321983,29.76321983,7503700
FOXA,First Wave,03-03-2020,29.33376097,30.46341977,28.62422357,28.93231201,28.93231201,4869200
FOXA,First Wave,04-03-2020,29.24040104,29.47380144,28.40015998,28.876297,28.876297,4338400
FOXA,First Wave,05-03-2020,28.15742391,28.37215184,27.24249477,27.4852314,27.4852314,5392200
FOXA,First Wave,06-03-2020,26.37424286,27.15846828,26.29021858,26.9250679,26.9250679,8403600
FOXA,First Wave,09-03-2020,25.14189243,26.13150967,23.3773859,25.65537262,25.65537262,6988900
FOXA,First Wave,10-03-2020,26.39291946,27.3171849,25.20724492,27.177145,27.177145,4608400
FOXA,First Wave,11-03-2020,26.33690061,26.75702205,25.69271678,25.93545341,25.93545341,5364500
FOXA,First Wave,12-03-2020,24.98317822,25.3006029,23.21867182,24.47903252,24.47903252,7766100
FOXA,First Wave,13-03-2020,25.73005711,26.73834667,22.9665975,24.41367912,24.41367912,6759900
FOXA,First Wave,16-03-2020,22.22905237,23.31203002,21.58766785,22.41577339,22.41577339,9605600
FOXA,First Wave,17-03-2020,22.75186947,23.88152643,21.39814657,23.47074127,23.47074127,7751200
FOXA,First Wave,18-03-2020,22.1450283,23.05995918,20.38985816,20.85665894,20.85665894,7119000
FOXA,First Wave,19-03-2020,20.80998274,22.31308026,19.40024396,21.3047905,21.3047905,6085400
FOXA,First Wave,20-03-2020,21.63155008,22.03299907,19.46559456,19.59629822,19.59629822,8498700
FOXA,First Wave,23-03-2020,19.7270012,19.92305847,18.49464737,18.8587532,18.8587532,8091700
FOXA,First Wave,24-03-2020,19.71766826,20.8659979,19.18551381,20.8099823,20.8099823,6343500
FOXA,First Wave,25-03-2020,20.87533211,23.73215248,20.52056251,22.5371418,22.5371418,7525500
FOXA,First Wave,26-03-2020,22.59315893,23.85351964,22.54647778,23.31203079,23.31203079,5185800
FOXA,First Wave,27-03-2020,22.55581354,22.64917405,20.84732276,21.01537132,21.01537132,6134500
FOXA,First Wave,30-03-2020,20.81931128,22.84522646,20.53923156,22.69585037,22.69585037,5909900
FOXA,First Wave,31-03-2020,23.0506236,23.17199102,21.89295785,22.06100464,22.06100464,5594100
FOXA,First Wave,01-04-2020,21.16474738,21.26744412,20.4925549,20.85665894,20.85665894,4556100
FOXA,First Wave,02-04-2020,20.99670057,21.93963843,20.5439032,21.16474915,21.16474915,4944600
FOXA,First Wave,03-04-2020,21.01537029,21.22076199,20.36184852,20.81931305,20.81931305,4296100
FOXA,First Wave,06-04-2020,21.86494919,23.58184316,21.77158868,23.39605522,23.39605522,4453800
FOXA,First Wave,07-04-2020,24.46969693,25.30993979,23.70414391,23.79750443,23.79750443,4559900
FOXA,First Wave,08-04-2020,24.21762512,24.80579332,23.81617616,24.55372047,24.55372047,4832200
FOXA,First Wave,09-04-2020,24.77778706,25.28193099,23.90020106,24.26430511,24.26430511,5180200
FOXA,First Wave,13-04-2020,24.114929,24.37633809,23.28402416,24.26430511,24.26430511,3468400
FOXA,First Wave,14-04-2020,24.5910664,24.88981863,24.18961743,24.74977875,24.74977875,2735400
FOXA,First Wave,15-04-2020,24.05891262,24.15227313,23.30269407,23.99356079,23.99356079,2454600
FOXA,First Wave,16-04-2020,23.93754361,24.22322546,23.1999993,23.84418488,23.84418488,2594500
FOXA,First Wave,17-04-2020,24.45569064,25.16522798,24.24562995,25.09053993,25.09053993,4006900
FOXA,First Wave,20-04-2020,24.43235526,25.00185284,24.25497045,24.32965851,24.32965851,2551500
FOXA,First Wave,21-04-2020,23.69480699,24.18028023,23.48007905,23.84418488,23.84418488,3155400
FOXA,First Wave,22-04-2020,24.32031774,24.63774238,23.06929162,23.12530899,23.12530899,3965300
FOXA,First Wave,23-04-2020,23.22800219,23.74615125,22.33174569,23.20933151,23.20933151,4201900
FOXA,First Wave,24-04-2020,23.24667971,23.34937645,22.74253576,23.1859951,23.1859951,4955100
FOXA,First Wave,27-04-2020,23.53609294,24.90848829,23.34937371,24.637743,24.637743,3912900
FOXA,First Wave,28-04-2020,25.19790796,26.19686142,24.93649886,25.33794785,25.33794785,5663000
FOXA,First Wave,29-04-2020,26.15951573,26.71967701,26.09883113,26.48627663,26.48627663,5137900
FOXA,First Wave,30-04-2020,25.73005853,26.02881075,23.7134793,24.15227318,24.15227318,6059700
FOXA,First Wave,01-05-2020,23.7414875,24.10559153,23.31669887,23.7414875,23.7414875,2782600
FOXA,First Wave,04-05-2020,23.63878851,23.73214902,22.92551706,23.33536911,23.33536911,4232500
FOXA,First Wave,05-05-2020,23.37738378,23.67613599,22.30374057,22.49979782,22.49979782,4870400
FOXA,First Wave,06-05-2020,22.68651785,23.3447069,22.00498912,23.16265488,23.16265488,5374500
FOXA,First Wave,07-05-2020,24.70309764,25.28193142,23.53609563,23.57344055,23.57344055,8125000
FOXA,First Wave,08-05-2020,24.2456329,24.55372135,23.92820821,24.27364159,24.27364159,6613700
FOXA,First Wave,11-05-2020,23.84418586,24.32965734,23.37738506,23.96555328,23.96555328,4509100
FOXA,First Wave,12-05-2020,24.09625934,24.34833223,23.50342205,23.67147064,23.67147064,3936100
FOXA,First Wave,13-05-2020,23.54542861,23.54542861,22.15903163,22.89190865,22.89190865,4540500
FOXA,First Wave,14-05-2020,22.51847008,24.11492787,22.19170918,24.05891228,24.05891228,4823700
FOXA,First Wave,15-05-2020,23.82551454,24.45102772,23.55943822,24.32965851,24.32965851,3136000
FOXA,First Wave,18-05-2020,25.19790592,25.80007935,24.85714156,25.64603424,25.64603424,4533300
FOXA,First Wave,19-05-2020,25.66470899,26.26221347,25.2072444,25.73939705,25.73939705,4340300
FOXA,First Wave,20-05-2020,26.02880893,26.54229082,25.79540855,25.96345711,25.96345711,3226800
FOXA,First Wave,21-05-2020,25.77673936,26.201528,25.73005822,25.78607559,25.78607559,2945500
FOXA,First Wave,22-05-2020,25.70205337,26.10816957,25.64603599,25.95412445,25.95412445,2656900
FOXA,First Wave,26-05-2020,26.83170793,27.30784493,26.58897132,27.10245323,27.10245323,4499700
FOXA,First Wave,27-05-2020,27.70929455,28.15742287,27.11179012,27.68128586,27.68128586,5280600
FOXA,First Wave,28-05-2020,27.6439436,27.95203206,26.94374241,27.00909424,27.00909424,3400400
FOXA,First Wave,29-05-2020,26.85971596,27.27049934,26.47693948,27.2331562,27.2331562,4180800
FOXA,First Wave,01-06-2020,27.19581588,27.77931693,27.13980028,27.57859421,27.57859421,2467000
FOXA,First Wave,02-06-2020,27.66261691,27.78118508,27.13980047,27.35452843,27.35452843,3560200
FOXA,First Wave,03-06-2020,27.83065894,29.11436095,27.49456363,28.72691727,28.72691727,5762700
FOXA,First Wave,04-06-2020,28.54020035,28.98832868,28.08273578,28.50285721,28.50285721,3668300
FOXA,First Wave,05-06-2020,29.80056639,30.20201363,28.50752782,28.80161285,28.80161285,5592600
FOXA,First Wave,08-06-2020,28.96966009,30.60813021,28.96966009,30.32338142,30.32338142,5503500
FOXA,First Wave,09-06-2020,29.61384042,29.98728068,28.70824756,28.76426315,28.76426315,4999100
FOXA,First Wave,10-06-2020,28.66156628,28.77359746,27.56925247,28.13874817,28.13874817,4328100
FOXA,First Wave,11-06-2020,27.41054645,27.49457075,26.05682328,26.19686317,26.19686317,5890600
FOXA,First Wave,12-06-2020,26.9810883,27.10245752,25.82342243,26.41159248,26.41159248,4221100
FOXA,First Wave,15-06-2020,25.543337,27.76997674,25.30993663,27.34518814,27.34518814,4892900
FOXA,First Wave,16-06-2020,28.14808469,28.44683688,26.11283315,26.4302578,26.4302578,4684400
FOXA,First Wave,17-06-2020,26.40225117,26.62631531,25.96345732,26.20619392,26.20619392,5167600
FOXA,First Wave,18-06-2020,26.16885099,27.11178873,25.87943324,27.07444382,27.07444382,5025900
FOXA,First Wave,19-06-2020,28.14808698,28.14808698,26.33689943,26.43959618,26.43959618,7580100
FOXA,First Wave,22-06-2020,26.17819179,26.33690237,25.7487341,26.24354362,26.24354362,5569000
FOXA,First Wave,23-06-2020,26.57963472,26.93907152,26.3088912,26.38357925,26.38357925,5512500
FOXA,First Wave,24-06-2020,26.09416419,26.21459852,25.11388149,25.56200981,25.56200981,5106400
FOXA,First Wave,25-06-2020,25.19790708,25.30527105,24.66575445,25.14189148,25.14189148,5782100
FOXA,First Wave,26-06-2020,24.90848989,24.96450549,23.77883108,23.99356079,23.99356079,7361000
FOXA,First Wave,29-06-2020,24.15227541,25.14189266,24.02156997,25.11388397,25.11388397,4638000
FWONA,First Wave,02-01-2020,43.18271255,43.41846848,42.53438187,43.24164963,43.24164963,53140
FWONA,First Wave,03-01-2020,42.89783859,43.5068779,42.89783859,43.17288971,43.17288971,39804
FWONA,First Wave,06-01-2020,43.12377167,43.54616928,43.03536224,43.20235825,43.20235825,61996
FWONA,First Wave,07-01-2020,43.08448029,43.3398819,42.48526382,42.50491333,42.50491333,76452
FWONA,First Wave,08-01-2020,42.5638504,42.85854721,41.73870468,42.21021652,42.21021652,70853
FWONA,First Wave,09-01-2020,42.46561813,42.88801575,42.46561813,42.64243698,42.64243698,38277
FWONA,First Wave,10-01-2020,42.5638504,43.01571655,42.50491333,42.58349609,42.58349609,33289
FWONA,First Wave,13-01-2020,42.69155121,42.96660233,42.17092133,42.70137405,42.70137405,41840
FWONA,First Wave,14-01-2020,42.61296844,43.94891739,42.57367325,43.66404724,43.66404724,102207
FWONA,First Wave,15-01-2020,43.82121658,44.29273224,43.69351578,43.86051178,43.86051178,65050
FWONA,First Wave,16-01-2020,43.97838974,44.69548035,43.97838974,44.59725189,44.59725189,147915
FWONA,First Wave,17-01-2020,44.67583466,45.10805511,44.371315,44.86247635,44.86247635,98848
FWONA,First Wave,21-01-2020,44.6856575,45.51080704,44.6856575,45.1473465,45.1473465,121753
FWONA,First Wave,22-01-2020,45.23575592,45.69744492,45.23575592,45.26522446,45.26522446,144352
FWONA,First Wave,23-01-2020,44.97053146,45.26522446,44.33202362,44.64636612,44.64636612,136208
FWONA,First Wave,24-01-2020,44.92141342,44.92141342,43.69351578,44.00785828,44.00785828,151275
FWONA,First Wave,27-01-2020,43.39882278,44.13555908,42.97642517,43.88998032,43.88998032,42349
FWONA,First Wave,28-01-2020,44.11591339,44.538311,43.81139374,43.91944885,43.91944885,49068
FWONA,First Wave,29-01-2020,43.80157089,44.15520477,43.71316147,43.9292717,43.9292717,31660
FWONA,First Wave,30-01-2020,43.25147247,44.44007874,43.25147247,44.23379135,44.23379135,57822
FWONA,First Wave,31-01-2020,44.31237793,44.60707474,43.48722839,43.76227951,43.76227951,53445
FWONA,First Wave,03-02-2020,44.00785828,44.59725189,43.4675827,43.5068779,43.5068779,51918
FWONA,First Wave,04-02-2020,43.89980316,44.44990158,43.31041336,44.19449997,44.19449997,143131
FWONA,First Wave,05-02-2020,44.538311,44.54813385,43.90962601,44.06679916,44.06679916,40211
FWONA,First Wave,06-02-2020,44.17485428,44.5579567,44.07662201,44.13555908,44.13555908,101393
FWONA,First Wave,07-02-2020,44.03732681,44.33202362,43.33005905,43.4675827,43.4675827,32271
FWONA,First Wave,10-02-2020,43.36935043,44.17485428,43.36935043,44.17485428,44.17485428,45810
FWONA,First Wave,11-02-2020,44.26325989,44.50884247,43.84086227,44.35166931,44.35166931,53140
FWONA,First Wave,12-02-2020,44.46954727,44.46954727,43.90962601,43.95874405,43.95874405,113202
FWONA,First Wave,13-02-2020,43.81139374,44.56777954,43.68369293,43.86051178,43.86051178,60367
FWONA,First Wave,14-02-2020,44.04714966,44.15520477,43.44793701,43.5068779,43.5068779,96914
FWONA,First Wave,18-02-2020,43.42829132,43.60510635,42.94695663,43.1925354,43.1925354,133663
FWONA,First Wave,19-02-2020,43.28094482,43.94891739,42.79960632,43.57563782,43.57563782,104243
FWONA,First Wave,20-02-2020,43.6542244,43.6542244,42.92730713,43.39882278,43.39882278,120429
FWONA,First Wave,21-02-2020,43.28094482,43.59528351,42.81925201,42.94695663,42.94695663,185378
FWONA,First Wave,24-02-2020,41.9744606,42.49508667,40.13752365,42.18074799,42.18074799,92027
FWONA,First Wave,25-02-2020,42.36738586,42.36738586,39.78388977,39.78388977,39.78388977,157892
FWONA,First Wave,26-02-2020,39.61689758,40.72691727,36.99410629,37.09233856,37.09233856,258063
FWONA,First Wave,27-02-2020,35.97249603,37.2888031,34.82318115,35.70726776,35.70726776,347138
FWONA,First Wave,28-02-2020,34.82318115,37.09233856,34.82318115,36.82711029,36.82711029,455453
FWONA,First Wave,02-03-2020,36.88605118,37.34774017,34.89194489,35.82514572,35.82514572,267225
FWONA,First Wave,03-03-2020,35.86444092,37.11198425,35,35.65815353,35.65815353,181611
FWONA,First Wave,04-03-2020,36.17878342,36.20825195,35.04911423,36.02161026,36.02161026,153514
FWONA,First Wave,05-03-2020,35.60903549,35.74656296,33.4675827,33.54616928,33.54616928,182833
FWONA,First Wave,06-03-2020,32.53438187,33.74263382,32.53438187,33.31041336,33.31041336,276489
FWONA,First Wave,09-03-2020,31.80746651,32.13162994,28.49705315,28.64440155,28.64440155,363833
FWONA,First Wave,10-03-2020,29.0962677,29.98035431,27.25933266,29.63654137,29.63654137,336449
FWONA,First Wave,11-03-2020,28.8015728,29.03732872,26.62082481,26.88605118,26.88605118,770524
FWONA,First Wave,12-03-2020,25.2946949,26.08054924,22.18074608,23.70334053,23.70334053,563056
FWONA,First Wave,13-03-2020,24.98035431,25.76620865,23.13359451,25.39292717,25.39292717,599398
FWONA,First Wave,16-03-2020,23.18271065,23.29076576,18.41846848,19.27308464,19.27308464,525288
FWONA,First Wave,17-03-2020,19.72495079,20.94302559,17.06286812,18.98821259,18.98821259,519893
FWONA,First Wave,18-03-2020,17.66208267,19.45972443,16.57170868,17.76031494,17.76031494,596446
FWONA,First Wave,19-03-2020,17.25933266,22.19057083,17.01375198,20.56974411,20.56974411,470214
FWONA,First Wave,20-03-2020,20.63850784,23.03536224,20.27504921,20.48133659,20.48133659,429494
FWONA,First Wave,23-03-2020,20.06876183,20.33398819,18.44793701,19.40078545,19.40078545,346934
FWONA,First Wave,24-03-2020,19.86247444,21.96463776,19.86247444,21.73870277,21.73870277,234344
FWONA,First Wave,25-03-2020,21.954813,24.64636421,21.88605118,23.44793701,23.44793701,317820
FWONA,First Wave,26-03-2020,23.76227951,25.70726967,23.76227951,24.75441933,24.75441933,230068
FWONA,First Wave,27-03-2020,23.58546257,25.4616909,23.18271065,25.19646454,25.19646454,202277
FWONA,First Wave,30-03-2020,25.81532478,25.81532478,23.67387009,24.52848625,24.52848625,170719
FWONA,First Wave,31-03-2020,24.62671852,25.77603149,24.04715157,25.36345863,25.36345863,288501
FWONA,First Wave,01-04-2020,24.32220078,24.33202362,21.98428345,22.64243507,22.64243507,166748
FWONA,First Wave,02-04-2020,22.46561813,23.45775986,21.61100197,22.79960632,22.79960632,228236
FWONA,First Wave,03-04-2020,22.78978348,23.03536224,19.52848625,20.24558067,20.24558067,164814
FWONA,First Wave,06-04-2020,21.35559845,22.36738777,21.03143311,21.28683662,21.28683662,191995
FWONA,First Wave,07-04-2020,22.29862595,22.39685631,20.51080513,20.62868309,20.62868309,275369
FWONA,First Wave,08-04-2020,21.09037209,22.19057083,20.51080513,21.92534447,21.92534447,146694
FWONA,First Wave,09-04-2020,22.63261223,23.51669884,22.42632675,23.35952759,23.35952759,219786
FWONA,First Wave,13-04-2020,22.10216141,22.95677757,21.63064766,22.78978348,22.78978348,118088
FWONA,First Wave,14-04-2020,23.26129723,23.60510826,22.80942917,23.3398819,23.3398819,196576
FWONA,First Wave,15-04-2020,22.70137405,22.70137405,22.01375198,22.1414547,22.1414547,95997
FWONA,First Wave,16-04-2020,22.15127754,22.15127754,20.79567719,20.91355515,20.91355515,344491
FWONA,First Wave,17-04-2020,21.48330116,23.55599213,21.48330116,23.27112007,23.27112007,329119
FWONA,First Wave,20-04-2020,22.63261223,23.91945076,22.44597244,23.42829132,23.42829132,185785
FWONA,First Wave,21-04-2020,22.53438187,23.79174805,22.22986221,23.42829132,23.42829132,119513
FWONA,First Wave,22-04-2020,23.73280907,23.99803543,22.99607086,23.43811417,23.43811417,101189
FWONA,First Wave,23-04-2020,23.7819252,27.34774017,23.7819252,25.57956886,25.57956886,1068187
FWONA,First Wave,24-04-2020,26.2180748,26.2180748,24.87229919,25.58939171,25.58939171,342150
FWONA,First Wave,27-04-2020,25.63850784,27.86836815,25.54027557,27.52455711,27.52455711,203295
FWONA,First Wave,28-04-2020,28.1728878,29.0766201,27.24950981,27.77013779,27.77013779,124196
FWONA,First Wave,29-04-2020,28.88998032,30.02947044,28.73280907,29.82318306,29.82318306,134274
FWONA,First Wave,30-04-2020,29.45972443,29.84282875,28.13359451,29.71512794,29.71512794,170820
FWONA,First Wave,01-05-2020,29.25343895,29.43025589,27.78978348,28.74263382,28.74263382,135292
FWONA,First Wave,04-05-2020,28.13359451,29.31237793,28.01571655,29.23379135,29.23379135,148628
FWONA,First Wave,05-05-2020,29.78388977,29.98035431,28.73280907,29.11591339,29.11591339,135190
FWONA,First Wave,06-05-2020,29.23379135,29.79371262,28.28094292,29.0766201,29.0766201,85817
FWONA,First Wave,07-05-2020,29.8526516,30.25540352,28.09430313,28.15324211,28.15324211,98441
FWONA,First Wave,08-05-2020,28.7819252,29.41060829,28.32023621,28.72298622,28.72298622,141197
FWONA,First Wave,11-05-2020,28.15324211,28.68369484,27.57367325,27.8585453,27.8585453,95794
FWONA,First Wave,12-05-2020,27.97642326,28.79174805,27.32809448,27.47544289,27.47544289,72889
FWONA,First Wave,13-05-2020,27.30844879,27.51473427,25.70726967,26.22789764,26.22789764,157179
FWONA,First Wave,14-05-2020,25.72691536,27.81925392,25.54027557,27.76031494,27.76031494,121753
FWONA,First Wave,15-05-2020,27.61296654,28.26129723,27.25933266,28.12377167,28.12377167,92129
FWONA,First Wave,18-05-2020,29.25343895,31.06090355,29.25343895,30.55009842,30.55009842,105974
FWONA,First Wave,19-05-2020,30.7367382,31.57170868,30.25540352,30.61886024,30.61886024,90093
FWONA,First Wave,20-05-2020,31.22789764,31.64047241,30.4420433,30.67779922,30.67779922,68104
FWONA,First Wave,21-05-2020,30.67779922,30.67779922,29.79371262,29.79371262,29.79371262,55481
FWONA,First Wave,22-05-2020,29.90176773,30.47151375,29.54813385,30.39292717,30.39292717,41636
FWONA,First Wave,26-05-2020,31.63064766,32.44597244,31.0510807,31.17878151,31.17878151,175707
FWONA,First Wave,27-05-2020,33.93909454,34.63654327,31.74852753,33.93909454,33.93909454,917218
FWONA,First Wave,28-05-2020,35.00982285,35.84479523,32.90766144,33.0255394,33.0255394,570589
FWONA,First Wave,29-05-2020,33.44793701,34.0962677,32.7111969,33.22200394,33.22200394,240044
FWONA,First Wave,01-06-2020,34.56777954,34.57760239,33.34970474,33.69351578,33.69351578,215307
FWONA,First Wave,02-06-2020,33.85068893,34.60707474,33.79174805,34.0569725,34.0569725,221211
FWONA,First Wave,03-06-2020,34.46954727,35.461689,34.42043304,34.70530319,34.70530319,453315
FWONA,First Wave,04-06-2020,34.48919296,35.16699219,34.20432281,34.44990158,34.44990158,224978
FWONA,First Wave,05-06-2020,35.92337799,36.14931107,34.32220078,34.7249527,34.7249527,281477
FWONA,First Wave,08-06-2020,36.03143311,36.62082672,35.15716934,36.09037399,36.09037399,208181
FWONA,First Wave,09-06-2020,35.52062988,35.52062988,34.21414566,34.25343704,34.25343704,168479
FWONA,First Wave,10-06-2020,34.33202362,34.84283066,33.12377167,34.35166931,34.35166931,229050
FWONA,First Wave,11-06-2020,33.84086227,33.84086227,31.35559845,31.46365356,31.46365356,224062
FWONA,First Wave,12-06-2020,32.20039368,33.6149292,31.96463776,33.20235825,33.20235825,307131
FWONA,First Wave,15-06-2020,32.20039368,33.69351578,31.96463776,33.22200394,33.22200394,397834
FWONA,First Wave,16-06-2020,34.26325989,34.32220078,32.51473618,33.01571655,33.01571655,180593
FWONA,First Wave,17-06-2020,33.26129532,33.88015747,32.17092133,32.29862595,32.29862595,130508
FWONA,First Wave,18-06-2020,32.22003937,33.1925354,31.40471458,31.52259254,31.52259254,211133
FWONA,First Wave,19-06-2020,32.15127563,32.15127563,30.30451965,30.62868309,30.62868309,222637
FWONA,First Wave,22-06-2020,30.4616909,30.64833069,29.22396851,29.56777954,29.56777954,170108
FWONA,First Wave,23-06-2020,29.88212204,29.97052956,29.2632618,29.79371262,29.79371262,181306
FWONA,First Wave,24-06-2020,29.22396851,29.22396851,27.75049019,28.75245667,28.75245667,303873
FWONA,First Wave,25-06-2020,28.25147247,28.68369484,27.88801575,28.45775986,28.45775986,178659
FWONA,First Wave,26-06-2020,27.1218071,28.38899803,27.10216141,28.045187,28.045187,618639
FWONA,First Wave,29-06-2020,26.81728935,29.25343895,26.81728935,29.18467522,29.18467522,710564
WMG,First Wave,02-01-2020,,,,,,
WMG,First Wave,03-01-2020,,,,,,
WMG,First Wave,06-01-2020,,,,,,
WMG,First Wave,07-01-2020,,,,,,
WMG,First Wave,08-01-2020,,,,,,
WMG,First Wave,09-01-2020,,,,,,
WMG,First Wave,10-01-2020,,,,,,
WMG,First Wave,13-01-2020,,,,,,
WMG,First Wave,14-01-2020,,,,,,
WMG,First Wave,15-01-2020,,,,,,
WMG,First Wave,16-01-2020,,,,,,
WMG,First Wave,17-01-2020,,,,,,
WMG,First Wave,21-01-2020,,,,,,
WMG,First Wave,22-01-2020,,,,,,
WMG,First Wave,23-01-2020,,,,,,
WMG,First Wave,24-01-2020,,,,,,
WMG,First Wave,27-01-2020,,,,,,
WMG,First Wave,28-01-2020,,,,,,
WMG,First Wave,29-01-2020,,,,,,
WMG,First Wave,30-01-2020,,,,,,
WMG,First Wave,31-01-2020,,,,,,
WMG,First Wave,03-02-2020,,,,,,
WMG,First Wave,04-02-2020,,,,,,
WMG,First Wave,05-02-2020,,,,,,
WMG,First Wave,06-02-2020,,,,,,
WMG,First Wave,07-02-2020,,,,,,
WMG,First Wave,10-02-2020,,,,,,
WMG,First Wave,11-02-2020,,,,,,
WMG,First Wave,12-02-2020,,,,,,
WMG,First Wave,13-02-2020,,,,,,
WMG,First Wave,14-02-2020,,,,,,
WMG,First Wave,18-02-2020,,,,,,
WMG,First Wave,19-02-2020,,,,,,
WMG,First Wave,20-02-2020,,,,,,
WMG,First Wave,21-02-2020,,,,,,
WMG,First Wave,24-02-2020,,,,,,
WMG,First Wave,25-02-2020,,,,,,
WMG,First Wave,26-02-2020,,,,,,
WMG,First Wave,27-02-2020,,,,,,
WMG,First Wave,28-02-2020,,,,,,
WMG,First Wave,02-03-2020,,,,,,
WMG,First Wave,03-03-2020,,,,,,
WMG,First Wave,04-03-2020,,,,,,
WMG,First Wave,05-03-2020,,,,,,
WMG,First Wave,06-03-2020,,,,,,
WMG,First Wave,09-03-2020,,,,,,
WMG,First Wave,10-03-2020,,,,,,
WMG,First Wave,11-03-2020,,,,,,
WMG,First Wave,12-03-2020,,,,,,
WMG,First Wave,13-03-2020,,,,,,
WMG,First Wave,16-03-2020,,,,,,
WMG,First Wave,17-03-2020,,,,,,
WMG,First Wave,18-03-2020,,,,,,
WMG,First Wave,19-03-2020,,,,,,
WMG,First Wave,20-03-2020,,,,,,
WMG,First Wave,23-03-2020,,,,,,
WMG,First Wave,24-03-2020,,,,,,
WMG,First Wave,25-03-2020,,,,,,
WMG,First Wave,26-03-2020,,,,,,
WMG,First Wave,27-03-2020,,,,,,
WMG,First Wave,30-03-2020,,,,,,
WMG,First Wave,31-03-2020,,,,,,
WMG,First Wave,01-04-2020,,,,,,
WMG,First Wave,02-04-2020,,,,,,
WMG,First Wave,03-04-2020,,,,,,
WMG,First Wave,06-04-2020,,,,,,
WMG,First Wave,07-04-2020,,,,,,
WMG,First Wave,08-04-2020,,,,,,
WMG,First Wave,09-04-2020,,,,,,
WMG,First Wave,13-04-2020,,,,,,
WMG,First Wave,14-04-2020,,,,,,
WMG,First Wave,15-04-2020,,,,,,
WMG,First Wave,16-04-2020,,,,,,
WMG,First Wave,17-04-2020,,,,,,
WMG,First Wave,20-04-2020,,,,,,
WMG,First Wave,21-04-2020,,,,,,
WMG,First Wave,22-04-2020,,,,,,
WMG,First Wave,23-04-2020,,,,,,
WMG,First Wave,24-04-2020,,,,,,
WMG,First Wave,27-04-2020,,,,,,
WMG,First Wave,28-04-2020,,,,,,
WMG,First Wave,29-04-2020,,,,,,
WMG,First Wave,30-04-2020,,,,,,
WMG,First Wave,01-05-2020,,,,,,
WMG,First Wave,04-05-2020,,,,,,
WMG,First Wave,05-05-2020,,,,,,
WMG,First Wave,06-05-2020,,,,,,
WMG,First Wave,07-05-2020,,,,,,
WMG,First Wave,08-05-2020,,,,,,
WMG,First Wave,11-05-2020,,,,,,
WMG,First Wave,12-05-2020,,,,,,
WMG,First Wave,13-05-2020,,,,,,
WMG,First Wave,14-05-2020,,,,,,
WMG,First Wave,15-05-2020,,,,,,
WMG,First Wave,18-05-2020,,,,,,
WMG,First Wave,19-05-2020,,,,,,
WMG,First Wave,20-05-2020,,,,,,
WMG,First Wave,21-05-2020,,,,,,
WMG,First Wave,22-05-2020,,,,,,
WMG,First Wave,26-05-2020,,,,,,
WMG,First Wave,27-05-2020,,,,,,
WMG,First Wave,28-05-2020,,,,,,
WMG,First Wave,29-05-2020,,,,,,
WMG,First Wave,01-06-2020,,,,,,
WMG,First Wave,02-06-2020,,,,,,
WMG,First Wave,03-06-2020,24.63532698,28.14814248,24.62620258,27.48207664,27.48207664,34950900
WMG,First Wave,04-06-2020,29.66275673,31.71570063,26.46016579,27.3725853,27.3725853,13099600
WMG,First Wave,05-06-2020,27.82879307,28.14814022,25.54774446,27.31783867,27.31783867,7450200
WMG,First Wave,08-06-2020,26.64264931,29.18829873,26.14081755,28.28500366,28.28500366,4215200
WMG,First Wave,09-06-2020,27.13535743,30.09159659,26.91637695,29.19742584,29.19742584,8371400
WMG,First Wave,10-06-2020,29.28866534,29.9273597,27.89266458,28.33062553,28.33062553,2223000
WMG,First Wave,11-06-2020,26.66089897,27.80142342,26.46016729,27.36346245,27.36346245,3715500
WMG,First Wave,12-06-2020,27.77404927,28.37624599,27.48207532,28.07514763,28.07514763,2375300
WMG,First Wave,15-06-2020,27.36346512,29.63538984,27.21747812,29.27954674,29.27954674,1592400
WMG,First Wave,16-06-2020,29.65363103,29.85436442,28.44011328,29.17917252,29.17917252,2040200
WMG,First Wave,17-06-2020,28.99669378,29.72663046,28.74121568,29.70838165,29.70838165,835900
WMG,First Wave,18-06-2020,29.14267849,30.01860209,28.83245573,29.8543663,29.8543663,936400
WMG,First Wave,19-06-2020,30.01860287,31.02226293,29.47114908,29.98210526,29.98210526,5628900
WMG,First Wave,22-06-2020,29.94560337,30.09159033,28.98756373,29.18829536,29.18829536,1026900
WMG,First Wave,23-06-2020,29.24304364,29.33519959,28.2393836,28.60435104,28.60435104,878400
WMG,First Wave,24-06-2020,28.32150268,29.10618229,28.30325388,28.58610344,28.58610344,594500
WMG,First Wave,25-06-2020,28.21200834,28.90544731,27.48207351,27.92003441,27.92003441,1119900
WMG,First Wave,26-06-2020,27.94741102,28.42186962,27.69193465,27.80142403,27.80142403,509800
WMG,First Wave,29-06-2020,28.23025805,29.38902942,27.82879301,28.67734337,28.67734337,1191100
CMCSA,First Wave,02-01-2020,39.7073922,39.74240833,39.33097706,39.71614456,39.71614456,20170500
CMCSA,First Wave,03-01-2020,39.24343505,39.58483401,39.01583353,39.40100098,39.40100098,20496400
CMCSA,First Wave,06-01-2020,39.0946183,39.278448,38.9983256,39.10337067,39.10337067,17628200
CMCSA,First Wave,07-01-2020,38.91867397,39.58710622,38.89228951,39.51674652,39.51674652,24563700
CMCSA,First Wave,08-01-2020,39.52554187,40.07963921,39.36722835,39.92132568,39.92132568,18097400
CMCSA,First Wave,09-01-2020,39.92132568,40.11482074,39.73662769,40.02686691,40.02686691,14195400
CMCSA,First Wave,10-01-2020,40.1324027,40.1324027,39.5167395,39.56071472,39.56071472,15896200
CMCSA,First Wave,13-01-2020,39.50794465,40.34348737,39.49035725,40.28192139,40.28192139,21789300
CMCSA,First Wave,14-01-2020,40.07962596,40.65131387,40.01805998,40.48420334,40.48420334,16711900
CMCSA,First Wave,15-01-2020,40.51060984,40.94157188,40.46663124,40.70410156,40.70410156,15413500
CMCSA,First Wave,16-01-2020,40.84481042,41.26697861,40.73047551,41.22300339,41.22300339,24424400
CMCSA,First Wave,17-01-2020,41.93542458,41.98819688,41.43409952,41.77711105,41.77711105,27667100
CMCSA,First Wave,21-01-2020,41.75951361,41.75951361,41.15264741,41.6012001,41.6012001,19141600
CMCSA,First Wave,22-01-2020,41.77710319,41.95300745,41.57481446,41.7243309,41.7243309,18251600
CMCSA,First Wave,23-01-2020,40.93276819,41.3197549,40.02686237,40.14999771,40.14999771,37753000
CMCSA,First Wave,24-01-2020,39.49035654,39.63107928,38.88348702,39.21770477,39.21770477,39229300
CMCSA,First Wave,27-01-2020,38.63722551,39.35843,38.52288724,38.6987915,38.6987915,24048800
CMCSA,First Wave,28-01-2020,38.76035511,39.06818504,38.53168192,38.73397064,38.73397064,15875700
CMCSA,First Wave,29-01-2020,38.92746127,38.92746127,37.9511992,38.10071564,38.10071564,21913200
CMCSA,First Wave,30-01-2020,37.70492668,38.86588989,37.55541026,38.82191467,38.82191467,25105100
CMCSA,First Wave,31-01-2020,38.80433744,38.82192821,37.81927812,37.98638535,37.98638535,24008300
CMCSA,First Wave,03-02-2020,38.31180449,38.39096125,37.48505544,37.52023697,37.52023697,26383600
CMCSA,First Wave,04-02-2020,38.25903393,39.15614272,38.15349271,38.94505692,38.94505692,28143200
CMCSA,First Wave,05-02-2020,39.27047706,39.70143897,39.12095726,39.21770477,39.21770477,20332100
CMCSA,First Wave,06-02-2020,39.36722038,39.63107844,38.95384924,39.22649765,39.22649765,15222400
CMCSA,First Wave,07-02-2020,39.15614864,39.44638789,38.9362691,39.34964371,39.34964371,14104200
CMCSA,First Wave,10-02-2020,39.26168704,39.3408438,38.92746922,39.2792778,39.2792778,15016100
CMCSA,First Wave,11-02-2020,39.41999637,39.44638084,39.0154189,39.39361191,39.39361191,11075700
CMCSA,First Wave,12-02-2020,39.56071485,40.58095548,39.49914887,40.47541428,40.47541428,23638000
CMCSA,First Wave,13-02-2020,40.36987747,40.76565789,40.18517614,40.51939392,40.51939392,17913100
CMCSA,First Wave,14-02-2020,40.52818597,40.61613642,40.23794346,40.53697968,40.53697968,15930600
CMCSA,First Wave,18-02-2020,40.58095895,40.80083845,40.29071977,40.58975601,40.58975601,13694500
CMCSA,First Wave,19-02-2020,40.65132559,40.68650376,40.33469855,40.43144608,40.43144608,14814400
CMCSA,First Wave,20-02-2020,40.28191926,40.58975254,40.01806456,40.47541428,40.47541428,12037800
CMCSA,First Wave,21-02-2020,40.24673486,40.8272165,40.15878442,40.29950714,40.29950714,21235400
CMCSA,First Wave,24-02-2020,39.68384737,40.46661778,39.11216274,39.22649765,39.22649765,21720800
CMCSA,First Wave,25-02-2020,39.35842811,39.48156009,37.84565617,37.96878815,37.96878815,22440600
CMCSA,First Wave,26-02-2020,38.85710168,38.85710168,37.10685956,37.13324738,37.13324738,30526000
CMCSA,First Wave,27-02-2020,36.81662062,37.467462,36.05144097,36.1042099,36.1042099,36098100
CMCSA,First Wave,28-02-2020,35.18071739,36.04264456,34.27481499,35.55891037,35.55891037,62186700
CMCSA,First Wave,02-03-2020,35.47976026,37.40590369,34.65301445,37.39710999,37.39710999,40006900
CMCSA,First Wave,03-03-2020,37.00131705,38.21505267,36.14818363,36.44721985,36.44721985,43253400
CMCSA,First Wave,04-03-2020,36.91336935,37.43228507,36.49999484,37.37951279,37.37951279,24996900
CMCSA,First Wave,05-03-2020,36.42963685,36.74626389,35.55011878,35.85795212,35.85795212,25284600
CMCSA,First Wave,06-03-2020,34.22204983,35.70843424,34.15169013,35.50614548,35.50614548,31302100
CMCSA,First Wave,09-03-2020,33.57119686,34.20445083,32.67409155,33.31613922,33.31613922,46926200
CMCSA,First Wave,10-03-2020,33.98457882,34.43313493,32.25192709,34.38915634,34.38915634,48724300
CMCSA,First Wave,11-03-2020,33.24577797,33.85264751,32.87638204,33.34252548,33.34252548,38865100
CMCSA,First Wave,12-03-2020,31.29325441,33.28975747,30.290601,30.73036003,30.73036003,63254500
CMCSA,First Wave,13-03-2020,31.864938,34.93445742,30.32578144,34.59144592,34.59144592,66243400
CMCSA,First Wave,16-03-2020,30.4665073,34.29241315,30.3433753,31.69783401,31.69783401,41485700
CMCSA,First Wave,17-03-2020,32.17276825,33.72951207,31.84734419,33.61517715,33.61517715,38934900
CMCSA,First Wave,18-03-2020,31.86493693,32.3222867,29.26156444,31.3812027,31.3812027,42533400
CMCSA,First Wave,19-03-2020,31.34602757,34.57386105,30.43132785,31.60988235,31.60988235,36830400
CMCSA,First Wave,20-03-2020,31.74180398,31.74180398,28.70746629,29.34951401,29.34951401,47309000
CMCSA,First Wave,23-03-2020,29.17361117,30.49288821,27.88951567,30.0531292,30.0531292,38600900
CMCSA,First Wave,24-03-2020,31.10855673,31.10855673,29.49024316,30.46650887,30.46650887,46492800
CMCSA,First Wave,25-03-2020,29.71011721,30.39614354,27.95108287,29.52541924,29.52541924,57834100
CMCSA,First Wave,26-03-2020,29.19120722,32.81482455,29.07687228,32.31349945,32.31349945,38329500
CMCSA,First Wave,27-03-2020,31.3020426,31.47794686,30.2642112,30.40493393,30.40493393,27910400
CMCSA,First Wave,30-03-2020,30.55444822,31.33721848,30.3873377,31.21408653,31.21408653,31400200
CMCSA,First Wave,31-03-2020,30.83343742,31.67442709,30.31998783,30.43507195,30.43507195,27786300
CMCSA,First Wave,01-04-2020,29.35505664,29.88620831,28.37242302,28.69996643,28.69996643,26097200
CMCSA,First Wave,02-04-2020,28.41668313,30.51473983,28.3812755,30.42621231,30.42621231,24683900
CMCSA,First Wave,03-04-2020,30.18719526,30.66523378,29.5763705,30.05440903,30.05440903,19312300
CMCSA,First Wave,06-04-2020,31.3114684,32.22328334,31.06359808,32.07278824,32.07278824,31583200
CMCSA,First Wave,07-04-2020,32.71017127,33.61313173,32.5154141,32.70131683,32.70131683,26379000
CMCSA,First Wave,08-04-2020,32.95804553,33.56001924,32.54197457,33.35641098,33.35641098,26522500
CMCSA,First Wave,09-04-2020,33.18820807,33.68394865,32.57738002,33.63968658,33.63968658,28615800
CMCSA,First Wave,13-04-2020,33.15280617,33.54231722,32.38263513,32.92263794,32.92263794,20237400
CMCSA,First Wave,14-04-2020,33.25017741,34.20625101,32.95804166,34.10002136,34.10002136,21803300
CMCSA,First Wave,15-04-2020,33.44493724,33.68395653,32.53312555,32.89608002,32.89608002,19786300
CMCSA,First Wave,16-04-2020,33.2236138,33.65739017,32.45344302,33.48919296,33.48919296,20973800
CMCSA,First Wave,17-04-2020,34.12658165,34.26822232,33.3564107,33.71051407,33.71051407,28736600
CMCSA,First Wave,20-04-2020,33.35641293,33.8344515,32.86066885,32.94034195,32.94034195,18444500
CMCSA,First Wave,21-04-2020,32.53312335,32.56853436,31.45311109,31.61245728,31.61245728,23004500
CMCSA,First Wave,22-04-2020,32.07278686,32.17901651,31.58589731,31.63015938,31.63015938,20117300
CMCSA,First Wave,23-04-2020,31.71869152,32.32951631,31.69213157,31.94885635,31.94885635,21194200
CMCSA,First Wave,24-04-2020,32.00197383,32.94919654,32.00197383,32.89608002,32.89608002,19188000
CMCSA,First Wave,27-04-2020,33.25903689,33.94953486,33.10854513,33.82559967,33.82559967,21775600
CMCSA,First Wave,28-04-2020,34.19740367,34.58691468,33.56001895,33.71051407,33.71051407,15958700
CMCSA,First Wave,29-04-2020,34.36560194,34.63117778,33.94953097,34.52494812,34.52494812,19110200
CMCSA,First Wave,30-04-2020,32.32066835,33.66625676,31.87804071,33.31215668,33.31215668,33212500
CMCSA,First Wave,01-05-2020,32.87836933,33.20591273,32.559677,32.73672867,32.73672867,19951600
CMCSA,First Wave,04-05-2020,32.88723341,32.9314955,31.7983665,32.06394577,32.06394577,24906000
CMCSA,First Wave,05-05-2020,32.2144256,32.30295312,31.86032566,31.9134388,31.9134388,18784100
CMCSA,First Wave,06-05-2020,32.0639435,32.09935114,31.07245527,31.10786629,31.10786629,20151900
CMCSA,First Wave,07-05-2020,31.49737358,31.7629494,31.31146747,31.49737358,31.49737358,17462400
CMCSA,First Wave,08-05-2020,32.09048955,32.44459285,31.86917582,32.33835983,32.33835983,12979000
CMCSA,First Wave,11-05-2020,32.09935028,32.13476129,31.46196886,32.01082611,32.01082611,21758100
CMCSA,First Wave,12-05-2020,31.93115466,32.07279535,31.28491877,31.29376984,31.29376984,17133000
CMCSA,First Wave,13-05-2020,31.13441523,31.24949932,30.47047402,30.95736694,30.95736694,30898300
CMCSA,First Wave,14-05-2020,30.78916781,31.72753932,30.24916172,31.6567173,31.6567173,24334900
CMCSA,First Wave,15-05-2020,31.25836369,31.85148308,30.85114371,31.79836655,31.79836655,31571600
CMCSA,First Wave,18-05-2020,32.70132323,33.94953283,32.603948,33.71936798,33.71936798,24827400
CMCSA,First Wave,19-05-2020,33.48920513,34.22396518,33.04657754,33.82559967,33.82559967,27763200
CMCSA,First Wave,20-05-2020,34.17970479,34.73741653,34.08232618,34.67544556,34.67544556,23123500
CMCSA,First Wave,21-05-2020,34.3833152,34.69315319,34.1354448,34.48069382,34.48069382,20744200
CMCSA,First Wave,22-05-2020,34.23281358,34.52494939,34.05576526,34.29478455,34.29478455,12383000
CMCSA,First Wave,26-05-2020,34.92331531,35.52528906,34.87905323,34.9852829,34.9852829,21584900
CMCSA,First Wave,27-05-2020,35.08265645,35.82627078,35.073802,35.34823227,35.34823227,20654900
CMCSA,First Wave,28-05-2020,35.38364589,35.52528656,34.91445841,35.01183701,35.01183701,18254000
CMCSA,First Wave,29-05-2020,35.02068368,35.25084846,34.34788809,35.05609131,35.05609131,20298700
CMCSA,First Wave,01-06-2020,35.00298685,35.64922265,34.87905168,35.56954956,35.56954956,13350600
CMCSA,First Wave,02-06-2020,35.52528286,36.14496201,35.51642842,36.10069656,36.10069656,19060100
CMCSA,First Wave,03-06-2020,36.42824892,36.80890888,36.28660824,36.56103516,36.56103516,17141900
CMCSA,First Wave,04-06-2020,36.2688999,36.63185433,36.1538158,36.55218124,36.55218124,12756500
CMCSA,First Wave,05-06-2020,37.29579462,38.15448968,37.17185946,37.26038361,37.26038361,20271600
CMCSA,First Wave,08-06-2020,37.11873947,38.22530813,37.0921829,38.17219162,38.17219162,17212000
CMCSA,First Wave,09-06-2020,37.77383294,37.96859014,37.07448399,37.31350327,37.31350327,14413900
CMCSA,First Wave,10-06-2020,37.26924564,37.28695115,36.41055032,36.61415863,36.61415863,15634600
CMCSA,First Wave,11-06-2020,36.21578488,36.53447725,34.69314508,34.7462616,34.7462616,22805900
CMCSA,First Wave,12-06-2020,35.04724734,35.3836452,34.10002471,34.93216324,34.93216324,18507300
CMCSA,First Wave,15-06-2020,34.78166989,35.48987322,34.11772864,35.2597084,35.2597084,16585500
CMCSA,First Wave,16-06-2020,35.88823697,36.33971551,34.64887867,35.18888474,35.18888474,21212400
CMCSA,First Wave,17-06-2020,35.21544047,35.31281905,34.63117234,34.71969986,34.71969986,18935700
CMCSA,First Wave,18-06-2020,34.69314167,35.05609608,34.48068236,34.91445541,34.91445541,17008200
CMCSA,First Wave,19-06-2020,35.27740163,35.81740758,34.40985235,34.61346054,34.61346054,35341300
CMCSA,First Wave,22-06-2020,34.3478977,34.56921148,33.92297565,34.02920532,34.02920532,20800700
CMCSA,First Wave,23-06-2020,34.46299175,35.1003767,34.25052898,34.70201111,34.70201111,24917900
CMCSA,First Wave,24-06-2020,34.94987397,34.94987397,33.75478083,34.13544083,34.13544083,20958900
CMCSA,First Wave,25-06-2020,33.95838815,34.29478606,33.43608748,34.14429092,34.14429092,18159200
CMCSA,First Wave,26-06-2020,33.90527325,34.2947877,33.66625394,34.21511459,34.21511459,50945600
CMCSA,First Wave,29-06-2020,34.40985707,34.55149772,33.98493513,34.47182465,34.47182465,20573800
TKO,First Wave,02-01-2020,60.96735562,61.21898275,59.43897854,59.84903336,59.84903336,985300
TKO,First Wave,03-01-2020,59.11279724,60.75300927,58.91709121,60.35227585,60.35227585,825600
TKO,First Wave,06-01-2020,60.02611413,60.82757406,59.5880987,60.70642471,60.70642471,1250800
TKO,First Wave,07-01-2020,60.81824892,62.93374411,60.72505658,61.8806572,61.8806572,738000
TKO,First Wave,08-01-2020,61.7967812,62.01112998,58.4418072,58.55364227,58.55364227,2118800
TKO,First Wave,09-01-2020,58.96368724,60.01677763,57.59373795,59.33646011,59.33646011,2434500
TKO,First Wave,10-01-2020,59.43897917,59.47625753,56.43814251,56.55929184,56.55929184,2211700
TKO,First Wave,13-01-2020,56.56861689,57.35144467,55.71123239,57.22097397,57.22097397,1113800
TKO,First Wave,14-01-2020,57.31416971,59.33647286,57.28621272,58.41385651,58.41385651,1172700
TKO,First Wave,15-01-2020,58.47908472,59.8303914,57.62170383,57.86400604,57.86400604,974100
TKO,First Wave,16-01-2020,58.57227727,60.06337603,58.57227727,59.45761871,59.45761871,1390100
TKO,First Wave,17-01-2020,59.87699114,60.02610457,58.2926965,58.57227707,58.57227707,698300
TKO,First Wave,21-01-2020,58.40452514,58.46044268,57.52850512,57.71489334,57.71489334,603500
TKO,First Wave,22-01-2020,57.66830959,58.95438114,57.66830959,58.62820435,58.62820435,1144200
TKO,First Wave,23-01-2020,58.49772611,58.71207134,57.56578847,58.20882416,58.20882416,3323900
TKO,First Wave,24-01-2020,58.2740556,58.2740556,54.60222283,55.59939575,55.59939575,1304100
TKO,First Wave,27-01-2020,54.18285012,55.40368962,53.67960298,55.06819153,55.06819153,894900
TKO,First Wave,28-01-2020,55.85102109,56.51269594,55.79510356,56.3169899,56.3169899,923200
TKO,First Wave,29-01-2020,56.54997227,57.17436874,56.41018021,56.79227448,56.79227448,635200
TKO,First Wave,30-01-2020,56.41950656,58.19950734,55.99081609,58.05971527,58.05971527,951700
TKO,First Wave,31-01-2020,42.21677363,47.83635992,42.0303854,45.55311203,45.55311203,19477000
TKO,First Wave,03-02-2020,45.62765713,46.06566887,42.7945664,42.94367981,42.94367981,4459100
TKO,First Wave,04-02-2020,43.43760919,44.26703303,43.24190316,44.13656235,44.13656235,2774400
TKO,First Wave,05-02-2020,44.50002538,46.00976346,44.47206839,45.66494751,45.66494751,2998500
TKO,First Wave,06-02-2020,37.50116943,44.70504643,37.50116943,41.47122192,41.47122192,15577300
TKO,First Wave,07-02-2020,41.79741043,41.91856335,39.57940095,39.63531494,39.63531494,4601600
TKO,First Wave,10-02-2020,38.74996857,39.93352623,38.09761151,39.18797684,39.18797684,3907100
TKO,First Wave,11-02-2020,38.70336929,40.23174646,38.60085558,39.83101654,39.83101654,1786700
TKO,First Wave,12-02-2020,40.39017352,40.74431079,39.20661241,39.36504364,39.36504364,1886700
TKO,First Wave,13-02-2020,39.35572238,41.11708378,39.32776539,40.78158569,40.78158569,2248100
TKO,First Wave,14-02-2020,41.00525737,42.00243039,40.92138284,41.87195969,41.87195969,1353300
TKO,First Wave,18-02-2020,42.24473006,43.63331499,42.18881253,42.83184814,42.83184814,2311100
TKO,First Wave,19-02-2020,43.20463461,43.69856048,42.40316758,43.35374451,43.35374451,1538900
TKO,First Wave,20-02-2020,43.3444209,44.57458193,42.95300877,44.4907074,44.4907074,2071800
TKO,First Wave,21-02-2020,44.03405223,48.88944634,44.03405223,46.81122589,46.81122589,4483400
TKO,First Wave,24-02-2020,44.49070988,45.92589132,44.01541963,45.41332626,45.41332626,3036000
TKO,First Wave,25-02-2020,45.33877082,46.38254005,44.50934327,45.48788071,45.48788071,2196000
TKO,First Wave,26-02-2020,45.48788118,46.68076032,44.9753126,45.11510468,45.11510468,2135100
TKO,First Wave,27-02-2020,43.71719658,43.96882018,42.61750983,42.73866272,42.73866272,2541400
TKO,First Wave,28-02-2020,39.33708302,43.68923321,39.33708302,43.58671951,43.58671951,2127700
TKO,First Wave,02-03-2020,43.80106362,43.89425595,42.03970227,43.20462418,43.20462418,2025900
TKO,First Wave,03-03-2020,43.40965977,44.56526053,41.45258847,42.12358475,42.12358475,1629300
TKO,First Wave,04-03-2020,42.58022723,42.86912917,41.40598743,41.9185524,41.9185524,1705700
TKO,First Wave,05-03-2020,41.1170932,42.34725077,40.79091641,41.85332489,41.85332489,1307600
TKO,First Wave,06-03-2020,40.28766129,41.48054025,39.55142974,39.7937355,39.7937355,1691100
TKO,First Wave,09-03-2020,36.48535804,39.72850042,36.48535804,38.35855103,38.35855103,1303000
TKO,First Wave,10-03-2020,39.41164245,39.75645837,36.35488466,38.38650894,38.38650894,1865300
TKO,First Wave,11-03-2020,37.62231618,37.89257891,34.42577025,36.08462143,36.08462143,1965400
TKO,First Wave,12-03-2020,33.65405386,33.65405386,30.02689372,30.26995277,30.26995277,2664400
TKO,First Wave,13-03-2020,32.26114892,33.59796303,29.02662121,33.5231781,33.5231781,3178600
TKO,First Wave,16-03-2020,29.16684791,30.32604112,28.04504538,28.45637321,28.45637321,2319500
TKO,First Wave,17-03-2020,28.99857888,32.71922133,27.20369581,30.61584282,30.61584282,2388400
TKO,First Wave,18-03-2020,28.58725041,33.42969356,28.58725041,31.72829437,31.72829437,2556000
TKO,First Wave,19-03-2020,31.38240197,34.17755941,29.69970015,33.68209457,33.68209457,1678600
TKO,First Wave,20-03-2020,33.93450373,36.58943479,33.37360425,34.12147141,34.12147141,2118300
TKO,First Wave,23-03-2020,33.88776219,36.3931198,32.81270073,35.26197052,35.26197052,1417800
TKO,First Wave,24-03-2020,37.01945396,39.0667443,34.90672903,36.49594879,36.49594879,1554400
TKO,First Wave,25-03-2020,33.78493344,35.16848869,31.96200463,32.13962555,32.13962555,2182000
TKO,First Wave,26-03-2020,32.31724326,33.58861934,31.10195857,32.67248154,32.67248154,1675500
TKO,First Wave,27-03-2020,32.17701057,32.70051931,30.29799428,31.59741402,31.59741402,1938800
TKO,First Wave,30-03-2020,31.81243228,32.46681746,30.66258572,31.26087952,31.26087952,1404200
TKO,First Wave,31-03-2020,31.22349264,33.25208302,30.98043353,31.71895409,31.71895409,1494500
TKO,First Wave,01-04-2020,31.08325732,32.51355343,30.22321101,31.41044807,31.41044807,1194900
TKO,First Wave,02-04-2020,31.01782045,33.0838046,30.97107942,32.39202881,32.39202881,1022200
TKO,First Wave,03-04-2020,32.18636597,32.48551285,30.840205,31.90591621,31.90591621,721700
TKO,First Wave,06-04-2020,33.31751543,34.71976778,32.39203087,32.79401016,32.79401016,1149000
TKO,First Wave,07-04-2020,34.2990961,35.32741678,33.27077899,33.58862305,33.58862305,761100
TKO,First Wave,08-04-2020,33.86906937,34.33648684,32.93423443,33.90646362,33.90646362,973600
TKO,First Wave,09-04-2020,34.58889264,36.00049183,34.12147518,34.98152161,34.98152161,2329800
TKO,First Wave,13-04-2020,34.97217224,35.57981633,33.85036969,35.01891327,35.01891327,1190100
TKO,First Wave,14-04-2020,35.83222296,36.27159293,35.22457886,35.86961365,35.86961365,747100
TKO,First Wave,15-04-2020,35.26197254,36.76705725,34.59823707,36.36507797,36.36507797,913900
TKO,First Wave,16-04-2020,36.50530325,38.27214069,36.34638302,37.0848999,37.0848999,1052200
TKO,First Wave,17-04-2020,39.0854494,39.57156399,37.64580276,37.89820862,37.89820862,1342100
TKO,First Wave,20-04-2020,37.16903293,38.68346799,37.07555087,37.92625046,37.92625046,1265300
TKO,First Wave,21-04-2020,37.29990907,37.99168481,35.86026266,36.95401764,36.95401764,949900
TKO,First Wave,22-04-2020,37.71124632,38.55259929,36.69227596,36.9072876,36.9072876,737700
TKO,First Wave,23-04-2020,36.90728042,38.22539745,36.4585601,36.52399826,36.52399826,1258300
TKO,First Wave,24-04-2020,43.07718786,43.48851387,40.86162689,41.87125015,41.87125015,5817100
TKO,First Wave,27-04-2020,42.44150118,43.48851515,40.78684316,41.20751953,41.20751953,1620700
TKO,First Wave,28-04-2020,42.06756554,43.91853799,41.42253082,41.47861862,41.47861862,1344800
TKO,First Wave,29-04-2020,42.50693897,43.10523267,42.13300363,42.23583603,42.23583603,1420200
TKO,First Wave,30-04-2020,41.69363137,42.08626384,40.94576423,41.57210541,41.57210541,1075300
TKO,First Wave,01-05-2020,40.66531632,41.46927487,40.26333705,41.05794525,41.05794525,1014200
TKO,First Wave,04-05-2020,40.31942709,41.98343194,40.22594147,41.13273239,41.13273239,623000
TKO,First Wave,05-05-2020,41.88995624,42.23584418,40.94577093,41.42253876,41.42253876,606300
TKO,First Wave,06-05-2020,41.78712716,42.06757696,40.66532439,40.67467117,40.67467117,610500
TKO,First Wave,07-05-2020,41.10469353,41.96473997,40.83359055,40.95512009,40.95512009,639500
TKO,First Wave,08-05-2020,41.51601196,43.07718788,41.35709176,43.05849075,43.05849075,944100
TKO,First Wave,11-05-2020,42.73130517,43.21741977,41.52536721,41.53471756,41.53471756,788500
TKO,First Wave,12-05-2020,41.73102873,42.06756986,40.19790009,40.23529434,40.23529434,1070800
TKO,First Wave,13-05-2020,40.23529139,40.5250879,38.17865408,38.76760101,38.76760101,1036700
TKO,First Wave,14-05-2020,38.3282242,39.76787055,37.76732479,39.30045319,39.30045319,647300
TKO,First Wave,15-05-2020,38.99195563,39.53416149,38.28148281,38.92651749,38.92651749,550400
TKO,First Wave,18-05-2020,39.99223521,41.33839972,39.9641913,40.72140884,40.72140884,826900
TKO,First Wave,19-05-2020,40.72140257,41.63754018,40.19789383,40.64661407,40.64661407,525100
TKO,First Wave,20-05-2020,41.51601695,42.94631317,41.21687007,42.76869583,42.76869583,737300
TKO,First Wave,21-05-2020,42.70326163,42.90892646,41.60015608,41.85256195,41.85256195,678600
TKO,First Wave,22-05-2020,41.95539237,42.24518892,41.20752515,41.60950089,41.60950089,371300
TKO,First Wave,26-05-2020,42.78738657,42.78738657,41.88994608,42.04886627,42.04886627,682700
TKO,First Wave,27-05-2020,42.59107811,42.99305739,41.64689289,42.88087463,42.88087463,696500
TKO,First Wave,28-05-2020,42.94631113,43.4511228,41.91799424,42.09561157,42.09561157,457700
TKO,First Wave,29-05-2020,42.28257747,43.88114412,42.28257747,43.25480652,43.25480652,998200
TKO,First Wave,01-06-2020,43.28285703,44.76924473,43.28285703,44.07746887,44.07746887,836400
TKO,First Wave,02-06-2020,44.40465889,45.41428232,43.74092695,44.30182648,44.30182648,861600
TKO,First Wave,03-06-2020,44.35791823,45.10578546,44.07746846,44.61967087,44.61967087,543000
TKO,First Wave,04-06-2020,44.59162443,44.70380362,43.46982187,43.95593643,43.95593643,544800
TKO,First Wave,05-06-2020,44.79728062,46.28366805,44.79728062,45.04968643,45.04968643,815100
TKO,First Wave,08-06-2020,45.71342994,45.71342994,44.48879488,45.58255005,45.58255005,685400
TKO,First Wave,09-06-2020,45.18992093,45.26470587,43.05849842,43.64744186,43.64744186,768200
TKO,First Wave,10-06-2020,44.18030082,44.18030082,43.09589236,43.6567955,43.6567955,405700
TKO,First Wave,11-06-2020,42.43216018,42.62847467,40.80554927,41.07664871,41.07664871,1076700
TKO,First Wave,12-06-2020,41.87342735,42.72646012,40.42984196,41.68595123,41.68595123,786400
TKO,First Wave,15-06-2020,40.66419432,42.81082605,40.42984558,42.41712189,42.41712189,872300
TKO,First Wave,16-06-2020,43.33576309,43.5701118,41.06726929,41.81718445,41.81718445,591100
TKO,First Wave,17-06-2020,42.18276654,42.78269864,41.81718313,42.03278351,42.03278351,391000
TKO,First Wave,18-06-2020,42.05153843,42.48273925,41.65783068,42.41712189,42.41712189,593400
TKO,First Wave,19-06-2020,42.67022481,43.6357406,42.05154419,42.37963104,42.37963104,715600
TKO,First Wave,22-06-2020,42.46398426,42.52022924,41.4890928,42.03278351,42.03278351,380500
TKO,First Wave,23-06-2020,42.56709775,42.64209105,41.84530333,41.93904495,41.93904495,553300
TKO,First Wave,24-06-2020,41.53597509,41.96717595,39.99864424,41.10477066,41.10477066,496700
TKO,First Wave,25-06-2020,40.98290596,41.00165429,39.79241402,40.32672882,40.32672882,1014200
TKO,First Wave,26-06-2020,40.15799676,40.3079798,38.76127682,38.77065277,38.77065277,1123400
TKO,First Wave,29-06-2020,39.09873869,41.06727004,38.55505153,40.86104202,40.86104202,537500
ROKU,First Wave,02-01-2020,135.9900055,137.3300018,133.5800018,137.1000061,137.1000061,9924400
ROKU,First Wave,03-01-2020,134.5099945,138.8899994,134,137.5099945,137.5099945,8637000
ROKU,First Wave,06-01-2020,136.2599945,144.5500031,135.7550049,143.3699951,143.3699951,14422000
ROKU,First Wave,07-01-2020,144.0099945,144.2299957,137.9100037,138.1900024,138.1900024,11574700
ROKU,First Wave,08-01-2020,137.1100006,137.9299927,132.8500061,134.6399994,134.6399994,11291300
ROKU,First Wave,09-01-2020,135.6699982,138.7700043,131.2400055,133.7899933,133.7899933,12630700
ROKU,First Wave,10-01-2020,132.6399994,133,128.1000061,128.3999939,128.3999939,13439800
ROKU,First Wave,13-01-2020,130.2299957,135,126.3000031,133.9299927,133.9299927,18440100
ROKU,First Wave,14-01-2020,134.0399933,137.1300049,131.1199951,133.4199982,133.4199982,11144500
ROKU,First Wave,15-01-2020,132.8699951,136.0599976,132.1300049,132.5,132.5,7642700
ROKU,First Wave,16-01-2020,132.8699951,134.2700043,128.3999939,131.0700073,131.0700073,11206500
ROKU,First Wave,17-01-2020,131.25,131.6000061,128.3800049,130.3800049,130.3800049,9173500
ROKU,First Wave,21-01-2020,132.1499939,137.5,131.2299957,136.6300049,136.6300049,12801100
ROKU,First Wave,22-01-2020,137.5200043,140.5,132.3099976,132.4299927,132.4299927,11829900
ROKU,First Wave,23-01-2020,132.1799927,134.9900055,129.5500031,134.0700073,134.0700073,8818800
ROKU,First Wave,24-01-2020,133.9199982,135.6600037,128.7899933,130.0899963,130.0899963,8488100
ROKU,First Wave,27-01-2020,127.5299988,128.5169983,123.7799988,126.2099991,126.2099991,9239400
ROKU,First Wave,28-01-2020,127.3000031,130.2899933,125.0100021,129.6100006,129.6100006,8173100
ROKU,First Wave,29-01-2020,130.4400024,131.8000031,128.6199951,128.8800049,128.8800049,5805200
ROKU,First Wave,30-01-2020,127.5599976,130.8800049,126.8000031,130.6399994,130.6399994,4472500
ROKU,First Wave,31-01-2020,129.1000061,129.5299988,120.3499985,120.9499969,120.9499969,16948000
ROKU,First Wave,03-02-2020,123.9000015,129.4799957,123.1999969,127.5,127.5,10112900
ROKU,First Wave,04-02-2020,129.1000061,132.7899933,128.7700043,131.0299988,131.0299988,7994400
ROKU,First Wave,05-02-2020,133.4600067,133.5099945,125.0199966,125.9400024,125.9400024,8797400
ROKU,First Wave,06-02-2020,126.4000015,129.0200043,124.2330017,126.1600037,126.1600037,6425800
ROKU,First Wave,07-02-2020,126.3000031,127.6009979,123.9000015,124.25,124.25,5447800
ROKU,First Wave,10-02-2020,124.9899979,133.3699951,124.8000031,132.2100067,132.2100067,13483900
ROKU,First Wave,11-02-2020,135.7100067,142.4499969,134.1000061,137,137,19908000
ROKU,First Wave,12-02-2020,140.2799988,141.3000031,137.0299988,138.2899933,138.2899933,12578200
ROKU,First Wave,13-02-2020,139.5,141.7100067,138.3600006,139.0500031,139.0500031,20641400
ROKU,First Wave,14-02-2020,149.1900024,151.1999969,127.4000015,130.25,130.25,63567800
ROKU,First Wave,18-02-2020,131.6600037,133.5500031,125.2399979,127.1500015,127.1500015,19434100
ROKU,First Wave,19-02-2020,129.2200012,131.6000061,126.4000015,126.5599976,126.5599976,17247300
ROKU,First Wave,20-02-2020,127.25,127.7900009,121.1200027,124.0800018,124.0800018,15397000
ROKU,First Wave,21-02-2020,122.9499969,123.75,118.2399979,119.3799973,119.3799973,12555300
ROKU,First Wave,24-02-2020,110.3000031,118,108.0500031,116.9899979,116.9899979,16435500
ROKU,First Wave,25-02-2020,119.4800034,120.4899979,113.0599976,118.6699982,118.6699982,14533000
ROKU,First Wave,26-02-2020,118.2900009,119.3600006,112.3300018,112.7099991,112.7099991,9723300
ROKU,First Wave,27-02-2020,106.8799973,115.1999969,105.5690002,110.0299988,110.0299988,15852100
ROKU,First Wave,28-02-2020,107,114.1200027,106,113.6699982,113.6699982,12246900
ROKU,First Wave,02-03-2020,115.4899979,116.1600037,111.3300018,114.6699982,114.6699982,9298100
ROKU,First Wave,03-03-2020,113.9800034,114.75,106.4199982,108.6200027,108.6200027,11612300
ROKU,First Wave,04-03-2020,110.0100021,110.4499969,105.6529999,109.6100006,109.6100006,8881200
ROKU,First Wave,05-03-2020,108.1999969,110.0770035,105.6600037,106.4400024,106.4400024,8623400
ROKU,First Wave,06-03-2020,104.3499985,105.3000031,98.59999847,102.0199966,102.0199966,11841500
ROKU,First Wave,09-03-2020,91,101.9499969,90.40000153,96.26000214,96.26000214,10503200
ROKU,First Wave,10-03-2020,101.0599976,101.0599976,92.75,97.30000305,97.30000305,9694200
ROKU,First Wave,11-03-2020,96.37999725,97.34999847,89.15000153,90.62999725,90.62999725,8737000
ROKU,First Wave,12-03-2020,80.65000153,86.63999939,78.80000305,78.80999756,78.80999756,13580500
ROKU,First Wave,13-03-2020,82.70999908,83.48000336,74.25,80.94999695,80.94999695,11944000
ROKU,First Wave,16-03-2020,74.69999695,76.47000122,63.59000015,63.84000015,63.84000015,14455800
ROKU,First Wave,17-03-2020,60.29999924,75.79000092,58.22000122,69.45999908,69.45999908,24859200
ROKU,First Wave,18-03-2020,64.78500366,74.84999847,61.5,67.5,67.5,19522000
ROKU,First Wave,19-03-2020,69.47000122,75.54100037,67.22000122,74.12000275,74.12000275,13199800
ROKU,First Wave,20-03-2020,76.51999664,80.08000183,73.16000366,76.12999725,76.12999725,13755000
ROKU,First Wave,23-03-2020,77.37000275,90.44000244,74.76999664,89.45999908,89.45999908,18705900
ROKU,First Wave,24-03-2020,96.5,101.7799988,92.09999847,97.19999695,97.19999695,17774300
ROKU,First Wave,25-03-2020,97.84999847,100,88.87999725,94.84999847,94.84999847,15629700
ROKU,First Wave,26-03-2020,93.19999695,96.43699646,87,89.75,89.75,15213300
ROKU,First Wave,27-03-2020,87.40000153,89.5,83.12999725,87.44999695,87.44999695,9820700
ROKU,First Wave,30-03-2020,88.94999695,90.84999847,86.15000153,89.61000061,89.61000061,7899500
ROKU,First Wave,31-03-2020,89.16000366,94.69999695,87.08000183,87.48000336,87.48000336,9175500
ROKU,First Wave,01-04-2020,84.98000336,86.5,81.63999939,82.41999817,82.41999817,8694600
ROKU,First Wave,02-04-2020,81.41000366,84.62200165,80.75,82.52999878,82.52999878,5268800
ROKU,First Wave,03-04-2020,82.27999878,83.33999634,79.37999725,81.45999908,81.45999908,4738100
ROKU,First Wave,06-04-2020,83.70999908,90.44000244,83.5,89.48999786,89.48999786,7148400
ROKU,First Wave,07-04-2020,92.84999847,93.68000031,86.55999756,87.80000305,87.80000305,6193000
ROKU,First Wave,08-04-2020,88.90000153,92.15000153,87.51999664,87.80999756,87.80999756,6446900
ROKU,First Wave,09-04-2020,90.09999847,94.10199738,89.12999725,92.44999695,92.44999695,7271800
ROKU,First Wave,13-04-2020,92.5,96.80000305,91.06999969,96.55999756,96.55999756,8648400
ROKU,First Wave,14-04-2020,107.9899979,108.5999985,102.4199982,106.5299988,106.5299988,22987900
ROKU,First Wave,15-04-2020,102.4199982,114.3199997,101.9700012,113,113,18210700
ROKU,First Wave,16-04-2020,117,132.3999939,115.0999985,128,128,38289500
ROKU,First Wave,17-04-2020,123.6800003,128.0099945,118.5589981,126.8000031,126.8000031,20691800
ROKU,First Wave,20-04-2020,127.8499985,135.4700012,127.3499985,130.0399933,130.0399933,18823100
ROKU,First Wave,21-04-2020,131.75,132.7400055,118.1200027,123.5599976,123.5599976,19014500
ROKU,First Wave,22-04-2020,124.4300003,125.7320023,119.25,122.1900024,122.1900024,12254000
ROKU,First Wave,23-04-2020,123,128.3999939,122.2129974,123.0599976,123.0599976,11360900
ROKU,First Wave,24-04-2020,124.8600006,126.0199966,121.6399994,124.8300018,124.8300018,7629100
ROKU,First Wave,27-04-2020,126.3000031,130.3600006,125.3199997,128.6300049,128.6300049,6580600
ROKU,First Wave,28-04-2020,126.0500031,127.2600021,118.5100021,119.3600006,119.3600006,13001600
ROKU,First Wave,29-04-2020,119.1849976,122.8600006,116.6500015,119.5199966,119.5199966,8984900
ROKU,First Wave,30-04-2020,119.1650009,124.5,118.6989975,121.2300034,121.2300034,8027700
ROKU,First Wave,01-05-2020,119.5500031,122,111.3600006,114.0199966,114.0199966,9717900
ROKU,First Wave,04-05-2020,113.4599991,124.3300018,112.6900024,124.3000031,124.3000031,14551600
ROKU,First Wave,05-05-2020,126.3000031,126.7699966,121.7699966,123.4899979,123.4899979,9657800
ROKU,First Wave,06-05-2020,123.5400009,128.9499969,122.5100021,127.5199966,127.5199966,10567100
ROKU,First Wave,07-05-2020,131.1999969,138.7899933,130.2799988,137.5,137.5,22127800
ROKU,First Wave,08-05-2020,125.5699997,133.6699982,124.3450012,126.6600037,126.6600037,29617100
ROKU,First Wave,11-05-2020,125.0199966,132.8800049,124.5999985,132.1799927,132.1799927,14463900
ROKU,First Wave,12-05-2020,132.6900024,134.9799957,126.6800003,127.1600037,127.1600037,11524300
ROKU,First Wave,13-05-2020,128.2799988,128.5500031,114.5999985,117.5599976,117.5599976,18672300
ROKU,First Wave,14-05-2020,117.5,120.6999969,115.0599976,116.5999985,116.5999985,12161100
ROKU,First Wave,15-05-2020,115.8199997,116.7900009,112.4800034,112.9300003,112.9300003,9708500
ROKU,First Wave,18-05-2020,114.5299988,120.0899963,114.5169983,118.4499969,118.4499969,9354700
ROKU,First Wave,19-05-2020,118.8700027,119.9899979,115.0299988,116.0199966,116.0199966,6676800
ROKU,First Wave,20-05-2020,118.5,119.9199982,114.2490005,117.0400009,117.0400009,8665600
ROKU,First Wave,21-05-2020,116.3600006,116.5599976,112.0699997,114.6999969,114.6999969,7715700
ROKU,First Wave,22-05-2020,111.6299973,114.4000015,107.6200027,108.5100021,108.5100021,11992000
ROKU,First Wave,26-05-2020,110.2099991,111.6610031,107.3000031,107.5899963,107.5899963,8255900
ROKU,First Wave,27-05-2020,107.3399963,109.0899963,101.5599976,106.5599976,106.5599976,7960800
ROKU,First Wave,28-05-2020,105.6299973,110.8399963,104.8799973,109.1999969,109.1999969,7467200
ROKU,First Wave,29-05-2020,109.8499985,112.1200027,107.3099976,109.5100021,109.5100021,6825200
ROKU,First Wave,01-06-2020,109.1650009,114.1999969,108.4000015,112.9499969,112.9499969,6974100
ROKU,First Wave,02-06-2020,113.7200012,114.3799973,108.8700027,110.8199997,110.8199997,6357000
ROKU,First Wave,03-06-2020,111,111.3499985,103.9000015,103.9599991,103.9599991,13477500
ROKU,First Wave,04-06-2020,104,107.75,101.8000031,102.9300003,102.9300003,11763700
ROKU,First Wave,05-06-2020,103.9499969,104.5,100.1900024,104.3799973,104.3799973,10496200
ROKU,First Wave,08-06-2020,105.5299988,113.0199966,103.9700012,112.9499969,112.9499969,9120400
ROKU,First Wave,09-06-2020,112.4400024,115.1699982,108.6009979,113.25,113.25,9760500
ROKU,First Wave,10-06-2020,114.4899979,116.2799988,110.2200012,113.8000031,113.8000031,8123700
ROKU,First Wave,11-06-2020,108.6900024,114.9199982,106.2399979,106.9499969,106.9499969,8314000
ROKU,First Wave,12-06-2020,108.8099976,110.1600037,105.3000031,108.0699997,108.0699997,7460400
ROKU,First Wave,15-06-2020,107.1699982,107.6399994,103.9400024,107.4899979,107.4899979,5933100
ROKU,First Wave,16-06-2020,109.8099976,120.8499985,107.6999969,120.8099976,120.8099976,17193400
ROKU,First Wave,17-06-2020,119.4800034,123.0999985,115.7799988,117.3199997,117.3199997,14462400
ROKU,First Wave,18-06-2020,117.75,129.1900024,117.7300034,127.7900009,127.7900009,19343500
ROKU,First Wave,19-06-2020,128.1699982,132.1699982,124.75,128.5,128.5,18937200
ROKU,First Wave,22-06-2020,129.5,134.8099976,128.5099945,129.7799988,129.7799988,13285600
ROKU,First Wave,23-06-2020,131,132.4199982,127.3249969,127.8799973,127.8799973,8997700
ROKU,First Wave,24-06-2020,127.1299973,129.9290009,120.4199982,123.3499985,123.3499985,8242100
ROKU,First Wave,25-06-2020,123,125,120.5699997,123.5999985,123.5999985,4810100
ROKU,First Wave,26-06-2020,124.8199997,126.5500031,120.2600021,122.5500031,122.5500031,7984100
ROKU,First Wave,29-06-2020,122.4000015,123.2089996,112.1100006,115.0500031,115.0500031,12073800
PARA,First Wave,02-01-2020,36.43824616,36.55910217,36.04977805,36.33465576,36.33465576,5738100
PARA,First Wave,03-01-2020,36.02388905,36.04978583,35.4541368,35.78217697,35.78217697,4640100
PARA,First Wave,06-01-2020,35.81671058,36.31740039,35.75627926,36.30876923,36.30876923,5700000
PARA,First Wave,07-01-2020,36.15337495,36.41235261,35.88576283,36.36919022,36.36919022,5104000
PARA,First Wave,08-01-2020,36.4296188,36.57637161,35.76490736,36.14474106,36.14474106,8139300
PARA,First Wave,09-01-2020,36.45551197,36.46414643,35.02249883,35.22968292,35.22968292,7749200
PARA,First Wave,10-01-2020,35.3073895,35.39371431,34.64267788,34.79806519,34.79806519,4688100
PARA,First Wave,13-01-2020,34.87574782,35.43686553,34.58223893,35.22105026,35.22105026,5809600
PARA,First Wave,14-01-2020,35.04840048,35.24695344,34.73762924,34.81532288,34.81532288,5479300
PARA,First Wave,15-01-2020,34.72036327,34.90164732,34.16787668,34.26283264,34.26283264,6239500
PARA,First Wave,16-01-2020,34.42685029,34.62539993,34.05564779,34.56497192,34.56497192,6918500
PARA,First Wave,17-01-2020,34.53907228,34.62540036,33.94342336,34.09017944,34.09017944,6566500
PARA,First Wave,21-01-2020,34.09881642,34.20240684,33.3736769,33.43410492,33.43410492,9534200
PARA,First Wave,22-01-2020,33.66718726,33.71898412,33.08016938,33.19239426,33.19239426,4931000
PARA,First Wave,23-01-2020,32.97658472,33.03701275,31.90613918,31.93203926,31.93203926,9293600
PARA,First Wave,24-01-2020,31.94067128,32.00109931,30.55945438,30.89612579,30.89612579,10789700
PARA,First Wave,27-01-2020,30.53354342,30.75799315,30.03285371,30.32636261,30.32636261,7931100
PARA,First Wave,28-01-2020,30.55943929,30.87021047,30.35225522,30.52490807,30.52490807,6365300
PARA,First Wave,29-01-2020,30.42996071,30.74073531,29.87747401,29.9465332,29.9465332,6885500
PARA,First Wave,30-01-2020,29.60122448,29.83430538,28.91061625,29.51489639,29.51489639,12968200
PARA,First Wave,31-01-2020,29.48900103,29.94652839,28.98831127,29.46310425,29.46310425,8386800
PARA,First Wave,03-02-2020,29.11779651,29.23865254,28.14231055,28.55667877,28.55667877,11674300
PARA,First Wave,04-02-2020,28.91924538,29.22138543,28.52214608,28.97967339,28.97967339,8788700
PARA,First Wave,05-02-2020,29.230027,29.93790098,29.1868646,29.64439201,29.64439201,7413600
PARA,First Wave,06-02-2020,29.90336478,29.98105841,29.54079669,29.86883354,29.86883354,6101800
PARA,First Wave,07-02-2020,30.3436298,30.43858576,29.69618396,29.9637928,29.9637928,6558200
PARA,First Wave,10-02-2020,29.7825063,29.8860967,29.31634454,29.53215981,29.53215981,7112300
PARA,First Wave,11-02-2020,29.78250442,30.27456293,29.32497715,30.18823814,30.18823814,6381600
PARA,First Wave,12-02-2020,30.3522622,30.7148336,30.12781575,30.46448708,30.46448708,5321600
PARA,First Wave,13-02-2020,30.22276758,30.63713578,30.05874917,30.1968708,30.1968708,3742500
PARA,First Wave,14-02-2020,30.4040549,30.45584846,29.67028104,30.1968708,30.1968708,4349000
PARA,First Wave,18-02-2020,30.23140735,30.81842523,30.18824495,30.30046654,30.30046654,6057700
PARA,First Wave,19-02-2020,30.39542311,31.0515034,30.24003584,30.79252243,30.79252243,10675500
PARA,First Wave,20-02-2020,27.83153868,27.88333223,25.10363215,25.28491783,25.28491783,44416400
PARA,First Wave,21-02-2020,24.97414265,25.33671236,24.31806405,24.39575768,24.39575768,17502200
PARA,First Wave,24-02-2020,23.73968399,23.7483168,22.7469339,23.24762535,23.24762535,17546900
PARA,First Wave,25-02-2020,23.4116433,23.63608975,21.71101777,21.89230347,21.89230347,25053800
PARA,First Wave,26-02-2020,22.15991137,22.53111388,21.07220224,21.09810066,21.09810066,18715900
PARA,First Wave,27-02-2020,20.68373811,21.67648983,19.91543615,20.62331009,20.62331009,21560500
PARA,First Wave,28-02-2020,20.4851852,21.85777046,20.1916763,21.24485588,21.24485588,22712100
PARA,First Wave,02-03-2020,21.36571141,21.40887381,20.08808543,20.98587608,20.98587608,18892200
PARA,First Wave,03-03-2020,20.90818369,21.18442863,19.60465921,19.92406654,19.92406654,20205100
PARA,First Wave,04-03-2020,20.22621183,20.27800705,19.42337859,19.94133568,19.94133568,17083100
PARA,First Wave,05-03-2020,19.72552111,19.73415392,18.3443027,18.5428524,18.5428524,20784500
PARA,First Wave,06-03-2020,18.11985113,19.06943871,17.80044543,18.62054253,18.62054253,14435200
PARA,First Wave,09-03-2020,17.26522225,17.43787513,16.50555319,16.54871559,16.54871559,14525100
PARA,First Wave,10-03-2020,17.30838316,17.7572793,16.53144856,17.72274971,17.72274971,14906800
PARA,First Wave,11-03-2020,17.10120216,17.51556874,16.64367482,17.09256935,17.09256935,15620200
PARA,First Wave,12-03-2020,15.69408849,15.79767891,13.90713812,13.9330349,13.9330349,21431500
PARA,First Wave,13-03-2020,15.19489402,15.71190611,13.66138397,14.37117958,14.37117958,17399900
PARA,First Wave,16-03-2020,13.58251904,13.78406569,11.91756543,11.92632771,11.92632771,18695600
PARA,First Wave,17-03-2020,12.66241232,12.66241232,10.69951951,11.16395378,11.16395378,21756300
PARA,First Wave,18-03-2020,10.55931265,10.7433339,8.850544409,10.69951916,10.69951916,19626400
PARA,First Wave,19-03-2020,10.64694063,11.58457303,9.902093407,11.05879784,11.05879784,14490700
PARA,First Wave,20-03-2020,11.26034475,11.66343882,10.31395011,10.48920822,10.48920822,18495100
PARA,First Wave,23-03-2020,10.42786786,10.50673422,9.472710883,9.884567261,9.884567261,21613200
PARA,First Wave,24-03-2020,10.51549724,12.99540194,10.38405386,12.92529869,12.92529869,24294700
PARA,First Wave,25-03-2020,13.29334096,14.18715861,12.42581265,12.91653538,12.91653538,19993600
PARA,First Wave,26-03-2020,13.01292961,13.01292961,11.62838905,12.25931835,12.25931835,23227100
PARA,First Wave,27-03-2020,11.90003769,11.90003769,10.75209637,11.20776749,11.20776749,15405700
PARA,First Wave,30-03-2020,11.36550039,12.45210159,10.75209654,12.34694672,12.34694672,15460100
PARA,First Wave,31-03-2020,12.329422,13.04798165,12.14540074,12.27684498,12.27684498,16262900
PARA,First Wave,01-04-2020,11.75106787,11.88251209,11.12013781,11.19900417,11.19900417,14039600
PARA,First Wave,02-04-2020,11.17271634,12.21550283,10.9711697,11.18147945,11.18147945,13340000
PARA,First Wave,03-04-2020,11.12013862,11.49694423,10.44539461,10.89230347,10.89230347,12254700
PARA,First Wave,06-04-2020,11.4969422,12.41704827,11.3392095,12.21550083,12.21550083,17272700
PARA,First Wave,07-04-2020,12.91653546,14.60777818,12.81138059,12.87272072,12.87272072,20200900
PARA,First Wave,08-04-2020,13.25828839,14.16086826,12.9866377,13.84540367,13.84540367,16587800
PARA,First Wave,09-04-2020,14.65159242,15.01963489,14.09952954,14.51138592,14.51138592,15991700
PARA,First Wave,13-04-2020,14.67788185,14.77427445,13.70519864,14.07324028,14.07324028,11912800
PARA,First Wave,14-04-2020,14.37993961,14.57272309,13.46859672,14.25725937,14.25725937,14021400
PARA,First Wave,15-04-2020,13.64385838,13.80159111,13.14437249,13.31963062,13.31963062,11604500
PARA,First Wave,16-04-2020,13.27581283,13.28457595,12.60983208,12.82014179,12.82014179,11751000
PARA,First Wave,17-04-2020,13.44230961,13.88045529,13.31962852,13.84540367,13.84540367,9142500
PARA,First Wave,20-04-2020,13.24076683,14.02942983,13.01293163,13.60004711,13.60004711,7836200
PARA,First Wave,21-04-2020,13.28457813,13.58251735,13.02169053,13.27581501,13.27581501,7964100
PARA,First Wave,22-04-2020,13.60880702,13.74901353,13.04798098,13.08303261,13.08303261,8503900
PARA,First Wave,23-04-2020,13.10056029,13.92427493,12.84643574,13.60004711,13.60004711,10601200
PARA,First Wave,24-04-2020,13.63509579,13.9155088,13.29334181,13.69643593,13.69643593,11014200
PARA,First Wave,27-04-2020,13.77530224,14.97582146,13.77530224,14.87942886,14.87942886,9611400
PARA,First Wave,28-04-2020,15.37891524,15.81706099,14.88819246,15.29128742,15.29128742,10883200
PARA,First Wave,29-04-2020,15.81705937,17.0876826,15.78200859,16.64077377,16.64077377,15216500
PARA,First Wave,30-04-2020,15.94849957,16.1763338,14.97581586,15.12478542,15.12478542,15791500
PARA,First Wave,01-05-2020,14.71293341,14.73045797,13.93303293,14.42375565,14.42375565,11225600
PARA,First Wave,04-05-2020,14.22221069,14.57272696,13.74901332,14.10829353,14.10829353,12886600
PARA,First Wave,05-05-2020,14.2660243,14.32736443,13.31962884,13.37220669,13.37220669,10932900
PARA,First Wave,06-05-2020,13.50365025,13.74024932,12.96034968,13.03921604,13.03921604,12620600
PARA,First Wave,07-05-2020,14.71293479,15.35262717,14.21344724,14.38870621,14.38870621,29842000
PARA,First Wave,08-05-2020,14.73922202,15.96602973,14.5464385,15.84334946,15.84334946,17206000
PARA,First Wave,11-05-2020,16.1588163,16.19386709,15.22118463,15.80830002,15.80830002,13543700
PARA,First Wave,12-05-2020,15.90468963,16.29025834,15.53664715,15.99231911,15.99231911,12306900
PARA,First Wave,13-05-2020,15.8345865,15.86087584,14.30107643,14.76551151,14.76551151,18874700
PARA,First Wave,14-05-2020,14.37994321,15.07221429,14.06447774,15.03716183,15.03716183,10219600
PARA,First Wave,15-05-2020,14.66035567,15.194894,14.52891229,15.15984154,15.15984154,11608400
PARA,First Wave,18-05-2020,16.08871368,16.91242654,15.9572686,16.69335365,16.69335365,17608500
PARA,First Wave,19-05-2020,16.79850701,17.77119105,16.35159818,17.21036339,17.21036339,15382600
PARA,First Wave,20-05-2020,17.85006215,18.1217121,17.07016143,17.20160484,17.20160484,15998400
PARA,First Wave,21-05-2020,17.08768656,17.69232824,17.00005706,17.38562584,17.38562584,13246700
PARA,First Wave,22-05-2020,17.44696462,17.57840802,16.73716893,17.16655159,17.16655159,10553700
PARA,First Wave,26-05-2020,17.83253518,18.01655562,17.35057378,17.85006142,17.85006142,16650200
PARA,First Wave,27-05-2020,18.53356307,19.61140111,18.34954268,19.28717422,19.28717422,16083200
PARA,First Wave,28-05-2020,19.24335925,19.35727807,18.50727598,18.57737923,18.57737923,11246700
PARA,First Wave,29-05-2020,18.1742878,18.44593773,17.80624525,18.1742878,18.1742878,15549300
PARA,First Wave,01-06-2020,18.09541873,19.12067983,18.02531548,18.86655617,18.86655617,7165100
PARA,First Wave,02-06-2020,19.0505751,19.17325536,18.7175851,19.13820457,19.13820457,9835800
PARA,First Wave,03-06-2020,19.51500978,20.20727911,19.40109096,19.9093399,19.9093399,8816900
PARA,First Wave,04-06-2020,19.86552889,21.35522515,19.67274536,21.13615227,21.13615227,12649300
PARA,First Wave,05-06-2020,22.54698273,23.24801702,21.68821735,21.7495575,21.7495575,17165200
PARA,First Wave,08-06-2020,22.78357681,25.05317171,22.39800812,24.98306847,24.98306847,23066100
PARA,First Wave,09-06-2020,24.09801653,24.19440913,22.75728992,22.8011055,22.8011055,18642700
PARA,First Wave,10-06-2020,22.80110351,22.8361543,20.8820248,21.03099442,21.03099442,20386200
PARA,First Wave,11-06-2020,19.27841129,20.70676557,19.10315233,20.67171478,20.67171478,19971100
PARA,First Wave,12-06-2020,21.66324875,21.95539712,19.62706334,20.27333069,20.27333069,22131300
PARA,First Wave,15-06-2020,19.38803587,22.47772728,19.21097719,22.03507805,22.03507805,20166000
PARA,First Wave,16-06-2020,23.23908122,23.5312296,20.66286321,21.41536713,21.41536713,17451300
PARA,First Wave,17-06-2020,21.22060091,21.60127947,20.53892246,20.62745094,20.62745094,17232700
PARA,First Wave,18-06-2020,20.36186047,21.74292532,20.2733303,21.68980789,21.68980789,12249200
PARA,First Wave,19-06-2020,22.05278061,22.30066474,20.84877437,20.97271729,20.97271729,35548800
PARA,First Wave,22-06-2020,20.90189466,21.1586303,20.41497955,20.79565811,20.79565811,13738900
PARA,First Wave,23-06-2020,21.09665783,21.37995301,20.82221584,20.9904213,20.9904213,10519600
PARA,First Wave,24-06-2020,20.50351405,21.01698714,19.57395126,20.87533951,20.87533951,16923900
PARA,First Wave,25-06-2020,20.33530045,20.51236077,19.70673949,20.33530045,20.33530045,14766600
PARA,First Wave,26-06-2020,20.15824597,20.4415412,19.49427213,19.75986099,19.75986099,17517300
PARA,First Wave,29-06-2020,19.82182555,20.70712372,19.37032328,20.40612221,20.40612221,10918600
LGF-B,First Wave,02-01-2020,10.02999973,10.21000004,9.812000275,10.15999985,10.15999985,1357400
LGF-B,First Wave,03-01-2020,10.02999973,10.14000034,9.890000343,10.02000046,10.02000046,559600
LGF-B,First Wave,06-01-2020,9.970000267,10.26000023,9.93999958,10.26000023,10.26000023,585900
LGF-B,First Wave,07-01-2020,10.31999969,10.52000046,10.14999962,10.38000011,10.38000011,538800
LGF-B,First Wave,08-01-2020,10.36999989,10.47000027,10.26099968,10.31999969,10.31999969,640100
LGF-B,First Wave,09-01-2020,10.31000042,10.39999962,9.949999809,10.14999962,10.14999962,596200
LGF-B,First Wave,10-01-2020,10.14000034,10.18000031,10.01000023,10.10000038,10.10000038,405100
LGF-B,First Wave,13-01-2020,10.14999962,10.39000034,9.960000038,10.38000011,10.38000011,825800
LGF-B,First Wave,14-01-2020,10.43999958,10.80000019,10.36499977,10.75,10.75,740000
LGF-B,First Wave,15-01-2020,10.75,10.85000038,10.43000031,10.52000046,10.52000046,1140600
LGF-B,First Wave,16-01-2020,10.53999996,10.75,10.53999996,10.63000011,10.63000011,496600
LGF-B,First Wave,17-01-2020,10.72999954,10.72999954,10.21000004,10.31999969,10.31999969,599100
LGF-B,First Wave,21-01-2020,10.10999966,10.21000004,9.854999542,10.17000008,10.17000008,814700
LGF-B,First Wave,22-01-2020,10.18000031,10.18000031,9.949999809,9.960000038,9.960000038,389400
LGF-B,First Wave,23-01-2020,9.93999958,9.93999958,9.680000305,9.840000153,9.840000153,499600
LGF-B,First Wave,24-01-2020,9.819999695,9.930000305,9.409999847,9.619999886,9.619999886,540800
LGF-B,First Wave,27-01-2020,9.409999847,9.640000343,9.359999657,9.56000042,9.56000042,520700
LGF-B,First Wave,28-01-2020,9.630000114,9.739999771,9.520000458,9.56000042,9.56000042,472000
LGF-B,First Wave,29-01-2020,9.670000076,9.68999958,9.5,9.569999695,9.569999695,460800
LGF-B,First Wave,30-01-2020,9.43999958,9.675000191,9.369999886,9.609999657,9.609999657,616500
LGF-B,First Wave,31-01-2020,9.56000042,9.56000042,9.109999657,9.329999924,9.329999924,766000
LGF-B,First Wave,03-02-2020,9.350000381,9.470000267,9.199999809,9.25,9.25,643500
LGF-B,First Wave,04-02-2020,9.350000381,9.590000153,9.319999695,9.510000229,9.510000229,573900
LGF-B,First Wave,05-02-2020,9.569999695,10.27999973,9.359999657,9.399999619,9.399999619,1802000
LGF-B,First Wave,06-02-2020,9.5,9.585000038,9.220000267,9.340000153,9.340000153,1282100
LGF-B,First Wave,07-02-2020,9.430000305,10.31999969,9.300000191,9.869999886,9.869999886,1755400
LGF-B,First Wave,10-02-2020,9.890000343,10.17000008,9.710000038,9.920000076,9.920000076,1642900
LGF-B,First Wave,11-02-2020,9.909999847,9.979999542,9.489999771,9.869999886,9.869999886,976300
LGF-B,First Wave,12-02-2020,9.909999847,10.22500038,9.819999695,9.880000114,9.880000114,1216000
LGF-B,First Wave,13-02-2020,9.819999695,10.14000034,9.81499958,9.960000038,9.960000038,734100
LGF-B,First Wave,14-02-2020,10.02999973,10.10000038,9.840000153,10.06000042,10.06000042,883600
LGF-B,First Wave,18-02-2020,10.06999969,10.31000042,9.890000343,9.920000076,9.920000076,977400
LGF-B,First Wave,19-02-2020,9.960000038,9.960000038,9.779999733,9.890000343,9.890000343,487700
LGF-B,First Wave,20-02-2020,9.909999847,9.909999847,9.465000153,9.640000343,9.640000343,590400
LGF-B,First Wave,21-02-2020,9.569999695,9.585000038,9.324999809,9.409999847,9.409999847,561700
LGF-B,First Wave,24-02-2020,9.149999619,9.317000389,8.979999542,9.109999657,9.109999657,790400
LGF-B,First Wave,25-02-2020,9,9.170000076,8.569999695,8.75,8.75,931800
LGF-B,First Wave,26-02-2020,8.760000229,8.869999886,7.789999962,7.929999828,7.929999828,978100
LGF-B,First Wave,27-02-2020,7.699999809,7.800000191,7.230000019,7.389999866,7.389999866,809200
LGF-B,First Wave,28-02-2020,7.090000153,7.505000114,7.090000153,7.400000095,7.400000095,3013000
LGF-B,First Wave,02-03-2020,7.449999809,7.599999905,7.059999943,7.599999905,7.599999905,1503300
LGF-B,First Wave,03-03-2020,7.630000114,7.730000019,7.269999981,7.460000038,7.460000038,1411500
LGF-B,First Wave,04-03-2020,7.559999943,7.570000172,7.309999943,7.440000057,7.440000057,873200
LGF-B,First Wave,05-03-2020,7.309999943,7.309999943,6.940000057,7,7,795000
LGF-B,First Wave,06-03-2020,6.639999866,6.909999847,6.420000076,6.519999981,6.519999981,1464500
LGF-B,First Wave,09-03-2020,5.880000114,6.15500021,5.579999924,5.869999886,5.869999886,1097500
LGF-B,First Wave,10-03-2020,6.119999886,6.230000019,5.559999943,5.730000019,5.730000019,2237600
LGF-B,First Wave,11-03-2020,5.579999924,5.650000095,5.179999828,5.239999771,5.239999771,2015600
LGF-B,First Wave,12-03-2020,4.920000076,5.03000021,4.349999905,4.369999886,4.369999886,1811600
LGF-B,First Wave,13-03-2020,4.599999905,5.039999962,4.130000114,5.039999962,5.039999962,1280900
LGF-B,First Wave,16-03-2020,4.079999924,4.78000021,4.079999924,4.349999905,4.349999905,865100
LGF-B,First Wave,17-03-2020,4.429999828,4.929999828,3.869999886,4.900000095,4.900000095,1107600
LGF-B,First Wave,18-03-2020,4.5,5.070000172,4.329999924,5.050000191,5.050000191,1174200
LGF-B,First Wave,19-03-2020,5.03000021,6.5,4.940000057,6.300000191,6.300000191,3382800
LGF-B,First Wave,20-03-2020,6.449999809,7.050000191,6.010000229,6.440000057,6.440000057,2720900
LGF-B,First Wave,23-03-2020,6.28000021,6.400000095,5.639999866,6.199999809,6.199999809,1401200
LGF-B,First Wave,24-03-2020,6.570000172,6.744999886,6.179999828,6.429999828,6.429999828,1043600
LGF-B,First Wave,25-03-2020,6.429999828,6.480000019,5.760000229,6.010000229,6.010000229,853200
LGF-B,First Wave,26-03-2020,6.019999981,6.284999847,5.730000019,5.860000134,5.860000134,592000
LGF-B,First Wave,27-03-2020,5.519999981,5.75,5.269999981,5.460000038,5.460000038,1280400
LGF-B,First Wave,30-03-2020,5.440000057,5.480000019,5.045000076,5.300000191,5.300000191,629200
LGF-B,First Wave,31-03-2020,5.289999962,5.690000057,5.289999962,5.579999924,5.579999924,671200
LGF-B,First Wave,01-04-2020,5.28000021,5.679999828,5.172999859,5.380000114,5.380000114,681600
LGF-B,First Wave,02-04-2020,5.28000021,5.559999943,5.010000229,5.239999771,5.239999771,1282300
LGF-B,First Wave,03-04-2020,5.139999866,5.190999985,4.760000229,4.989999771,4.989999771,639800
LGF-B,First Wave,06-04-2020,5.179999828,5.585000038,5.150000095,5.5,5.5,1723300
LGF-B,First Wave,07-04-2020,5.809999943,6.090000153,5.224999905,5.320000172,5.320000172,613200
LGF-B,First Wave,08-04-2020,5.300000191,5.563000202,5.25,5.519999981,5.519999981,1048800
LGF-B,First Wave,09-04-2020,5.590000153,6.130000114,5.590000153,5.820000172,5.820000172,759900
LGF-B,First Wave,13-04-2020,5.869999886,6.269999981,5.519999981,6.210000038,6.210000038,1181000
LGF-B,First Wave,14-04-2020,6.480000019,6.639999866,6.269999981,6.5,6.5,782100
LGF-B,First Wave,15-04-2020,6.21999979,6.429999828,6.010000229,6.420000076,6.420000076,558600
LGF-B,First Wave,16-04-2020,6.590000153,6.590000153,6.150000095,6.320000172,6.320000172,900500
LGF-B,First Wave,17-04-2020,6.539999962,6.809999943,6.46999979,6.670000076,6.670000076,905200
LGF-B,First Wave,20-04-2020,6.409999847,6.809999943,6.409999847,6.650000095,6.650000095,674300
LGF-B,First Wave,21-04-2020,6.360000134,6.800000191,6.329999924,6.75,6.75,701400
LGF-B,First Wave,22-04-2020,6.880000114,6.900000095,6.281000137,6.289999962,6.289999962,367800
LGF-B,First Wave,23-04-2020,6.329999924,6.650000095,6.289999962,6.53000021,6.53000021,1190800
LGF-B,First Wave,24-04-2020,6.599999905,6.800000191,6.360000134,6.75,6.75,619700
LGF-B,First Wave,27-04-2020,6.78000021,6.980000019,6.760000229,6.789999962,6.789999962,707800
LGF-B,First Wave,28-04-2020,6.880000114,7.079999924,6.699999809,6.840000153,6.840000153,640600
LGF-B,First Wave,29-04-2020,7.010000229,7.21999979,6.920000076,6.920000076,6.920000076,597800
LGF-B,First Wave,30-04-2020,6.809999943,7.070000172,6.607999802,6.679999828,6.679999828,613000
LGF-B,First Wave,01-05-2020,6.480000019,6.679999828,6.420000076,6.670000076,6.670000076,658300
LGF-B,First Wave,04-05-2020,6.550000191,6.789999962,6.440000057,6.570000172,6.570000172,734700
LGF-B,First Wave,05-05-2020,6.630000114,6.880000114,6.485000134,6.760000229,6.760000229,957100
LGF-B,First Wave,06-05-2020,6.829999924,6.909999847,6.5,6.610000134,6.610000134,945000
LGF-B,First Wave,07-05-2020,6.730000019,7.210000038,6.730000019,7.130000114,7.130000114,539500
LGF-B,First Wave,08-05-2020,7.289999962,7.46999979,7.079999924,7.420000076,7.420000076,736200
LGF-B,First Wave,11-05-2020,7.369999886,7.429999828,7.170000076,7.170000076,7.170000076,583900
LGF-B,First Wave,12-05-2020,7.190000057,7.289999962,7.079999924,7.179999828,7.179999828,890300
LGF-B,First Wave,13-05-2020,7.199999809,7.199999809,6.590000153,6.900000095,6.900000095,447600
LGF-B,First Wave,14-05-2020,6.769999981,7.300000191,6.639999866,6.820000172,6.820000172,587900
LGF-B,First Wave,15-05-2020,6.710000038,7.010000229,6.679999828,6.980000019,6.980000019,305400
LGF-B,First Wave,18-05-2020,7.239999771,7.579999924,7.110000134,7.440000057,7.440000057,537000
LGF-B,First Wave,19-05-2020,7.429999828,7.614999771,7.269999981,7.449999809,7.449999809,1134700
LGF-B,First Wave,20-05-2020,7.599999905,7.995999813,7.565000057,7.860000134,7.860000134,611300
LGF-B,First Wave,21-05-2020,7.929999828,8.260000229,7.769999981,8.029999733,8.029999733,1942600
LGF-B,First Wave,22-05-2020,7.980000019,8,7.559999943,7.75,7.75,1007100
LGF-B,First Wave,26-05-2020,8.090000153,8.210000038,7.579999924,7.590000153,7.590000153,684100
LGF-B,First Wave,27-05-2020,7.809999943,8.18999958,7.619999886,8.109999657,8.109999657,1156200
LGF-B,First Wave,28-05-2020,8.25,8.329999924,7.484000206,7.5,7.5,1004800
LGF-B,First Wave,29-05-2020,7.570000172,7.610000134,7.179999828,7.53000021,7.53000021,786100
LGF-B,First Wave,01-06-2020,7.519999981,7.980000019,7.519999981,7.820000172,7.820000172,820600
LGF-B,First Wave,02-06-2020,7.869999886,8.210000038,7.840000153,7.949999809,7.949999809,825300
LGF-B,First Wave,03-06-2020,8.100000381,8.220000267,7.989999771,8.090000153,8.090000153,771400
LGF-B,First Wave,04-06-2020,8.100000381,8.149999619,7.889999866,8.100000381,8.100000381,533700
LGF-B,First Wave,05-06-2020,8.319999695,8.739999771,8.31000042,8.520000458,8.520000458,883500
LGF-B,First Wave,08-06-2020,8.520000458,8.619999886,8.069999695,8.460000038,8.460000038,1455000
LGF-B,First Wave,09-06-2020,8.380000114,8.380000114,7.760000229,7.760000229,7.760000229,1499000
LGF-B,First Wave,10-06-2020,7.78000021,7.789999962,7.289999962,7.300000191,7.300000191,553400
LGF-B,First Wave,11-06-2020,6.960000038,6.989999771,6.630000114,6.829999924,6.829999924,1222100
LGF-B,First Wave,12-06-2020,7.130000114,7.260000229,6.739999771,6.940000057,6.940000057,772900
LGF-B,First Wave,15-06-2020,6.760000229,6.960000038,6.579999924,6.619999886,6.619999886,1290500
LGF-B,First Wave,16-06-2020,6.889999866,7.006999969,6.599999905,6.800000191,6.800000191,635700
LGF-B,First Wave,17-06-2020,6.889999866,7.039999962,6.809999943,6.840000153,6.840000153,717800
LGF-B,First Wave,18-06-2020,6.929999828,7.139999866,6.829999924,7.010000229,7.010000229,549500
LGF-B,First Wave,19-06-2020,7.150000095,7.260000229,6.949999809,7.010000229,7.010000229,643900
LGF-B,First Wave,22-06-2020,6.940000057,7.130000114,6.849999905,7.070000172,7.070000172,697000
LGF-B,First Wave,23-06-2020,7.019999981,7.170000076,6.840000153,6.940000057,6.940000057,623800
LGF-B,First Wave,24-06-2020,6.789999962,6.909999847,6.690000057,6.829999924,6.829999924,543000
LGF-B,First Wave,25-06-2020,6.75,6.900000095,6.65500021,6.75,6.75,408600
LGF-B,First Wave,26-06-2020,6.670000076,6.730000019,6.53000021,6.599999905,6.599999905,1008500
LGF-B,First Wave,29-06-2020,6.679999828,6.840000153,6.550000191,6.820000172,6.820000172,781500
SONY,First Wave,02-01-2020,12.41991919,12.55812073,12.41628258,12.55812073,12.55812073,4282500
SONY,First Wave,03-01-2020,12.45628635,12.48356265,12.35809099,12.37991238,12.37991238,2593000
SONY,First Wave,06-01-2020,12.41082571,12.58357762,12.4053708,12.56721115,12.56721115,3777500
SONY,First Wave,07-01-2020,12.8217946,12.83452359,12.69450374,12.76542282,12.76542282,6581000
SONY,First Wave,08-01-2020,12.87452695,12.93271702,12.79633467,12.81270027,12.81270027,8201000
SONY,First Wave,09-01-2020,12.98363291,13.03091229,12.83633986,12.91635132,12.91635132,11886500
SONY,First Wave,10-01-2020,12.99454306,12.99454306,12.86361563,12.88543701,12.88543701,5602500
SONY,First Wave,13-01-2020,12.98181496,13.03818673,12.9254432,13.02727604,13.02727604,6361500
SONY,First Wave,14-01-2020,13.26367281,13.26549112,13.09455838,13.17820644,13.17820644,9704000
SONY,First Wave,15-01-2020,13.02000237,13.11456113,12.99272607,13.02000237,13.02000237,5429500
SONY,First Wave,16-01-2020,13.13456436,13.22366735,13.12910858,13.20548344,13.20548344,5794500
SONY,First Wave,17-01-2020,13.22366701,13.22366701,13.12183503,13.1800251,13.1800251,3902500
SONY,First Wave,21-01-2020,13.1836622,13.1836622,13.11274313,13.11637974,13.11637974,4836000
SONY,First Wave,22-01-2020,13.19638891,13.21639199,13.12365155,13.16183853,13.16183853,3804000
SONY,First Wave,23-01-2020,13.22912294,13.22912294,13.09637718,13.20002747,13.20002747,2898500
SONY,First Wave,24-01-2020,13.2091197,13.21639379,12.9981808,13.07091904,13.07091904,3391500
SONY,First Wave,27-01-2020,12.99090768,13.03818706,12.93817252,12.96726799,12.96726799,6336500
SONY,First Wave,28-01-2020,13.03818825,13.13092871,12.97454326,13.09637833,13.09637833,4063000
SONY,First Wave,29-01-2020,13.07455551,13.0963769,13.02909444,13.05637074,13.05637074,3065000
SONY,First Wave,30-01-2020,12.84361599,12.96726937,12.76724113,12.93635559,12.93635559,4354500
SONY,First Wave,31-01-2020,12.90907857,12.90907857,12.71268782,12.76178551,12.76178551,4787000
SONY,First Wave,03-02-2020,12.7817872,12.89271244,12.77451398,12.81633759,12.81633759,9055500
SONY,First Wave,04-02-2020,13.12365423,13.43097022,12.93999248,13.27458477,13.27458477,7893500
SONY,First Wave,05-02-2020,12.84906986,12.92180723,12.79269809,12.82179356,12.82179356,8995000
SONY,First Wave,06-02-2020,12.90544059,13.01091003,12.90544059,13.01091003,13.01091003,3313000
SONY,First Wave,07-02-2020,12.91089735,12.95635843,12.6763196,12.7454195,12.7454195,7312000
SONY,First Wave,10-02-2020,12.75269181,12.76723911,12.66176966,12.7599659,12.7599659,4646500
SONY,First Wave,11-02-2020,12.8436137,12.88361899,12.76360225,12.78724194,12.78724194,4260000
SONY,First Wave,12-02-2020,12.78360654,12.87270952,12.78360654,12.86907291,12.86907291,2939500
SONY,First Wave,13-02-2020,12.71450588,12.71450588,12.6399502,12.6563158,12.6563158,4551500
SONY,First Wave,14-02-2020,12.63449388,12.64358627,12.44901384,12.51629543,12.51629543,7426000
SONY,First Wave,18-02-2020,12.07805386,12.19988893,12.01986378,12.11805916,12.11805916,11728500
SONY,First Wave,19-02-2020,12.17624965,12.25080534,12.15988318,12.19625187,12.19625187,6174500
SONY,First Wave,20-02-2020,12.16715664,12.21443603,12.00713458,12.13624287,12.13624287,6630500
SONY,First Wave,21-02-2020,12.17443009,12.18352161,11.9562171,11.99076748,11.99076748,4534500
SONY,First Wave,24-02-2020,11.63799126,11.74346071,11.54888741,11.62526226,11.62526226,7069000
SONY,First Wave,25-02-2020,11.8652953,11.91075637,11.47978705,11.56161594,11.56161594,11132000
SONY,First Wave,26-02-2020,11.70345394,11.78892031,11.59798449,11.62707996,11.62707996,7767000
SONY,First Wave,27-02-2020,11.25793735,11.4052304,11.07063814,11.07245731,11.07245731,10030000
SONY,First Wave,28-02-2020,10.81787489,11.35795023,10.7924169,11.31067085,11.31067085,13613000
SONY,First Wave,02-03-2020,11.56525367,11.68527042,11.33067508,11.66708565,11.66708565,10589500
SONY,First Wave,03-03-2020,11.59616696,11.73073189,11.37613653,11.4888792,11.4888792,8572500
SONY,First Wave,04-03-2020,11.59798507,11.81074229,11.55979808,11.78164768,11.78164768,6119000
SONY,First Wave,05-03-2020,11.61071511,11.6361731,11.4415998,11.53615856,11.53615856,6299500
SONY,First Wave,06-03-2020,11.41977901,11.4997896,11.30339886,11.47796822,11.47796822,5828000
SONY,First Wave,09-03-2020,10.58147918,10.99608291,10.54692967,10.64330673,10.64330673,6874000
SONY,First Wave,10-03-2020,11.10882646,11.11973628,10.7396838,10.97062492,10.97062492,15586500
SONY,First Wave,11-03-2020,10.71968028,10.79241765,10.4450964,10.50874138,10.50874138,6749000
SONY,First Wave,12-03-2020,9.915931492,10.08686422,9.36494544,9.55951786,9.55951786,10360500
SONY,First Wave,13-03-2020,10.24688797,10.30507718,9.690446093,10.24143219,10.24143219,10061500
SONY,First Wave,16-03-2020,9.455867583,9.794097336,9.263113449,9.397678375,9.397678375,7294500
SONY,First Wave,17-03-2020,9.712267523,10.06868119,9.574065989,10.03776741,10.03776741,8512000
SONY,First Wave,18-03-2020,9.961392755,10.56511311,9.470415068,9.96321106,9.96321106,18132500
SONY,First Wave,19-03-2020,9.975939468,10.19051496,9.746816676,10.07413483,10.07413483,11914500
SONY,First Wave,20-03-2020,10.27052682,10.34690167,9.604979741,9.648622513,9.648622513,8065000
SONY,First Wave,23-03-2020,9.808645356,9.892293431,9.379494284,9.619527817,9.619527817,7963000
SONY,First Wave,24-03-2020,10.23779469,10.36508465,10.10323064,10.36508465,10.36508465,11409500
SONY,First Wave,25-03-2020,10.61602994,10.78878186,10.24143237,10.48873997,10.48873997,6125000
SONY,First Wave,26-03-2020,10.66694602,11.00335658,10.54692927,11.00153828,11.00153828,7327000
SONY,First Wave,27-03-2020,11.04601919,11.2313549,10.88292394,10.99412537,10.99412537,9717000
SONY,First Wave,30-03-2020,11.10903417,11.2035557,10.96076558,11.15166187,11.15166187,6076000
SONY,First Wave,31-03-2020,10.98485865,11.21282208,10.86253699,10.96817875,10.96817875,5289500
SONY,First Wave,01-04-2020,10.73650974,10.82917716,10.49927929,10.53634644,10.53634644,5554500
SONY,First Wave,02-04-2020,10.8180554,10.99041766,10.73280089,10.9181366,10.9181366,5539500
SONY,First Wave,03-04-2020,10.74948336,10.84771134,10.52151991,10.6531086,10.6531086,3339000
SONY,First Wave,06-04-2020,11.08864641,11.3481173,11.02748558,11.28139591,11.28139591,5984000
SONY,First Wave,07-04-2020,11.62982873,11.65762887,11.20540932,11.24247646,11.24247646,6735500
SONY,First Wave,08-04-2020,11.32031514,11.55939877,11.25359464,11.5112114,11.5112114,5563000
SONY,First Wave,09-04-2020,11.53345329,11.57422689,11.30548986,11.41298485,11.41298485,5696500
SONY,First Wave,13-04-2020,11.305489,11.32031568,11.0293391,11.13683319,11.13683319,7758500
SONY,First Wave,14-04-2020,11.45375802,11.50009217,11.28695631,11.38518429,11.38518429,8812500
SONY,First Wave,15-04-2020,11.52789217,11.52789217,11.34997024,11.50379848,11.50379848,11036500
SONY,First Wave,16-04-2020,11.56866667,11.57793368,11.41483754,11.53530598,11.53530598,13701000
SONY,First Wave,17-04-2020,11.88744439,11.94304466,11.76697595,11.94304466,11.94304466,15911500
SONY,First Wave,20-04-2020,11.78550998,11.94119145,11.71322892,11.7780962,11.7780962,12184500
SONY,First Wave,21-04-2020,11.52974675,11.61129394,11.38147729,11.50009251,11.50009251,11018500
SONY,First Wave,22-04-2020,11.61870694,11.67245399,11.57793335,11.61685371,11.61685371,4186500
SONY,First Wave,23-04-2020,11.75585583,11.76882929,11.48341237,11.5019455,11.5019455,4927500
SONY,First Wave,24-04-2020,11.71137568,11.71137568,11.53716018,11.66874886,11.66874886,5790500
SONY,First Wave,27-04-2020,11.77068272,11.83740411,11.71693567,11.75956249,11.75956249,6166500
SONY,First Wave,28-04-2020,11.83925686,11.86891022,11.65577436,11.66133404,11.66133404,4860500
SONY,First Wave,29-04-2020,11.93748476,12.01903283,11.82998978,11.96899223,11.96899223,5968000
SONY,First Wave,30-04-2020,11.89115136,11.94304518,11.75029656,11.90783215,11.90783215,5544500
SONY,First Wave,01-05-2020,11.71878887,11.79106994,11.52047969,11.62612057,11.62612057,3126000
SONY,First Wave,04-05-2020,11.5464272,11.58905403,11.37035848,11.47970581,11.47970581,3840500
SONY,First Wave,05-05-2020,11.65577435,11.81330993,11.63538711,11.74844265,11.74844265,4786000
SONY,First Wave,06-05-2020,11.8503778,11.90968541,11.72064235,11.85223103,11.85223103,4568000
SONY,First Wave,07-05-2020,11.91153775,11.97084535,11.84296314,11.93007088,11.93007088,4502000
SONY,First Wave,08-05-2020,12.04683304,12.2117824,11.97084553,12.14135456,12.14135456,4788500
SONY,First Wave,11-05-2020,12.18954304,12.24143687,12.09872795,12.22661018,12.22661018,4584000
SONY,First Wave,12-05-2020,12.21734121,12.30630217,12.1487666,12.15618038,12.15618038,5701000
SONY,First Wave,13-05-2020,11.80218904,11.87076365,11.54642551,11.63538647,11.63538647,12719000
SONY,First Wave,14-05-2020,11.66504195,11.79848385,11.55940019,11.79848385,11.79848385,6649500
SONY,First Wave,15-05-2020,11.77253478,11.96528337,11.765121,11.86334896,11.86334896,6206000
SONY,First Wave,18-05-2020,11.67616154,11.94675177,11.61870716,11.87447071,11.87447071,9884500
SONY,First Wave,19-05-2020,11.91524431,11.92451131,11.67616154,11.68542767,11.68542767,10592000
SONY,First Wave,20-05-2020,11.71878949,11.83369826,11.6872829,11.70766926,11.70766926,10732500
SONY,First Wave,21-05-2020,11.67616189,11.74658884,11.52418598,11.62797451,11.62797451,6073000
SONY,First Wave,22-05-2020,11.71322824,11.73546782,11.6001727,11.72064114,11.72064114,4243500
SONY,First Wave,26-05-2020,11.63724079,11.70581541,11.52047969,11.52418613,11.52418613,7175500
SONY,First Wave,27-05-2020,11.5834941,11.68172208,11.49453312,11.67060184,11.67060184,7623000
SONY,First Wave,28-05-2020,11.78365563,12.1079938,11.78365563,11.96899223,11.96899223,8034500
SONY,First Wave,29-05-2020,11.89856317,12.00235081,11.79662788,12.00235081,12.00235081,5884000
SONY,First Wave,01-06-2020,12.03015353,12.16730187,11.96528536,12.13764763,12.13764763,7118000
SONY,First Wave,02-06-2020,12.2284621,12.38414445,12.21734187,12.371171,12.371171,7103000
SONY,First Wave,03-06-2020,12.23216762,12.42121065,12.22660795,12.37858295,12.37858295,13616000
SONY,First Wave,04-06-2020,12.41750369,12.49349208,12.24328822,12.26552868,12.26552868,5837000
SONY,First Wave,05-06-2020,12.33966425,12.5194403,12.33410458,12.47495937,12.47495937,6372500
SONY,First Wave,08-06-2020,12.51017379,12.74925746,12.47310664,12.70662975,12.70662975,6963000
SONY,First Wave,09-06-2020,12.68438888,12.75111027,12.58430768,12.6862421,12.6862421,4933500
SONY,First Wave,10-06-2020,12.97351359,13.08471503,12.815978,13.06803513,13.06803513,9316500
SONY,First Wave,11-06-2020,13.00501912,13.00872557,12.43603767,12.48607826,12.48607826,13922000
SONY,First Wave,12-06-2020,12.92161815,12.9420045,12.39341028,12.6565876,12.6565876,11803500
SONY,First Wave,15-06-2020,12.66956207,12.97165978,12.58245432,12.9234724,12.9234724,8200500
SONY,First Wave,16-06-2020,13.06432521,13.06617931,12.75110819,12.8530426,12.8530426,5146000
SONY,First Wave,17-06-2020,13.15143618,13.30341122,13.10880848,13.26634407,13.26634407,6876500
SONY,First Wave,18-06-2020,13.27931632,13.31638347,13.23668951,13.2607832,13.2607832,4600000
SONY,First Wave,19-06-2020,13.29229017,13.31638386,13.11251413,13.15514183,13.15514183,7569500
SONY,First Wave,22-06-2020,13.20518223,13.30897076,13.15143518,13.29043674,13.29043674,3029500
SONY,First Wave,23-06-2020,13.30897138,13.40719936,13.26819691,13.27746391,13.27746391,5948500
SONY,First Wave,24-06-2020,13.23112913,13.24780903,13.02911351,13.09398079,13.09398079,3232500
SONY,First Wave,25-06-2020,13.00316734,13.18109018,12.92162015,13.15884972,13.15884972,3411500
SONY,First Wave,26-06-2020,13.02170054,13.0513539,12.82524458,12.91420555,12.91420555,4766500
SONY,First Wave,29-06-2020,12.73998975,12.76037699,12.63064154,12.7362833,12.7362833,4860500
IMAX,First Wave,02-01-2020,20.38999939,20.5,20.25,20.5,20.5,776500
IMAX,First Wave,03-01-2020,20.30999947,20.70999908,20.20000076,20.70999908,20.70999908,275200
IMAX,First Wave,06-01-2020,20.53000069,20.87000084,20.53000069,20.81999969,20.81999969,264500
IMAX,First Wave,07-01-2020,20.79000092,20.95000076,20.61000061,20.89999962,20.89999962,294500
IMAX,First Wave,08-01-2020,20.88999939,21,19.98999977,20,20,279700
IMAX,First Wave,09-01-2020,20,20.28000069,19.43000031,19.60000038,19.60000038,354600
IMAX,First Wave,10-01-2020,19.63999939,19.73999977,19.45000076,19.62999916,19.62999916,356800
IMAX,First Wave,13-01-2020,19.60000038,19.95000076,19.54000092,19.92000008,19.92000008,205300
IMAX,First Wave,14-01-2020,19.80999947,20.18000031,19.76000023,20.17000008,20.17000008,340800
IMAX,First Wave,15-01-2020,20.15999985,20.5,20.15999985,20.23999977,20.23999977,285500
IMAX,First Wave,16-01-2020,20.42000008,20.56999969,20.32999992,20.51000023,20.51000023,279600
IMAX,First Wave,17-01-2020,20.64999962,20.72999954,20.37999916,20.42000008,20.42000008,236100
IMAX,First Wave,21-01-2020,20.19000053,20.29999924,19.5,19.54000092,19.54000092,326200
IMAX,First Wave,22-01-2020,19.52000046,19.59000015,18.88999939,19.02000046,19.02000046,647500
IMAX,First Wave,23-01-2020,18.67000008,18.70000076,17.92000008,18.29000092,18.29000092,1255700
IMAX,First Wave,24-01-2020,18.25,18.35000038,17.70999908,17.96999931,17.96999931,699600
IMAX,First Wave,27-01-2020,17.62999916,17.70000076,17.04999924,17.20999908,17.20999908,1028200
IMAX,First Wave,28-01-2020,17.29999924,17.71999931,17.17000008,17.54000092,17.54000092,634800
IMAX,First Wave,29-01-2020,17.56999969,17.64999962,16.95000076,17.12000084,17.12000084,831700
IMAX,First Wave,30-01-2020,16.95999908,17.21999931,16.73999977,17.13999939,17.13999939,468900
IMAX,First Wave,31-01-2020,17.06999969,17.14999962,16.29000092,16.54000092,16.54000092,995100
IMAX,First Wave,03-02-2020,16.62999916,17.02000046,16.56999969,16.81999969,16.81999969,1053200
IMAX,First Wave,04-02-2020,16.98999977,17.28000069,16.79000092,16.86000061,16.86000061,673000
IMAX,First Wave,05-02-2020,17.10000038,18.04000092,17.07999992,17.70999908,17.70999908,874500
IMAX,First Wave,06-02-2020,17.86000061,18.06999969,17.76000023,17.98999977,17.98999977,746700
IMAX,First Wave,07-02-2020,17.89999962,17.93000031,17.17000008,17.17000008,17.17000008,870600
IMAX,First Wave,10-02-2020,17.13999939,17.47999954,17.04999924,17.14999962,17.14999962,845800
IMAX,First Wave,11-02-2020,17.14999962,17.37000084,16.88999939,17.11000061,17.11000061,989100
IMAX,First Wave,12-02-2020,17.29999924,18.07999992,17.26000023,17.77000046,17.77000046,855200
IMAX,First Wave,13-02-2020,17.62999916,17.71999931,17.47999954,17.61000061,17.61000061,395900
IMAX,First Wave,14-02-2020,17.57999992,17.89999962,17.47999954,17.81999969,17.81999969,512000
IMAX,First Wave,18-02-2020,17.63999939,17.85000038,17.06999969,17.10000038,17.10000038,993500
IMAX,First Wave,19-02-2020,17.10000038,17.45999908,17.07999992,17.10000038,17.10000038,1497200
IMAX,First Wave,20-02-2020,17.60000038,17.81999969,16.86000061,17.20000076,17.20000076,1812800
IMAX,First Wave,21-02-2020,17.07999992,17.21999931,16.77000046,16.89999962,16.89999962,737400
IMAX,First Wave,24-02-2020,16.39999962,16.68000031,16.25,16.57999992,16.57999992,907700
IMAX,First Wave,25-02-2020,16.55999947,16.59000015,15.89999962,15.97999954,15.97999954,1031600
IMAX,First Wave,26-02-2020,15.84000015,16.13999939,15.22000027,15.47000027,15.47000027,1060800
IMAX,First Wave,27-02-2020,14.97999954,16.06999969,14.80000019,15.34000015,15.34000015,1707500
IMAX,First Wave,28-02-2020,14.90999985,16.06999969,14.85000038,15.57999992,15.57999992,1425600
IMAX,First Wave,02-03-2020,15.68999958,15.89999962,15.27999973,15.5,15.5,1672700
IMAX,First Wave,03-03-2020,15.52000046,15.92000008,15.01000023,15.31999969,15.31999969,1016600
IMAX,First Wave,04-03-2020,15.35000038,15.56999969,14.53999996,15.5,15.5,1937500
IMAX,First Wave,05-03-2020,15.06999969,15.10999966,14.39000034,14.81999969,14.81999969,1702200
IMAX,First Wave,06-03-2020,14.31999969,15.68000031,14.22000027,15.02999973,15.02999973,2217800
IMAX,First Wave,09-03-2020,14.46000004,14.81999969,14,14.44999981,14.44999981,1744100
IMAX,First Wave,10-03-2020,14.73999977,15.52999973,14.18000031,15.27999973,15.27999973,2188300
IMAX,First Wave,11-03-2020,14.89999962,15.06999969,14.27000046,14.60999966,14.60999966,1209700
IMAX,First Wave,12-03-2020,13.57999992,13.88000011,10.77000046,10.85000038,10.85000038,2025800
IMAX,First Wave,13-03-2020,11.35000038,11.57999992,10.22000027,11.10000038,11.10000038,2550500
IMAX,First Wave,16-03-2020,9.340000153,10.05000019,8.909999847,9.149999619,9.149999619,1539400
IMAX,First Wave,17-03-2020,9.010000229,9.050000191,7.059999943,7.159999847,7.159999847,2368700
IMAX,First Wave,18-03-2020,6.53000021,7.489999771,6.010000229,7.199999809,7.199999809,3355600
IMAX,First Wave,19-03-2020,7.199999809,12.43999958,7.190000057,11.47000027,11.47000027,3878100
IMAX,First Wave,20-03-2020,12.06000042,12.88000011,10.15999985,10.57999992,10.57999992,2820500
IMAX,First Wave,23-03-2020,10.69999981,11.18999958,10.01000023,10.76000023,10.76000023,1156100
IMAX,First Wave,24-03-2020,11.26000023,12.13000011,10.22000027,10.69999981,10.69999981,1428000
IMAX,First Wave,25-03-2020,11.07999992,11.31000042,10.01000023,10.14000034,10.14000034,1260900
IMAX,First Wave,26-03-2020,10.31000042,10.97999954,9.909999847,10.25,10.25,1101400
IMAX,First Wave,27-03-2020,9.630000114,9.989999771,8.729999542,9.079999924,9.079999924,1591700
IMAX,First Wave,30-03-2020,9.090000153,9.489999771,8.520000458,8.529999733,8.529999733,929300
IMAX,First Wave,31-03-2020,8.579999924,9.380000114,8.5,9.050000191,9.050000191,1346700
IMAX,First Wave,01-04-2020,8.829999924,8.989999771,8.25,8.380000114,8.380000114,1162100
IMAX,First Wave,02-04-2020,8.329999924,9.149999619,8.31000042,8.800000191,8.800000191,1037300
IMAX,First Wave,03-04-2020,8.75,9.5,8.409999847,9.329999924,9.329999924,1225900
IMAX,First Wave,06-04-2020,9.970000267,10.39000034,9.319999695,9.920000076,9.920000076,1607900
IMAX,First Wave,07-04-2020,10.84000015,10.89000034,9.829999924,10.13000011,10.13000011,1399900
IMAX,First Wave,08-04-2020,10.15999985,10.51000023,9.960000038,10.27999973,10.27999973,1420200
IMAX,First Wave,09-04-2020,10.47000027,11.25,10.39999962,10.72999954,10.72999954,1362000
IMAX,First Wave,13-04-2020,10.72999954,10.89999962,10.10000038,10.22000027,10.22000027,996000
IMAX,First Wave,14-04-2020,10.60999966,10.84000015,10.03999996,10.47999954,10.47999954,1446800
IMAX,First Wave,15-04-2020,9.93999958,10.39999962,9.630000114,10.22000027,10.22000027,1716800
IMAX,First Wave,16-04-2020,10.22000027,10.38000011,9.75,10.11999989,10.11999989,1052600
IMAX,First Wave,17-04-2020,10.93999958,11.23999977,10.10999966,11.02999973,11.02999973,2009300
IMAX,First Wave,20-04-2020,11.31999969,12.56999969,11.10000038,11.84000015,11.84000015,2026700
IMAX,First Wave,21-04-2020,11.68999958,12.10000038,11.10999966,11.56999969,11.56999969,1426600
IMAX,First Wave,22-04-2020,11.78999996,11.89000034,10.86999989,10.92000008,10.92000008,1009200
IMAX,First Wave,23-04-2020,10.81999969,11.42000008,10.65999985,11.01000023,11.01000023,761600
IMAX,First Wave,24-04-2020,10.5,10.92000008,10.30000019,10.64000034,10.64000034,1104800
IMAX,First Wave,27-04-2020,10.92000008,11.34000015,10.81999969,11.07999992,11.07999992,766200
IMAX,First Wave,28-04-2020,12.06999969,12.53999996,11.52999973,12.18999958,12.18999958,1294800
IMAX,First Wave,29-04-2020,12.56000042,12.89999962,12.27000046,12.59000015,12.59000015,1687600
IMAX,First Wave,30-04-2020,12.21000004,12.40999985,11.31000042,11.5,11.5,2059300
IMAX,First Wave,01-05-2020,11.02999973,11.61999989,10.63000011,11.60999966,11.60999966,1323700
IMAX,First Wave,04-05-2020,11.25,11.89999962,10.77999973,11.82999992,11.82999992,1748800
IMAX,First Wave,05-05-2020,11.97000027,12.14000034,11.57999992,11.60999966,11.60999966,880600
IMAX,First Wave,06-05-2020,11.68000031,11.85000038,11.26000023,11.35999966,11.35999966,694900
IMAX,First Wave,07-05-2020,11.44999981,12.03999996,11.34000015,11.81000042,11.81000042,982800
IMAX,First Wave,08-05-2020,12,12.21000004,11.82999992,12.14999962,12.14999962,528400
IMAX,First Wave,11-05-2020,12.35999966,12.55000019,12,12.13000011,12.13000011,608900
IMAX,First Wave,12-05-2020,12.15999985,12.25,11.80000019,11.80000019,11.80000019,660600
IMAX,First Wave,13-05-2020,11.80000019,12.05000019,11.53999996,11.63000011,11.63000011,1506100
IMAX,First Wave,14-05-2020,11.30000019,11.89999962,10.88000011,11.48999977,11.48999977,804500
IMAX,First Wave,15-05-2020,11.42000008,11.52999973,11.14000034,11.35999966,11.35999966,904900
IMAX,First Wave,18-05-2020,11.85999966,12.32999992,11.85000038,12.01000023,12.01000023,749300
IMAX,First Wave,19-05-2020,11.92000008,12.39999962,11.68000031,11.71000004,11.71000004,631900
IMAX,First Wave,20-05-2020,11.98999977,12.43000031,11.97000027,12.25,12.25,555900
IMAX,First Wave,21-05-2020,12.13000011,12.75,11.96000004,12.68999958,12.68999958,638000
IMAX,First Wave,22-05-2020,12.68999958,12.68999958,12.15999985,12.60000038,12.60000038,631300
IMAX,First Wave,26-05-2020,13.34000015,13.44999981,12.56999969,12.60999966,12.60999966,1311000
IMAX,First Wave,27-05-2020,12.88000011,13.39000034,12.77000046,13.22000027,13.22000027,1212600
IMAX,First Wave,28-05-2020,13.34000015,13.5,12.17000008,12.18000031,12.18000031,1032000
IMAX,First Wave,29-05-2020,12,12.80000019,11.80000019,12.60999966,12.60999966,1022400
IMAX,First Wave,01-06-2020,12.57999992,13.05000019,12.43000031,12.86999989,12.86999989,985500
IMAX,First Wave,02-06-2020,13.10000038,13.52999973,12.72999954,13.03999996,13.03999996,745300
IMAX,First Wave,03-06-2020,13.18000031,13.85000038,13.06000042,13.27999973,13.27999973,871000
IMAX,First Wave,04-06-2020,13.17000008,13.63000011,12.71000004,13.43999958,13.43999958,1209200
IMAX,First Wave,05-06-2020,14.01000023,14.40999985,13.69999981,13.89000034,13.89000034,1152300
IMAX,First Wave,08-06-2020,14.28999996,14.40999985,13.68999958,14.02000046,14.02000046,884100
IMAX,First Wave,09-06-2020,13.89999962,14.05000019,13.35000038,13.94999981,13.94999981,719900
IMAX,First Wave,10-06-2020,14.22000027,14.22000027,13.10999966,13.42000008,13.42000008,665300
IMAX,First Wave,11-06-2020,12.73999977,12.93999958,12.42000008,12.61999989,12.61999989,1152800
IMAX,First Wave,12-06-2020,13.07999992,13.18999958,12.18000031,12.77999973,12.77999973,1134700
IMAX,First Wave,15-06-2020,12.22000027,13.81000042,12.03999996,13.14000034,13.14000034,2839600
IMAX,First Wave,16-06-2020,13.67000008,13.72999954,12.53999996,12.64999962,12.64999962,1279200
IMAX,First Wave,17-06-2020,12.65999985,12.65999985,12.15999985,12.19999981,12.19999981,774000
IMAX,First Wave,18-06-2020,12.19999981,12.36999989,11.80000019,12.19999981,12.19999981,1861400
IMAX,First Wave,19-06-2020,12.30000019,12.59000015,11.68000031,11.72999954,11.72999954,1277500
IMAX,First Wave,22-06-2020,11.69999981,11.69999981,11.21000004,11.44999981,11.44999981,1010100
IMAX,First Wave,23-06-2020,11.55000019,11.64999962,11.14999962,11.57999992,11.57999992,1245900
IMAX,First Wave,24-06-2020,11.55000019,11.60000038,10.67000008,11.10000038,11.10000038,1058500
IMAX,First Wave,25-06-2020,10.97000027,11.09000015,10.69999981,10.85999966,10.85999966,829400
IMAX,First Wave,26-06-2020,10.76000023,10.82999992,10.34000015,10.53999996,10.53999996,1924500
IMAX,First Wave,29-06-2020,10.77999973,11.18999958,10.31000042,11.13000011,11.13000011,1417000
CNK,First Wave,02-01-2020,33.34482329,33.46265222,33.01098214,33.45283127,33.45283127,1158000
CNK,First Wave,03-01-2020,33.10917555,33.48228929,33.03062292,33.30554962,33.30554962,1135700
CNK,First Wave,06-01-2020,33.12881361,33.50192735,33.00116746,33.32518768,33.32518768,1014500
CNK,First Wave,07-01-2020,33.27609253,33.63938904,33.07971472,33.27609253,33.27609253,982000
CNK,First Wave,08-01-2020,33.17790508,33.43319361,31.4301467,31.52833748,31.52833748,2287400
CNK,First Wave,09-01-2020,31.67561796,31.90145487,30.35007431,30.43844414,30.43844414,2893000
CNK,First Wave,10-01-2020,30.39916715,30.9293861,30.03587065,30.56608772,30.56608772,1626400
CNK,First Wave,13-01-2020,30.6740962,31.15521976,30.56608821,30.84101677,30.84101677,1515300
CNK,First Wave,14-01-2020,30.84101564,31.21413309,30.67409507,31.05702972,31.05702972,2415700
CNK,First Wave,15-01-2020,30.93920361,31.87199345,30.93920361,31.61670494,31.61670494,2007100
CNK,First Wave,16-01-2020,31.77380753,32.245112,31.57742973,31.77380753,31.77380753,1521600
CNK,First Wave,17-01-2020,31.79344722,31.85235795,31.32214086,31.84254074,31.84254074,1567600
CNK,First Wave,21-01-2020,31.77380735,31.77380735,30.88029192,31.43014526,31.43014526,3289000
CNK,First Wave,22-01-2020,31.56761252,32.05855515,31.44978359,31.77380753,31.77380753,2174300
CNK,First Wave,23-01-2020,31.64616167,31.72471429,31.16503812,31.71489334,31.71489334,1697300
CNK,First Wave,24-01-2020,31.62652205,31.70507467,31.2926828,31.636343,31.636343,1958200
CNK,First Wave,27-01-2020,31.26322724,31.42032874,30.63482127,31.30250168,31.30250168,1945500
CNK,First Wave,28-01-2020,31.44978279,31.99963987,31.41050836,31.9309082,31.9309082,1716200
CNK,First Wave,29-01-2020,31.99964224,32.12728838,31.63634573,31.84254074,31.84254074,803000
CNK,First Wave,30-01-2020,31.59706709,31.96036357,31.32213855,31.92108727,31.92108727,938100
CNK,First Wave,31-01-2020,31.80326339,31.86217785,30.6740957,30.93920517,30.93920517,1519200
CNK,First Wave,03-02-2020,30.94902259,30.98829703,30.28134034,30.51699257,30.51699257,1627600
CNK,First Wave,04-02-2020,30.81155876,30.90974766,30.43844318,30.62500191,30.62500191,1572000
CNK,First Wave,05-02-2020,30.73300869,31.65598325,30.63482166,31.59706879,31.59706879,1163700
CNK,First Wave,06-02-2020,31.74435193,31.90145342,31.03739335,31.07666779,31.07666779,1027300
CNK,First Wave,07-02-2020,30.94902429,31.10612579,30.57590684,30.92938614,30.92938614,992700
CNK,First Wave,10-02-2020,30.84101595,31.07666819,30.10460201,30.99811745,30.99811745,1419200
CNK,First Wave,11-02-2020,31.02757485,31.18467635,30.67409556,30.96866226,30.96866226,991700
CNK,First Wave,12-02-2020,31.02757586,31.11594569,30.59554581,30.77228546,30.77228546,1062200
CNK,First Wave,13-02-2020,30.62500277,31.01775652,30.33043606,30.4580822,30.4580822,1486300
CNK,First Wave,14-02-2020,30.44826249,30.497356,29.99659429,30.21261024,30.21261024,2374900
CNK,First Wave,18-02-2020,30.21261114,31.17485828,30.1831539,31.13558197,31.13558197,1925100
CNK,First Wave,19-02-2020,31.273047,31.95054837,31.20431532,31.5381546,31.5381546,1642600
CNK,First Wave,20-02-2020,31.51851555,32.19601878,31.24358887,32.07818985,32.07818985,1446500
CNK,First Wave,21-02-2020,30.92938467,31.27304487,27.94445268,28.61213493,28.61213493,7465800
CNK,First Wave,24-02-2020,27.84626603,28.64159255,27.59097564,28.17028809,28.17028809,3058100
CNK,First Wave,25-02-2020,28.24883979,28.50413019,26.47162609,26.5109024,26.5109024,4437500
CNK,First Wave,26-02-2020,26.65818492,26.75637382,24.57658918,25.01843643,25.01843643,6282400
CNK,First Wave,27-02-2020,24.33111942,26.06905505,23.27068333,24.71405411,24.71405411,8797900
CNK,First Wave,28-02-2020,24.10528231,26.14760357,24.06600787,25.48974037,25.48974037,4828400
CNK,First Wave,02-03-2020,25.62720608,25.68611867,23.38850698,24.29184151,24.29184151,3766100
CNK,First Wave,03-03-2020,24.45876124,24.64531996,23.30995543,23.71252823,23.71252823,2712000
CNK,First Wave,04-03-2020,24.09546456,24.12491992,22.22006204,23.75180435,23.75180435,3306700
CNK,First Wave,05-03-2020,23.03416898,23.33318382,22.28662998,23.00426674,23.00426674,4529300
CNK,First Wave,06-03-2020,22.08728582,23.86144575,21.8082039,23.50262642,23.50262642,5145400
CNK,First Wave,09-03-2020,22.27666226,22.33646485,20.66197721,20.94105911,20.94105911,4522300
CNK,First Wave,10-03-2020,21.6885988,22.7650549,19.77489885,21.93777847,21.93777847,3303800
CNK,First Wave,11-03-2020,21.17030402,21.33974627,19.3064412,19.42604637,19.42604637,3325300
CNK,First Wave,12-03-2020,17.66185395,17.73162585,14.39261701,14.63183022,14.63183022,7448400
CNK,First Wave,13-03-2020,15.95746576,15.95746576,13.2962269,14.65176392,14.65176392,7679100
CNK,First Wave,16-03-2020,12.65832636,12.88757214,8.222928665,10.0967598,10.0967598,9997700
CNK,First Wave,17-03-2020,10.17649757,10.18646499,6.727850966,6.937161922,6.937161922,13341100
CNK,First Wave,18-03-2020,6.787654049,6.947128883,5.691263613,6.558408737,6.558408737,15366800
CNK,First Wave,19-03-2020,6.538474334,12.64835934,6.309229024,11.35262585,11.35262585,11303100
CNK,First Wave,20-03-2020,12.23970507,13.35602987,10.15656289,11.38252735,11.38252735,13153200
CNK,First Wave,23-03-2020,11.47223167,13.19655445,9.309352165,12.24967194,12.24967194,7076800
CNK,First Wave,24-03-2020,13.47563641,14.92087824,11.45229689,11.54200172,11.54200172,4840900
CNK,First Wave,25-03-2020,12.69819523,13.41583292,10.96390503,11.59183788,11.59183788,5175200
CNK,First Wave,26-03-2020,11.91078736,12.8477034,11.21308451,12.63839245,12.63839245,4658500
CNK,First Wave,27-03-2020,11.91078783,12.43904845,11.24298625,12.25963974,12.25963974,2788100
CNK,First Wave,30-03-2020,11.75131232,11.82108231,9.967186051,10.06685829,10.06685829,3146200
CNK,First Wave,31-03-2020,10.20639893,10.94397051,9.967186677,10.15656281,10.15656281,2895500
CNK,First Wave,01-04-2020,9.74790834,9.847580588,7.614930517,8.003650665,8.003650665,8414300
CNK,First Wave,02-04-2020,8.133223721,9.538596811,8.133223721,8.382403374,8.382403374,7744200
CNK,First Wave,03-04-2020,8.691386746,8.781091575,8.003650357,8.362469673,8.362469673,4778100
CNK,First Wave,06-04-2020,9.199712789,9.648236947,8.66148475,9.249548912,9.249548912,4339200
CNK,First Wave,07-04-2020,11.12338006,11.76128035,10.24626753,10.81439781,10.81439781,7446300
CNK,First Wave,08-04-2020,11.66160748,11.66160748,10.78449499,11.31275654,11.31275654,4473100
CNK,First Wave,09-04-2020,11.86095184,12.94737534,11.65164088,12.45898342,12.45898342,9341000
CNK,First Wave,13-04-2020,12.51878671,12.69819542,10.74462682,10.76456165,10.76456165,5658200
CNK,First Wave,14-04-2020,11.69150939,12.3094758,11.28285489,11.35262585,11.35262585,4517900
CNK,First Wave,15-04-2020,10.73466006,11.47223162,10.26620204,11.3924942,11.3924942,6240700
CNK,First Wave,16-04-2020,11.32272357,11.96062385,10.9340039,11.57190323,11.57190323,3962800
CNK,First Wave,17-04-2020,12.72809783,13.8244878,12.72809783,13.43576717,13.43576717,7381500
CNK,First Wave,20-04-2020,12.90750621,14.08363451,12.51878655,13.47563648,13.47563648,4263500
CNK,First Wave,21-04-2020,12.987244,13.71484912,12.40914725,13.48560333,13.48560333,5296000
CNK,First Wave,22-04-2020,13.69491353,13.79458578,12.35931044,12.48888397,12.48888397,4935800
CNK,First Wave,23-04-2020,12.93740778,13.56534065,12.53872069,12.79786777,12.79786777,3749700
CNK,First Wave,24-04-2020,12.83773641,12.97727737,12.12009871,12.15996742,12.15996742,4075200
CNK,First Wave,27-04-2020,12.33937688,13.74475002,12.22973818,13.20652199,13.20652199,5625300
CNK,First Wave,28-04-2020,13.95406101,14.45242034,13.23642332,14.06369972,14.06369972,5804100
CNK,First Wave,29-04-2020,14.88100977,15.96743326,14.64179657,15.28966427,15.28966427,7367300
CNK,First Wave,30-04-2020,15.05045183,15.22986054,13.92415965,14.2331419,14.2331419,8780000
CNK,First Wave,01-05-2020,13.59524261,13.80455356,12.78790009,13.47563648,13.47563648,4915400
CNK,First Wave,04-05-2020,12.81780168,13.6849468,12.29950847,13.65504551,13.65504551,4181100
CNK,First Wave,05-05-2020,14.24310892,14.46238728,13.1367516,13.19655418,13.19655418,3889500
CNK,First Wave,06-05-2020,13.27629224,13.44573449,12.5985242,12.74803162,12.74803162,3011600
CNK,First Wave,07-05-2020,13.03707944,14.11353547,12.91747332,13.56534004,13.56534004,3507000
CNK,First Wave,08-05-2020,13.86435601,14.08363438,13.50553765,14.08363438,14.08363438,3415000
CNK,First Wave,11-05-2020,14.70160041,14.73150171,13.40586595,13.53543949,13.53543949,4179700
CNK,First Wave,12-05-2020,13.67498009,13.95406104,13.00717852,13.03707981,13.03707981,2282500
CNK,First Wave,13-05-2020,13.01714627,13.03708015,11.81111664,12.14003372,12.14003372,4119600
CNK,First Wave,14-05-2020,11.88088594,12.49885136,11.17321569,11.95065594,11.95065594,4022900
CNK,First Wave,15-05-2020,11.76128031,12.15996739,11.44232969,11.84101772,11.84101772,2790300
CNK,First Wave,18-05-2020,12.40914655,13.45570129,12.1599669,13.24639034,13.24639034,6886300
CNK,First Wave,19-05-2020,13.24639069,13.92415967,12.87760491,12.93740749,12.93740749,4048300
CNK,First Wave,20-05-2020,13.16665322,13.95406091,13.10684969,13.9141922,13.9141922,3391700
CNK,First Wave,21-05-2020,14.95078015,15.06041886,13.48560342,14.17333984,14.17333984,4596800
CNK,First Wave,22-05-2020,14.21320823,14.40258436,13.89425762,13.99392986,13.99392986,2382700
CNK,First Wave,26-05-2020,15.03051671,15.97740016,14.76140317,15.39930248,15.39930248,5859200
CNK,First Wave,27-05-2020,16.1568088,17.20336455,15.76808912,17.18342972,17.18342972,6045200
CNK,First Wave,28-05-2020,17.22329938,17.33293715,15.19995979,15.24979591,15.24979591,4232900
CNK,First Wave,29-05-2020,14.84114141,15.38933592,14.29294595,14.98068142,14.98068142,3872400
CNK,First Wave,01-06-2020,14.98068052,15.75812173,14.4324851,15.56874466,15.56874466,2667100
CNK,First Wave,02-06-2020,15.72821992,16.72493951,15.63851509,15.89766216,15.89766216,5753400
CNK,First Wave,03-06-2020,16.0272356,16.79470941,15.00061567,16.28638268,16.28638268,5998900
CNK,First Wave,04-06-2020,16.31628444,16.74487184,15.53884324,16.66513443,16.66513443,5814500
CNK,First Wave,05-06-2020,18.34959093,18.84795027,17.45254449,17.58211708,17.58211708,5690500
CNK,First Wave,08-06-2020,19.30644019,19.72506208,18.25988451,19.59548759,19.59548759,4801600
CNK,First Wave,09-06-2020,18.82801462,18.84794945,17.1634944,18.10041046,18.10041046,4836600
CNK,First Wave,10-06-2020,18.66853935,18.67850676,16.73490659,17.01398659,17.01398659,4127900
CNK,First Wave,11-06-2020,15.14015583,15.82789223,14.45242038,14.92087841,14.92087841,5533000
CNK,First Wave,12-06-2020,16.26644831,16.3960228,14.78133773,15.58868027,15.58868027,3132400
CNK,First Wave,15-06-2020,14.43248525,15.78802319,14.21320784,15.27969646,15.27969646,4170700
CNK,First Wave,16-06-2020,16.26644787,16.33621787,15.00061569,15.25976276,15.25976276,3529100
CNK,First Wave,17-06-2020,15.11025493,15.48900814,14.52219076,14.66173172,14.66173172,4173900
CNK,First Wave,18-06-2020,14.4623877,15.31956538,14.10356838,15.30959797,15.30959797,3764000
CNK,First Wave,19-06-2020,15.82789214,16.10697309,13.92415969,14.01386452,14.01386452,6800500
CNK,First Wave,22-06-2020,14.01386497,14.73150173,13.27629243,14.12350368,14.12350368,5271500
CNK,First Wave,23-06-2020,14.27301057,14.46238764,13.465669,13.9141922,13.9141922,4135200
CNK,First Wave,24-06-2020,13.54540655,13.8244875,12.199836,12.76796627,12.76796627,4982200
CNK,First Wave,25-06-2020,12.12009864,12.62842538,11.96062381,12.3294096,12.3294096,4645900
CNK,First Wave,26-06-2020,12.23970484,12.24967226,11.26292102,11.35262585,11.35262585,15121400
CNK,First Wave,29-06-2020,10.97387227,11.74134512,10.31603813,11.61177158,11.61177158,6848300
NFLX,Second Wave,01-07-2020,454,488.230011,454,485.6400146,485.6400146,9705900
NFLX,Second Wave,02-07-2020,485.6400146,492.2799988,475.5299988,476.8900146,476.8900146,6351500
NFLX,Second Wave,06-07-2020,480.769989,499.5,479.7999878,493.8099976,493.8099976,7839000
NFLX,Second Wave,07-07-2020,497.3099976,504.8200073,490.8299866,493.1600037,493.1600037,5669900
NFLX,Second Wave,08-07-2020,498.5799866,505.1000061,493.8099976,502.7799988,502.7799988,5691700
NFLX,Second Wave,09-07-2020,508.3999939,510,495.7799988,507.7600098,507.7600098,5840500
NFLX,Second Wave,10-07-2020,519.7299805,555.8800049,511.2799988,548.7299805,548.7299805,21605600
NFLX,Second Wave,13-07-2020,567.9799805,575.3699951,520.960022,525.5,525.5,18399000
NFLX,Second Wave,14-07-2020,517.0800171,525.5,490.4899902,524.8800049,524.8800049,15083300
NFLX,Second Wave,15-07-2020,516.2999878,529,510.1799927,523.2600098,523.2600098,10066700
NFLX,Second Wave,16-07-2020,526.4799805,535.539978,504.3599854,527.3900146,527.3900146,24499000
NFLX,Second Wave,17-07-2020,494.8699951,503.5899963,484.1400146,492.9899902,492.9899902,24991400
NFLX,Second Wave,20-07-2020,489.1400146,504.5,484.2000122,502.4100037,502.4100037,11940300
NFLX,Second Wave,21-07-2020,506,506.2200012,488.6099854,490.1000061,490.1000061,9113700
NFLX,Second Wave,22-07-2020,492.1900024,497.2000122,487.2000122,489.8200073,489.8200073,6954100
NFLX,Second Wave,23-07-2020,491.1300049,491.8999939,472.019989,477.5799866,477.5799866,7722000
NFLX,Second Wave,24-07-2020,468.769989,487.1700134,467.5400085,480.4500122,480.4500122,7746200
NFLX,Second Wave,27-07-2020,484.5100098,496.9200134,482.3099976,495.6499939,495.6499939,7863100
NFLX,Second Wave,28-07-2020,496.019989,497.7900085,487.7600098,488.5100098,488.5100098,5986700
NFLX,Second Wave,29-07-2020,492.25,494.9200134,484.1300049,484.480011,484.480011,6611800
NFLX,Second Wave,30-07-2020,480.7099915,488.3500061,477.5100098,485.7999878,485.7999878,6608600
NFLX,Second Wave,31-07-2020,488.2900085,494.7999878,484.5,488.8800049,488.8800049,5916300
NFLX,Second Wave,03-08-2020,490.8599854,503.0899963,490.230011,498.6199951,498.6199951,5873100
NFLX,Second Wave,04-08-2020,498.6499939,510.4400024,498.6499939,509.6400146,509.6400146,5608000
NFLX,Second Wave,05-08-2020,508.6799927,510.1000061,501.2000122,502.1099854,502.1099854,4308200
NFLX,Second Wave,06-08-2020,504.1099854,510.8200073,498.7000122,509.0799866,509.0799866,3725900
NFLX,Second Wave,07-08-2020,505.4500122,508.2900085,486.6799927,494.730011,494.730011,5910300
NFLX,Second Wave,10-08-2020,493.3500061,497.4599915,478.6300049,483.3800049,483.3800049,4691200
NFLX,Second Wave,11-08-2020,479.75,480.9200134,466.5499878,466.9299927,466.9299927,7329200
NFLX,Second Wave,12-08-2020,471.3399963,482.4899902,470.1799927,475.4700012,475.4700012,5439200
NFLX,Second Wave,13-08-2020,478.3999939,484.4500122,476.4500122,481.3299866,481.3299866,3008900
NFLX,Second Wave,14-08-2020,482.8200073,488.3299866,480.2099915,482.6799927,482.6799927,2943500
NFLX,Second Wave,17-08-2020,484.1900024,486.2399902,479.1000061,482.3500061,482.3500061,2423500
NFLX,Second Wave,18-08-2020,484.3500061,495.2999878,482.7999878,491.8699951,491.8699951,3505500
NFLX,Second Wave,19-08-2020,493.9299927,494.5,483.5,484.5299988,484.5299988,3156200
NFLX,Second Wave,20-08-2020,484.6900024,498.9400024,483.8900146,497.8999939,497.8999939,5132500
NFLX,Second Wave,21-08-2020,496.4599915,498.1300049,490,492.3099976,492.3099976,3921300
NFLX,Second Wave,24-08-2020,495.4400024,501,483.1600037,488.8099976,488.8099976,4762200
NFLX,Second Wave,25-08-2020,488.1900024,492.4700012,485.0899963,490.5799866,490.5799866,5727700
NFLX,Second Wave,26-08-2020,492.5,549.039978,492.0799866,547.5300293,547.5300293,20373700
NFLX,Second Wave,27-08-2020,537.7800293,541,521.25,526.2700195,526.2700195,9062900
NFLX,Second Wave,28-08-2020,532,539,522,523.8900146,523.8900146,4417500
NFLX,Second Wave,31-08-2020,521.1599731,531.9899902,517.5800171,529.5599976,529.5599976,4941400
NFLX,Second Wave,01-09-2020,532.5999756,557.3900146,532.4500122,556.5499878,556.5499878,9572700
NFLX,Second Wave,02-09-2020,553.7800293,556.5,537.3699951,552.8400269,552.8400269,5886900
NFLX,Second Wave,03-09-2020,545,554,521.3200073,525.75,525.75,9071100
NFLX,Second Wave,04-09-2020,520.1799927,527.3599854,485.980011,516.0499878,516.0499878,8270100
NFLX,Second Wave,08-09-2020,498.3999939,522,495,507.019989,507.019989,5572700
NFLX,Second Wave,09-09-2020,519.210022,520,492.5700073,500.1900024,500.1900024,6848100
NFLX,Second Wave,10-09-2020,503.3500061,506.2900085,478.8399963,480.6700134,480.6700134,6240200
NFLX,Second Wave,11-09-2020,486.4899902,493.730011,476.8099976,482.0299988,482.0299988,5035200
NFLX,Second Wave,14-09-2020,480.6199951,488.9899902,471.2999878,476.2600098,476.2600098,7359100
NFLX,Second Wave,15-09-2020,484,497.4700012,481.6300049,495.9899902,495.9899902,5337000
NFLX,Second Wave,16-09-2020,499.9899902,504.6600037,483.3099976,483.8599854,483.8599854,4394900
NFLX,Second Wave,17-09-2020,475.1600037,478.3999939,463.269989,470.2000122,470.2000122,5379300
NFLX,Second Wave,18-09-2020,472.5100098,479.3999939,458.6000061,469.9599915,469.9599915,6717700
NFLX,Second Wave,21-09-2020,467.6900024,487.7799988,466.3200073,487.3500061,487.3500061,5457500
NFLX,Second Wave,22-09-2020,489.0100098,491.8200073,479.2600098,491.1700134,491.1700134,3482300
NFLX,Second Wave,23-09-2020,491.0400085,491.0400085,469,470.6099854,470.6099854,3726400
NFLX,Second Wave,24-09-2020,470.5299988,477,467.8200073,473.0799866,473.0799866,3727200
NFLX,Second Wave,25-09-2020,474.3900146,484.8699951,468.0299988,482.8800049,482.8800049,3769400
NFLX,Second Wave,28-09-2020,489.1099854,492,477.8800049,490.6499939,490.6499939,4773500
NFLX,Second Wave,29-09-2020,489.5,496.2900085,486.5299988,493.480011,493.480011,3541500
NFLX,Second Wave,30-09-2020,492.5700073,504.6300049,489.269989,500.0299988,500.0299988,4634100
NFLX,Second Wave,01-10-2020,506.0299988,529.5499878,503.6000061,527.5100098,527.5100098,8153700
NFLX,Second Wave,02-10-2020,516.4299927,526.3699951,502.7000122,503.0599976,503.0599976,6071200
NFLX,Second Wave,05-10-2020,506.7999878,520.9899902,501.7000122,520.6500244,520.6500244,4088100
NFLX,Second Wave,06-10-2020,518.7199707,521.8200073,504.1600037,505.8699951,505.8699951,4199000
NFLX,Second Wave,07-10-2020,518,536.4899902,515.8200073,534.6599731,534.6599731,7988700
NFLX,Second Wave,08-10-2020,533.4799805,535,524.1500244,531.789978,531.789978,5386500
NFLX,Second Wave,09-10-2020,537.8300171,544.2800293,535,539.4400024,539.4400024,4781300
NFLX,Second Wave,12-10-2020,548.8099976,551.8099976,538.2399902,539.8099976,539.8099976,5391100
NFLX,Second Wave,13-10-2020,540.5599976,557.6500244,537.2000122,554.0900269,554.0900269,5602500
NFLX,Second Wave,14-10-2020,562.6099854,572.4899902,541,541.4500122,541.4500122,9499000
NFLX,Second Wave,15-10-2020,545.5200195,551.2199707,535.0999756,541.9400024,541.9400024,5113100
NFLX,Second Wave,16-10-2020,549.5,554.3300171,530.0300293,530.789978,530.789978,6347400
NFLX,Second Wave,19-10-2020,537.0700073,541.7999878,525.3800049,530.7199707,530.7199707,7567500
NFLX,Second Wave,20-10-2020,528.1400146,533.7800293,522.2600098,525.4199829,525.4199829,10047200
NFLX,Second Wave,21-10-2020,501.0299988,506.8500061,488.25,489.0499878,489.0499878,17405700
NFLX,Second Wave,22-10-2020,494.6900024,495.1400146,482,485.230011,485.230011,6997900
NFLX,Second Wave,23-10-2020,488.1099854,490.0599976,481.3500061,488.2799988,488.2799988,4927900
NFLX,Second Wave,26-10-2020,487.0299988,496.8200073,478.8999939,488.2399902,488.2399902,6186100
NFLX,Second Wave,27-10-2020,490.0100098,490.4899902,482.9299927,488.9299927,488.9299927,3627200
NFLX,Second Wave,28-10-2020,486.3599854,494,483.2799988,486.2399902,486.2399902,5992700
NFLX,Second Wave,29-10-2020,488.5,513.9000244,479.3399963,504.2099915,504.2099915,11120700
NFLX,Second Wave,30-10-2020,502.0100098,505.8800049,472.2099915,475.7399902,475.7399902,7807900
NFLX,Second Wave,02-11-2020,478.8699951,486.2999878,475,484.1199951,484.1199951,4408200
NFLX,Second Wave,03-11-2020,484.9299927,495.3099976,478.7600098,487.2200012,487.2200012,3690200
NFLX,Second Wave,04-11-2020,495.3599854,507.730011,493.980011,496.9500122,496.9500122,5137300
NFLX,Second Wave,05-11-2020,506.5599976,518.7299805,503.4500122,513.7600098,513.7600098,5372800
NFLX,Second Wave,06-11-2020,515,515.210022,502.5100098,514.7299805,514.7299805,4236300
NFLX,Second Wave,09-11-2020,485.5400085,495.8500061,467.2600098,470.5,470.5,10419700
NFLX,Second Wave,10-11-2020,470.9500122,484.6000061,463.4100037,480.2399902,480.2399902,8306100
NFLX,Second Wave,11-11-2020,483,491.6799927,478.2600098,490.7600098,490.7600098,5460500
NFLX,Second Wave,12-11-2020,491,496.519989,480.4299927,486.769989,486.769989,5063700
NFLX,Second Wave,13-11-2020,486.769989,488.9400024,477.7999878,482.8399963,482.8399963,3002700
NFLX,Second Wave,16-11-2020,480,485.5799866,477.2999878,479.1000061,479.1000061,3953600
NFLX,Second Wave,17-11-2020,480.1199951,487.5100098,478.8500061,480.6300049,480.6300049,3698100
NFLX,Second Wave,18-11-2020,481.9500122,488.6099854,477.7200012,481.7900085,481.7900085,3629200
NFLX,Second Wave,19-11-2020,482,487.7999878,480.4700012,484.6700134,484.6700134,2254700
NFLX,Second Wave,20-11-2020,485.2200012,494.7600098,481.5700073,488.2399902,488.2399902,4253400
NFLX,Second Wave,23-11-2020,490.4599915,491.1499939,475.8399963,476.6199951,476.6199951,5416600
NFLX,Second Wave,24-11-2020,478.8399963,484.0499878,475.8900146,482.8800049,482.8800049,3550500
NFLX,Second Wave,25-11-2020,485.1300049,486.8999939,478.9200134,485,485,3598600
NFLX,Second Wave,27-11-2020,486.5799866,493.25,481.8500061,491.3599854,491.3599854,2805800
NFLX,Second Wave,30-11-2020,490.0799866,492.5499878,481.269989,490.7000122,490.7000122,3530900
NFLX,Second Wave,01-12-2020,492.3399963,509.4700012,491.980011,504.5799866,504.5799866,5052700
NFLX,Second Wave,02-12-2020,501.6199951,506.7999878,493.5,503.3800049,503.3800049,3028400
NFLX,Second Wave,03-12-2020,502.9899902,508.769989,496.0400085,497.519989,497.519989,2826100
NFLX,Second Wave,04-12-2020,497.5,504.5,493.6400146,498.3099976,498.3099976,3666200
NFLX,Second Wave,07-12-2020,500.0100098,517.7600098,497.769989,515.7800293,515.7800293,4289300
NFLX,Second Wave,08-12-2020,517.9000244,521.4899902,505.5499878,512.6599731,512.6599731,4229000
NFLX,Second Wave,09-12-2020,510.5299988,514.5,491.2900085,493.6000061,493.6000061,4178800
NFLX,Second Wave,10-12-2020,494.5599976,503.769989,492.9100037,501.0899963,501.0899963,3018200
NFLX,Second Wave,11-12-2020,495,503.3399963,494.8500061,503.2200012,503.2200012,3210900
NFLX,Second Wave,14-12-2020,505.4400024,524.1599731,501.1799927,522.4199829,522.4199829,5770400
NFLX,Second Wave,15-12-2020,518.5,524.7000122,513.5599976,519.7800293,519.7800293,3394900
NFLX,Second Wave,16-12-2020,520.1099854,527.3800049,517.6900024,524.8300171,524.8300171,3682400
NFLX,Second Wave,17-12-2020,529,535.4899902,526.4400024,532.9000244,532.9000244,3193400
NFLX,Second Wave,18-12-2020,533.2000122,536.3699951,526.0200195,534.4500122,534.4500122,4502700
NFLX,Second Wave,21-12-2020,530.0499878,532.6199951,521.1500244,528.9099731,528.9099731,3894000
NFLX,Second Wave,22-12-2020,527.6900024,530.4000244,520.5,527.3300171,527.3300171,1906600
NFLX,Second Wave,23-12-2020,524.7600098,526.3200073,514.2000122,514.4799805,514.4799805,2393200
NFLX,Second Wave,24-12-2020,515.1199951,519.3499756,512.210022,513.9699707,513.9699707,1144000
NFLX,Second Wave,28-12-2020,516.4299927,523.6599731,507.1300049,519.1199951,519.1199951,2891900
NFLX,Second Wave,29-12-2020,519.9000244,536.5499878,515.4799805,530.8699951,530.8699951,4022400
NFLX,Second Wave,30-12-2020,530.1300049,533.2600098,523.6900024,524.5900269,524.5900269,1876300
DIS,Second Wave,01-07-2020,111.4432747,114.1893496,110.9197434,111.6309586,111.6309586,11930900
DIS,Second Wave,02-07-2020,113.5966685,113.6954467,110.6332772,110.8110809,110.8110809,10312000
DIS,Second Wave,06-07-2020,112.440946,113.1324009,111.5222944,113.0336227,113.0336227,11933400
DIS,Second Wave,07-07-2020,112.2433853,113.6756957,111.2358356,112.2433853,112.2433853,10836500
DIS,Second Wave,08-07-2020,112.095217,115.7006703,111.4333872,115.236412,115.236412,13629500
DIS,Second Wave,09-07-2020,115.0882479,116.4118925,113.9720323,115.3845825,115.3845825,13582900
DIS,Second Wave,10-07-2020,115.4043323,117.9824832,114.7918954,117.8836975,117.8836975,14207900
DIS,Second Wave,13-07-2020,118.4763871,118.6640635,114.4758058,114.8017807,114.8017807,15620200
DIS,Second Wave,14-07-2020,113.8238687,117.6268862,113.1422863,117.2120132,117.2120132,12425100
DIS,Second Wave,15-07-2020,120.145755,120.6001407,118.2393064,119.4246674,119.4246674,15314200
DIS,Second Wave,16-07-2020,116.2834783,118.5257744,116.1649399,117.9726105,117.9726105,10210100
DIS,Second Wave,17-07-2020,117.4490748,118.101017,115.6315243,117.2021255,117.2021255,9843500
DIS,Second Wave,20-07-2020,116.6094523,117.044078,115.3944586,116.352623,116.352623,8947900
DIS,Second Wave,21-07-2020,116.6094565,118.9208982,116.2242163,117.1725006,117.1725006,8946300
DIS,Second Wave,22-07-2020,116.7477382,117.8441936,116.4909089,117.5774841,117.5774841,7063300
DIS,Second Wave,23-07-2020,117.4095642,117.8935827,115.5821411,116.6785965,116.6785965,7255800
DIS,Second Wave,24-07-2020,114.2881238,116.7674967,114.1202001,116.1748199,116.1748199,8233300
DIS,Second Wave,27-07-2020,115.7698172,115.9871338,114.2683689,114.8906784,114.8906784,9413000
DIS,Second Wave,28-07-2020,114.0510529,115.4142102,113.2805724,114.7622681,114.7622681,6821100
DIS,Second Wave,29-07-2020,114.8017832,115.2858017,113.7053278,114.1992264,114.1992264,9496500
DIS,Second Wave,30-07-2020,113.5077712,114.8709286,111.9865628,114.2486191,114.2486191,9713500
DIS,Second Wave,31-07-2020,113.8139807,115.6216511,112.7274054,115.5129929,115.5129929,9601000
DIS,Second Wave,03-08-2020,114.7523873,115.690799,113.9423939,114.930191,114.930191,10229200
DIS,Second Wave,04-08-2020,114.5449545,116.905789,114.3473981,115.8587265,115.8587265,17293900
DIS,Second Wave,05-08-2020,121.8645302,128.7198369,121.7756246,126.0527878,126.0527878,53000200
DIS,Second Wave,06-08-2020,125.4107128,130.0237308,124.0771883,129.2236176,129.2236176,27238000
DIS,Second Wave,07-08-2020,128.6309368,130.3299489,127.0899757,128.3444672,128.3444672,16088600
DIS,Second Wave,10-08-2020,128.166668,129.7175166,126.9220491,127.2183762,127.2183762,8529200
DIS,Second Wave,11-08-2020,128.9371493,131.1399325,128.4136181,128.897644,128.897644,13885700
DIS,Second Wave,12-08-2020,129.07545,131.3770191,128.8976537,130.181778,130.181778,12204200
DIS,Second Wave,13-08-2020,129.0458057,130.7349453,128.8581218,129.361908,129.361908,6468600
DIS,Second Wave,14-08-2020,128.4234904,129.4804404,128.156796,128.937149,128.937149,6507600
DIS,Second Wave,17-08-2020,128.5124083,128.5519135,126.9714321,127.7913055,127.7913055,7492200
DIS,Second Wave,18-08-2020,127.8604605,128.008624,126.7936378,127.3468018,127.3468018,6714600
DIS,Second Wave,19-08-2020,127.6727737,128.6309381,125.8749833,126.2108307,126.2108307,7624200
DIS,Second Wave,20-08-2020,125.2526724,126.8825315,124.985963,126.5565567,126.5565567,4918100
DIS,Second Wave,21-08-2020,126.1614391,126.7442358,125.6774207,125.8848572,125.8848572,6064700
DIS,Second Wave,24-08-2020,126.5861866,129.2828834,126.3688776,129.0951996,129.0951996,7613600
DIS,Second Wave,25-08-2020,129.2334942,129.490316,127.7320384,128.2061768,128.2061768,5494400
DIS,Second Wave,26-08-2020,128.4136261,130.9819047,127.9394877,130.5670166,130.5670166,8447800
DIS,Second Wave,27-08-2020,131.3770111,134.6960099,131.1992149,132.0980988,132.0980988,13667600
DIS,Second Wave,28-08-2020,132.8586993,135.1306355,131.9499279,133.8860016,133.8860016,11020100
DIS,Second Wave,31-08-2020,133.5995624,133.8860169,129.6483738,130.2608032,130.2608032,11617500
DIS,Second Wave,01-09-2020,130.3101893,131.9795688,129.2927595,131.9203033,131.9203033,7351200
DIS,Second Wave,02-09-2020,131.9993214,134.26137,131.6338263,133.7378387,133.7378387,8187800
DIS,Second Wave,03-09-2020,133.5896841,135.5652783,130.4089763,131.61409,131.61409,12079200
DIS,Second Wave,04-09-2020,132.1178663,133.2340819,127.8407029,130.3793488,130.3793488,11248300
DIS,Second Wave,08-09-2020,130.3793546,135.466504,129.263139,132.5623779,132.5623779,17257300
DIS,Second Wave,09-09-2020,132.6413918,133.8958983,130.6460374,131.7326202,131.7326202,8891800
DIS,Second Wave,10-09-2020,131.9499374,135.0812524,131.1201915,131.5943298,131.5943298,9853400
DIS,Second Wave,11-09-2020,132.1079792,132.1079792,129.490308,130.1422577,130.1422577,7165300
DIS,Second Wave,14-09-2020,130.9127556,131.3078684,129.3026414,129.6483765,129.6483765,8391900
DIS,Second Wave,15-09-2020,129.8558206,130.9226283,129.4112998,129.638504,129.638504,7289100
DIS,Second Wave,16-09-2020,130.5571445,131.9894473,129.7965365,130.4781189,130.4781189,6601000
DIS,Second Wave,17-09-2020,128.9569105,130.1620241,127.0307092,128.6309357,128.6309357,6723500
DIS,Second Wave,18-09-2020,127.9197195,129.1939711,126.5565547,127.0603409,127.0603409,9916300
DIS,Second Wave,21-09-2020,124.4426827,125.3415742,122.0818407,123.8796387,123.8796387,10352700
DIS,Second Wave,22-09-2020,123.7314602,125.9144908,123.1782887,125.6576614,125.6576614,6978800
DIS,Second Wave,23-09-2020,125.5193791,125.7465758,121.4002669,121.7756271,121.7756271,8323600
DIS,Second Wave,24-09-2020,120.4420982,122.2892814,119.30613,120.9952621,120.9952621,8480000
DIS,Second Wave,25-09-2020,119.8790556,122.6745232,119.5036954,122.4868393,122.4868393,6851800
DIS,Second Wave,28-09-2020,124.2154836,125.311939,123.8401234,124.4525528,124.4525528,6283700
DIS,Second Wave,29-09-2020,124.3834098,124.7488974,122.1707464,123.8697586,123.8697586,7405800
DIS,Second Wave,30-09-2020,121.7361111,124.0179275,121.7361111,122.5658646,122.5658646,13642500
DIS,Second Wave,01-10-2020,123.4153738,123.9389051,120.9261209,121.8052597,121.8052597,8908300
DIS,Second Wave,02-10-2020,120.501371,122.1707506,120.2050364,121.0545425,121.0545425,6490200
DIS,Second Wave,05-10-2020,121.7558666,122.0917139,120.837215,121.8645248,121.8645248,5919200
DIS,Second Wave,06-10-2020,121.6274505,122.6745205,119.1382052,119.4542999,119.4542999,9052000
DIS,Second Wave,07-10-2020,120.4618492,121.8052538,119.4542995,121.410141,121.410141,10187800
DIS,Second Wave,08-10-2020,122.07197,122.2398937,120.9261218,121.587944,121.587944,7404600
DIS,Second Wave,09-10-2020,122.3386718,124.0179314,121.8250206,123.4548874,123.4548874,11502200
DIS,Second Wave,12-10-2020,123.3758618,124.4031717,122.220141,123.4450073,123.4450073,10958200
DIS,Second Wave,13-10-2020,128.2160603,129.7570213,126.3392444,127.3863144,127.3863144,22389000
DIS,Second Wave,14-10-2020,127.5641126,127.9197201,123.7610954,125.0452271,125.0452271,11531500
DIS,Second Wave,15-10-2020,123.4746378,125.8453523,122.9115937,125.8058395,125.8058395,7744000
DIS,Second Wave,16-10-2020,126.2503475,126.5565622,124.788412,125.2625504,125.2625504,6291700
DIS,Second Wave,19-10-2020,125.8157173,125.84535,122.2003763,122.714035,122.714035,6576900
DIS,Second Wave,20-10-2020,123.0597671,124.1957353,122.1312354,123.4252472,123.4252472,6161200
DIS,Second Wave,21-10-2020,122.8424437,126.0033913,122.328785,125.0847397,125.0847397,6591500
DIS,Second Wave,22-10-2020,125.1242563,126.536814,124.4328013,126.0033951,126.0033951,5177700
DIS,Second Wave,23-10-2020,126.5368108,126.9319236,124.8081584,126.7837601,126.7837601,5439900
DIS,Second Wave,26-10-2020,125.5588964,125.5588964,121.4496566,122.5461121,122.5461121,8578900
DIS,Second Wave,27-10-2020,122.5164748,123.089399,121.5286777,121.8052597,121.8052597,6813800
DIS,Second Wave,28-10-2020,119.5333358,120.046987,116.8761591,117.0243301,117.0243301,11654700
DIS,Second Wave,29-10-2020,116.7181104,121.1335571,115.7994587,120.0568619,120.0568619,9583700
DIS,Second Wave,30-10-2020,119.1678442,120.2642996,117.6367556,119.770401,119.770401,8090200
DIS,Second Wave,02-11-2020,120.748315,121.4298974,118.3479677,118.6640625,118.6640625,9186000
DIS,Second Wave,03-11-2020,120.1260122,123.5437894,119.888943,122.5065994,122.5065994,8144900
DIS,Second Wave,04-11-2020,122.0719695,125.3119428,121.9040458,123.5437851,123.5437851,7483000
DIS,Second Wave,05-11-2020,125.232917,127.0504601,124.2648801,125.4107208,125.4107208,7654800
DIS,Second Wave,06-11-2020,124.7192638,126.4775339,123.0893971,125.9046173,125.9046173,6259700
DIS,Second Wave,09-11-2020,138.5484067,145.8778589,136.3851438,140.8499756,140.8499756,35634700
DIS,Second Wave,10-11-2020,138.2619692,140.6326763,135.9900327,140.3758545,140.3758545,18115400
DIS,Second Wave,11-11-2020,139.7436521,140.2671834,134.9528303,136.1381989,136.1381989,9600900
DIS,Second Wave,12-11-2020,134.6762578,136.8000307,132.4636018,133.866272,133.866272,13768200
DIS,Second Wave,13-11-2020,139.1805982,139.4670678,134.8540574,136.6716003,136.6716003,21062300
DIS,Second Wave,16-11-2020,139.8424401,142.9737551,139.8424401,142.9046021,142.9046021,16382500
DIS,Second Wave,17-11-2020,142.6378933,143.0626539,140.8203503,142.7366791,142.7366791,9354900
DIS,Second Wave,18-11-2020,142.7366662,143.704703,141.6007056,142.1439819,142.1439819,9456200
DIS,Second Wave,19-11-2020,140.8302495,141.5513372,139.9708557,139.9906158,139.9906158,8892500
DIS,Second Wave,20-11-2020,139.9807308,140.8697421,139.1410972,139.3485413,139.3485413,8481600
DIS,Second Wave,23-11-2020,140.7117009,145.9470288,139.9708531,144.1986237,144.1986237,12887000
DIS,Second Wave,24-11-2020,146.3520367,150.0068833,146.045822,149.6414032,149.6414032,16711700
DIS,Second Wave,25-11-2020,148.4362688,148.4362688,145.4432449,147.2706604,147.2706604,9552000
DIS,Second Wave,27-11-2020,147.1817705,148.5153027,144.7419104,145.3345947,145.3345947,5306400
DIS,Second Wave,30-11-2020,145.2654228,146.8755367,144.5048149,146.2038269,146.2038269,9710100
DIS,Second Wave,01-12-2020,147.7448278,149.5524833,147.1817761,147.6164093,147.6164093,8825500
DIS,Second Wave,02-12-2020,147.6658,152.1306322,146.5298243,151.7355194,151.7355194,10601900
DIS,Second Wave,03-12-2020,151.5774699,152.5553945,150.2735855,151.3700409,151.3700409,9063200
DIS,Second Wave,04-12-2020,151.8145428,152.7924523,150.9452765,152.2590485,152.2590485,6033300
DIS,Second Wave,07-12-2020,151.3107584,152.0022285,150.4019869,151.804657,151.804657,6815500
DIS,Second Wave,08-12-2020,150.560038,152.9900255,150.3921142,151.8441772,151.8441772,7900600
DIS,Second Wave,09-12-2020,154.3828204,155.5385564,152.0121131,152.545517,152.545517,10804300
DIS,Second Wave,10-12-2020,151.4490604,153.4443997,150.6390596,152.8023376,152.8023376,8993200
DIS,Second Wave,11-12-2020,167.609411,177.2601932,163.3125025,173.5757141,173.5757141,87410700
DIS,Second Wave,14-12-2020,171.6791416,175.1364315,166.7500286,167.2340546,167.2340546,30939400
DIS,Second Wave,15-12-2020,168.4095316,172.3409598,165.7721152,171.8174286,171.8174286,18802600
DIS,Second Wave,16-12-2020,171.8668248,172.7163309,169.5257354,171.007431,171.007431,11105800
DIS,Second Wave,17-12-2020,171.6988994,172.7064416,169.8615962,171.4321899,171.4321899,9004600
DIS,Second Wave,18-12-2020,171.4815855,173.6942414,170.1776861,170.7802429,170.7802429,21172100
DIS,Second Wave,21-12-2020,168.0144019,169.8418325,166.1375935,168.6070862,168.6070862,11424200
DIS,Second Wave,22-12-2020,167.9255047,169.3578075,167.0957588,168.3700104,168.3700104,6419200
DIS,Second Wave,23-12-2020,170.8493933,173.802897,170.1974436,171.4321899,171.4321899,9994000
DIS,Second Wave,24-12-2020,171.8668222,172.4496189,170.2764683,171.6099854,171.6099854,2721000
DIS,Second Wave,28-12-2020,173.6053489,177.7244612,172.913894,176.6773987,176.6773987,13145400
DIS,Second Wave,29-12-2020,177.8133505,178.0010344,174.0696062,175.1364288,175.1364288,6875400
DIS,Second Wave,30-12-2020,176.3217816,181.1619813,176.1933631,178.959198,178.959198,11680400
LYV,Second Wave,01-07-2020,44.86000061,47.95000076,44.79999924,46.02000046,46.02000046,3014300
LYV,Second Wave,02-07-2020,46.90000153,47.36000061,45.11999893,45.36000061,45.36000061,1748800
LYV,Second Wave,06-07-2020,46.79000092,46.79000092,44.59000015,45.45999908,45.45999908,2922800
LYV,Second Wave,07-07-2020,45.13000107,45.38999939,44.29000092,45.04000092,45.04000092,2373400
LYV,Second Wave,08-07-2020,44.91999817,46.40999985,44.70000076,46.06000137,46.06000137,3223200
LYV,Second Wave,09-07-2020,46.15000153,46.24000168,43.45999908,45.04999924,45.04999924,3081700
LYV,Second Wave,10-07-2020,44.90000153,46.84000015,44.68000031,46.43999863,46.43999863,3386400
LYV,Second Wave,13-07-2020,46.86000061,47.22999954,45.27000046,45.65999985,45.65999985,3059200
LYV,Second Wave,14-07-2020,45.65000153,47.20000076,44.91999817,46.40999985,46.40999985,2541800
LYV,Second Wave,15-07-2020,48.72999954,52.09000015,48.43000031,51.84000015,51.84000015,5627200
LYV,Second Wave,16-07-2020,50.70000076,51.77999878,49.86000061,50.84999847,50.84999847,3358700
LYV,Second Wave,17-07-2020,50.84999847,51.25999832,49.95999908,51.04000092,51.04000092,2161000
LYV,Second Wave,20-07-2020,50.61000061,51.77000046,48.59999847,49.20999908,49.20999908,2487900
LYV,Second Wave,21-07-2020,49.52000046,50.45999908,48.97999954,49.18000031,49.18000031,1764600
LYV,Second Wave,22-07-2020,48.79000092,49.79000092,48.50999832,48.99000168,48.99000168,1614300
LYV,Second Wave,23-07-2020,48.56000137,48.97999954,47.31999969,48,48,2054400
LYV,Second Wave,24-07-2020,47.93999863,48.59999847,47.15999985,47.91999817,47.91999817,1142400
LYV,Second Wave,27-07-2020,47.84999847,47.88000107,46.5,47.34000015,47.34000015,1896900
LYV,Second Wave,28-07-2020,47.08000183,47.86999893,46.74000168,47.29000092,47.29000092,1786700
LYV,Second Wave,29-07-2020,47.18999863,47.66999817,46.27999878,46.93999863,46.93999863,1447900
LYV,Second Wave,30-07-2020,46.31000137,46.63000107,45.81999969,46.47000122,46.47000122,1540100
LYV,Second Wave,31-07-2020,46.65999985,47.29000092,45.41999817,46.81000137,46.81000137,1606500
LYV,Second Wave,03-08-2020,46.68000031,47.04000092,44.95000076,46.66999817,46.66999817,1661900
LYV,Second Wave,04-08-2020,46.61999893,48.99000168,46.43999863,47.75999832,47.75999832,1965200
LYV,Second Wave,05-08-2020,48.5,48.59999847,47.04000092,47.63999939,47.63999939,2078300
LYV,Second Wave,06-08-2020,47.11000061,47.5,45.56999969,47.47000122,47.47000122,4398200
LYV,Second Wave,07-08-2020,47.11000061,47.97999954,46.43999863,47.65000153,47.65000153,2237300
LYV,Second Wave,10-08-2020,48.00999832,52.09000015,48.00999832,50.79999924,50.79999924,3381000
LYV,Second Wave,11-08-2020,52.13999939,53.04999924,51.29999924,51.68999863,51.68999863,3263300
LYV,Second Wave,12-08-2020,52.40999985,52.5,50.75,51.34999847,51.34999847,1181100
LYV,Second Wave,13-08-2020,50.97999954,52.02000046,50.88000107,51.29999924,51.29999924,1302000
LYV,Second Wave,14-08-2020,50.61999893,51.93999863,50.59999847,51.47999954,51.47999954,1120900
LYV,Second Wave,17-08-2020,51.65999985,51.65999985,49.65000153,50.88999939,50.88999939,2395900
LYV,Second Wave,18-08-2020,50.79999924,51.02000046,49.79999924,50.31999969,50.31999969,1195300
LYV,Second Wave,19-08-2020,50.61999893,52,50.43999863,51.56000137,51.56000137,1774600
LYV,Second Wave,20-08-2020,50.75,51.75999832,50.5,51.54999924,51.54999924,1501000
LYV,Second Wave,21-08-2020,51.47999954,52.63999939,51.02000046,51.11999893,51.11999893,1524900
LYV,Second Wave,24-08-2020,51.38999939,54.11999893,51.11000061,54.09000015,54.09000015,2363700
LYV,Second Wave,25-08-2020,54.15999985,54.72000122,52.97000122,53.68000031,53.68000031,2291300
LYV,Second Wave,26-08-2020,53.45999908,53.74000168,52.18000031,52.63999939,52.63999939,1889900
LYV,Second Wave,27-08-2020,53.36999893,58.5,53.02000046,57.25999832,57.25999832,6403100
LYV,Second Wave,28-08-2020,57.40999985,59.02999878,57.02000046,58.70999908,58.70999908,3098100
LYV,Second Wave,31-08-2020,58.72999954,58.72999954,56.65999985,56.79999924,56.79999924,2263600
LYV,Second Wave,01-09-2020,56.11000061,58,55.84999847,57.20000076,57.20000076,1845700
LYV,Second Wave,02-09-2020,56.65999985,57.93999863,56.45000076,57.90000153,57.90000153,1779000
LYV,Second Wave,03-09-2020,58,59.47999954,55.38000107,56.09999847,56.09999847,2563200
LYV,Second Wave,04-09-2020,56.99000168,58.29999924,56.02999878,57.58000183,57.58000183,3629900
LYV,Second Wave,08-09-2020,56.02999878,58.52999878,55.66999817,57.81000137,57.81000137,2403600
LYV,Second Wave,09-09-2020,58,58.13000107,56.04999924,57.24000168,57.24000168,2774300
LYV,Second Wave,10-09-2020,57.52999878,59.31000137,56.74000168,56.93000031,56.93000031,2619500
LYV,Second Wave,11-09-2020,56.99000168,57.43000031,56.36999893,57.13999939,57.13999939,1304000
LYV,Second Wave,14-09-2020,57.70000076,58.86999893,57,58.65999985,58.65999985,1498700
LYV,Second Wave,15-09-2020,58.65999985,59.06000137,57.83000183,58.84999847,58.84999847,2074600
LYV,Second Wave,16-09-2020,58.91999817,60.66999817,58.68999863,59.97000122,59.97000122,2756800
LYV,Second Wave,17-09-2020,59.38999939,60.24000168,57.90999985,58.56000137,58.56000137,1534700
LYV,Second Wave,18-09-2020,58.41999817,58.75999832,56.50999832,56.99000168,56.99000168,2911400
LYV,Second Wave,21-09-2020,55.5,55.75999832,52.50999832,53.15999985,53.15999985,4599200
LYV,Second Wave,22-09-2020,53.54000092,54.08000183,52.27999878,53.11000061,53.11000061,2077300
LYV,Second Wave,23-09-2020,53.63000107,54.13999939,51.29999924,51.34000015,51.34000015,2379800
LYV,Second Wave,24-09-2020,50.77999878,52.18000031,50.11999893,50.90999985,50.90999985,2202000
LYV,Second Wave,25-09-2020,50.79000092,53.58000183,50.77999878,53.24000168,53.24000168,1743900
LYV,Second Wave,28-09-2020,54.18999863,55.09000015,53.29999924,54.40999985,54.40999985,1531700
LYV,Second Wave,29-09-2020,54.16999817,54.31999969,53,53.29000092,53.29000092,1456300
LYV,Second Wave,30-09-2020,53.61999893,55.5,53.45000076,53.88000107,53.88000107,1611800
LYV,Second Wave,01-10-2020,54.36999893,54.58000183,52.93000031,53.74000168,53.74000168,1286000
LYV,Second Wave,02-10-2020,52.24000168,55.25,52.11999893,54.72999954,54.72999954,1358900
LYV,Second Wave,05-10-2020,55.27999878,55.52000046,53.93000031,54.56000137,54.56000137,1814600
LYV,Second Wave,06-10-2020,55.00999832,56.68000031,53.79999924,54.20999908,54.20999908,1942800
LYV,Second Wave,07-10-2020,55.22999954,55.97000122,54.43000031,54.81999969,54.81999969,1174600
LYV,Second Wave,08-10-2020,55.25,56.38000107,54.63999939,56.27000046,56.27000046,1525300
LYV,Second Wave,09-10-2020,56.95000076,57.97999954,56.75999832,56.83000183,56.83000183,1584200
LYV,Second Wave,12-10-2020,56.13000107,56.36999893,54.68999863,55.84000015,55.84000015,1142900
LYV,Second Wave,13-10-2020,55.84000015,55.84000015,54.61999893,54.68999863,54.68999863,1122000
LYV,Second Wave,14-10-2020,54.5,55.41999817,54.15000153,54.36000061,54.36000061,975100
LYV,Second Wave,15-10-2020,53.66999817,54.59999847,52.5,54.36999893,54.36999893,1574900
LYV,Second Wave,16-10-2020,54.66999817,55.54000092,54.18999863,54.59999847,54.59999847,1201700
LYV,Second Wave,19-10-2020,55.16999817,55.95000076,53.75999832,53.97000122,53.97000122,1537000
LYV,Second Wave,20-10-2020,54.59000015,56.40999985,54.25999832,55.63999939,55.63999939,1991600
LYV,Second Wave,21-10-2020,55.06999969,55.68999863,54.25,55.29000092,55.29000092,1195400
LYV,Second Wave,22-10-2020,55.81000137,57.09000015,55.59999847,56.83000183,56.83000183,1569200
LYV,Second Wave,23-10-2020,57.18999863,57.74000168,56.00999832,57.15999985,57.15999985,1596000
LYV,Second Wave,26-10-2020,55.95000076,56.43000031,52.90999985,54.52999878,54.52999878,1958600
LYV,Second Wave,27-10-2020,53.77000046,53.90999985,51.81999969,51.84999847,51.84999847,2242100
LYV,Second Wave,28-10-2020,50.65999985,50.65999985,48.90999985,49.40000153,49.40000153,3433500
LYV,Second Wave,29-10-2020,49.06999969,50,48.52999878,49.66999817,49.66999817,2133200
LYV,Second Wave,30-10-2020,49.40999985,49.95000076,47.97000122,48.79999924,48.79999924,1978000
LYV,Second Wave,02-11-2020,49.38999939,50.47999954,48.56999969,50.22999954,50.22999954,1709500
LYV,Second Wave,03-11-2020,51.11000061,53.97000122,50.88000107,53.34000015,53.34000015,2917400
LYV,Second Wave,04-11-2020,53,55.99000168,52.45000076,54.72999954,54.72999954,2763900
LYV,Second Wave,05-11-2020,55.33000183,56.75999832,54.88000107,56.43000031,56.43000031,1975600
LYV,Second Wave,06-11-2020,55.99000168,56.54999924,53.15000153,56.04000092,56.04000092,2995800
LYV,Second Wave,09-11-2020,67.40000153,72.72000122,64.16999817,64.36000061,64.36000061,14776500
LYV,Second Wave,10-11-2020,62.75,65.51000214,62.49000168,65.26000214,65.26000214,5791100
LYV,Second Wave,11-11-2020,65.30999756,65.61000061,62.70999908,63.68999863,63.68999863,3643100
LYV,Second Wave,12-11-2020,62.86999893,63.36000061,61.5,62.24000168,62.24000168,3106900
LYV,Second Wave,13-11-2020,62.83000183,66.44999695,62.75,66.08000183,66.08000183,4079400
LYV,Second Wave,16-11-2020,68.86000061,69.54000092,66.16000366,68.31999969,68.31999969,5280500
LYV,Second Wave,17-11-2020,66.93000031,69.05000305,66.80999756,68.77999878,68.77999878,3470600
LYV,Second Wave,18-11-2020,69.40000153,71.01999664,67.01000214,67.08999634,67.08999634,4362900
LYV,Second Wave,19-11-2020,66.84999847,68.45999908,66.48999786,66.91000366,66.91000366,1589900
LYV,Second Wave,20-11-2020,66.66000366,67.02999878,65,66.30999756,66.30999756,2082500
LYV,Second Wave,23-11-2020,67.26000214,68.86000061,66.75,68.30000305,68.30000305,2105900
LYV,Second Wave,24-11-2020,69.80000305,70.52999878,68.83000183,69.30999756,69.30999756,2555000
LYV,Second Wave,25-11-2020,69.08999634,69.08999634,67.23000336,68.29000092,68.29000092,1219200
LYV,Second Wave,27-11-2020,68.43000031,68.80999756,67.04000092,67.23000336,67.23000336,808800
LYV,Second Wave,30-11-2020,66.73999786,67.25,64.91999817,65.65000153,65.65000153,2262300
LYV,Second Wave,01-12-2020,66.55999756,69.33000183,66.25,68.11000061,68.11000061,2794400
LYV,Second Wave,02-12-2020,67.65000153,70.38999939,66.87000275,69.90000153,69.90000153,2646500
LYV,Second Wave,03-12-2020,70.44000244,70.83000183,68.70999908,69.22000122,69.22000122,1891200
LYV,Second Wave,04-12-2020,69.62000275,70.22000122,69.51000214,70,70,2250400
LYV,Second Wave,07-12-2020,69.5,70.12999725,68.5,69.93000031,69.93000031,2155100
LYV,Second Wave,08-12-2020,69.59999847,70.61000061,68.94999695,69.88999939,69.88999939,2525700
LYV,Second Wave,09-12-2020,71.11000061,71.34999847,68.61000061,70.26000214,70.26000214,1985300
LYV,Second Wave,10-12-2020,69.54000092,72.43000031,69.40000153,72.33000183,72.33000183,2295100
LYV,Second Wave,11-12-2020,71.23999786,71.95999908,69.68000031,70.93000031,70.93000031,2605400
LYV,Second Wave,14-12-2020,71.90000153,74.25,70.26999664,70.34999847,70.34999847,2534700
LYV,Second Wave,15-12-2020,70.47000122,73.72000122,70.37999725,73.16999817,73.16999817,3226900
LYV,Second Wave,16-12-2020,73.05000305,73.62999725,72.18000031,72.98000336,72.98000336,1717000
LYV,Second Wave,17-12-2020,73.23999786,74.29000092,72.51000214,73.98000336,73.98000336,1799900
LYV,Second Wave,18-12-2020,74.12000275,74.44999695,73.11000061,73.43000031,73.43000031,4166300
LYV,Second Wave,21-12-2020,70.90000153,73.08000183,70.31999969,72.18000031,72.18000031,2453200
LYV,Second Wave,22-12-2020,72.38999939,72.62999725,71.26000214,72.01000214,72.01000214,1847500
LYV,Second Wave,23-12-2020,72.01999664,73.05999756,71.58000183,71.62999725,71.62999725,1845500
LYV,Second Wave,24-12-2020,71.93000031,72.04000092,71.34999847,71.63999939,71.63999939,381800
LYV,Second Wave,28-12-2020,71.77999878,75.56999969,71.73000336,74.68000031,74.68000031,2305000
LYV,Second Wave,29-12-2020,75,75.33999634,74.18000031,74.51000214,74.51000214,1921700
LYV,Second Wave,30-12-2020,74.25,75.08999634,74.25,74.56999969,74.56999969,1233000
WBD,Second Wave,01-07-2020,21.22999954,21.79999924,20.96999931,21.06999969,21.06999969,4210100
WBD,Second Wave,02-07-2020,21.51000023,21.75,20.70000076,20.79000092,20.79000092,3699200
WBD,Second Wave,06-07-2020,21.27000046,21.37000084,20.72999954,21.23999977,21.23999977,5097400
WBD,Second Wave,07-07-2020,21.04000092,21.06999969,20.27000046,20.36000061,20.36000061,3862500
WBD,Second Wave,08-07-2020,20.37999916,20.44000053,19.98999977,20.21999931,20.21999931,4261900
WBD,Second Wave,09-07-2020,20.20999908,20.22999954,19.11000061,19.25,19.25,6459800
WBD,Second Wave,10-07-2020,19.25,20.37000084,19.20999908,20.22999954,20.22999954,5275800
WBD,Second Wave,13-07-2020,20.36000061,20.93000031,19.70999908,20.52000046,20.52000046,6806300
WBD,Second Wave,14-07-2020,20.20999908,20.95000076,20.10000038,20.64999962,20.64999962,2873100
WBD,Second Wave,15-07-2020,20.92000008,22.04999924,20.90999985,21.78000069,21.78000069,6513600
WBD,Second Wave,16-07-2020,21.56999969,22.12000084,21.48999977,22.02000046,22.02000046,3763200
WBD,Second Wave,17-07-2020,21.77000046,22.21999931,21.37999916,21.42000008,21.42000008,2707500
WBD,Second Wave,20-07-2020,21.25,21.40999985,20.56999969,20.77000046,20.77000046,3975100
WBD,Second Wave,21-07-2020,20.95000076,21.44000053,20.82999992,20.97999954,20.97999954,2812000
WBD,Second Wave,22-07-2020,20.95999908,21.35000038,20.76000023,21.11000061,21.11000061,2178500
WBD,Second Wave,23-07-2020,21.13999939,21.55999947,21.02000046,21.35000038,21.35000038,2780900
WBD,Second Wave,24-07-2020,21.45000076,21.69000053,20.86000061,21.14999962,21.14999962,2344200
WBD,Second Wave,27-07-2020,21.12000084,21.17000008,20.63999939,20.87999916,20.87999916,1861400
WBD,Second Wave,28-07-2020,20.19000053,21.02000046,20.19000053,20.78000069,20.78000069,2604200
WBD,Second Wave,29-07-2020,20.87000084,21.10000038,20.62999916,21,21,1756100
WBD,Second Wave,30-07-2020,20.70000076,21.23999977,20.54999924,21.14999962,21.14999962,2603900
WBD,Second Wave,31-07-2020,21.05999947,21.12000084,20.69000053,21.10000038,21.10000038,2581900
WBD,Second Wave,03-08-2020,21.18000031,21.45000076,20.82999992,21.34000015,21.34000015,3774500
WBD,Second Wave,04-08-2020,21.47999954,22.54999924,21.29999924,22.01000023,22.01000023,6025100
WBD,Second Wave,05-08-2020,23,23,21.05999947,21.12000084,21.12000084,8065300
WBD,Second Wave,06-08-2020,21.10000038,21.79000092,21.06999969,21.62999916,21.62999916,6525200
WBD,Second Wave,07-08-2020,21.55999947,21.90999985,20.87999916,20.97999954,20.97999954,6863700
WBD,Second Wave,10-08-2020,21.10000038,21.84000015,21.10000038,21.78000069,21.78000069,4900600
WBD,Second Wave,11-08-2020,21.97999954,23.67000008,21.95000076,22.47999954,22.47999954,7525200
WBD,Second Wave,12-08-2020,22.79999924,22.84000015,21.80999947,21.81999969,21.81999969,3153400
WBD,Second Wave,13-08-2020,21.68000031,22.12000084,21.53000069,21.96999931,21.96999931,2462400
WBD,Second Wave,14-08-2020,21.93000031,22.72999954,21.85000038,22.62000084,22.62000084,2470100
WBD,Second Wave,17-08-2020,22.46999931,22.54000092,21.70000076,22.09000015,22.09000015,2614800
WBD,Second Wave,18-08-2020,22.13999939,22.29000092,21.94000053,22.05999947,22.05999947,2199000
WBD,Second Wave,19-08-2020,22.36000061,22.51000023,22.05999947,22.21999931,22.21999931,1967400
WBD,Second Wave,20-08-2020,22.02000046,22.37999916,21.88999939,22.12999916,22.12999916,2768000
WBD,Second Wave,21-08-2020,22,22.15999985,21.77000046,21.98999977,21.98999977,2042700
WBD,Second Wave,24-08-2020,21.94000053,22.87999916,21.88999939,22.80999947,22.80999947,3604400
WBD,Second Wave,25-08-2020,22.93000031,23.01000023,22.37999916,22.86000061,22.86000061,3359600
WBD,Second Wave,26-08-2020,22.88999939,23.04999924,22.56999969,22.77000046,22.77000046,2597200
WBD,Second Wave,27-08-2020,22.77000046,23.12000084,22.64999962,22.86000061,22.86000061,3296500
WBD,Second Wave,28-08-2020,22.87999916,22.97999954,22.69000053,22.87999916,22.87999916,3012800
WBD,Second Wave,31-08-2020,22.79999924,22.95000076,21.98999977,22.06999969,22.06999969,4060200
WBD,Second Wave,01-09-2020,22.04000092,22.04000092,21.27000046,21.42000008,21.42000008,4101100
WBD,Second Wave,02-09-2020,21.29999924,22.12999916,21.21999931,21.80999947,21.80999947,4066100
WBD,Second Wave,03-09-2020,21.96999931,22.68000031,21.45999908,21.63999939,21.63999939,5404400
WBD,Second Wave,04-09-2020,21.87999916,22.87999916,21.79999924,22.80999947,22.80999947,9453100
WBD,Second Wave,08-09-2020,22.56999969,23.20000076,22.43000031,22.5,22.5,5360100
WBD,Second Wave,09-09-2020,22.52000046,23.19000053,22.12000084,23.05999947,23.05999947,4488500
WBD,Second Wave,10-09-2020,23.22999954,23.79999924,23.22999954,23.45000076,23.45000076,5316900
WBD,Second Wave,11-09-2020,23.40999985,23.57999992,22.54999924,22.82999992,22.82999992,5007600
WBD,Second Wave,14-09-2020,23,23.88999939,22.90999985,23.77000046,23.77000046,5051900
WBD,Second Wave,15-09-2020,23.85000038,24.12000084,23.63999939,23.81999969,23.81999969,3402000
WBD,Second Wave,16-09-2020,23.94000053,24.77000046,23.88999939,24.27000046,24.27000046,3517100
WBD,Second Wave,17-09-2020,24.04999924,24.68000031,23.88999939,24.20000076,24.20000076,4015500
WBD,Second Wave,18-09-2020,24.04000092,24.31999969,23.76000023,23.87999916,23.87999916,5109500
WBD,Second Wave,21-09-2020,23.43000031,23.52000046,22.29000092,22.42000008,22.42000008,4096500
WBD,Second Wave,22-09-2020,22.42000008,22.77000046,22.18000031,22.32999992,22.32999992,2466500
WBD,Second Wave,23-09-2020,22,22.57999992,21.09000015,21.12000084,21.12000084,3930700
WBD,Second Wave,24-09-2020,21.20999908,21.54999924,20.79000092,21.31999969,21.31999969,3377200
WBD,Second Wave,25-09-2020,21.06999969,21.42000008,20.87000084,21.32999992,21.32999992,2414600
WBD,Second Wave,28-09-2020,21.75,22.12000084,21.55999947,21.95000076,21.95000076,3105700
WBD,Second Wave,29-09-2020,21.93000031,22.12999916,21.59000015,21.75,21.75,2295800
WBD,Second Wave,30-09-2020,21.88999939,22.29999924,21.63999939,21.77000046,21.77000046,2872700
WBD,Second Wave,01-10-2020,21.88999939,22.02000046,21.23999977,21.51000023,21.51000023,3595600
WBD,Second Wave,02-10-2020,21.14999962,21.60000038,21.05999947,21.5,21.5,2568400
WBD,Second Wave,05-10-2020,21.95999908,22.12999916,21.62000084,21.90999985,21.90999985,2154700
WBD,Second Wave,06-10-2020,22.04999924,22.12000084,21.48999977,21.52000046,21.52000046,2557200
WBD,Second Wave,07-10-2020,21.53000069,22.34000015,21.40999985,22.19000053,22.19000053,2665900
WBD,Second Wave,08-10-2020,22.32999992,22.79000092,22.28000069,22.77000046,22.77000046,3097500
WBD,Second Wave,09-10-2020,22.85000038,23.04999924,22.22999954,22.23999977,22.23999977,3039800
WBD,Second Wave,12-10-2020,22.17000008,22.42000008,21.90999985,22.34000015,22.34000015,1877600
WBD,Second Wave,13-10-2020,22.26000023,22.44000053,21.45999908,21.56999969,21.56999969,5107300
WBD,Second Wave,14-10-2020,21.64999962,21.76000023,20.88999939,20.93000031,20.93000031,6082400
WBD,Second Wave,15-10-2020,20.84000015,21.03000069,20.54000092,20.96999931,20.96999931,4019200
WBD,Second Wave,16-10-2020,20.88999939,21.15999985,20.55999947,20.95999908,20.95999908,2750000
WBD,Second Wave,19-10-2020,21.15999985,21.20000076,20.12999916,20.20000076,20.20000076,2728000
WBD,Second Wave,20-10-2020,20.47999954,20.48999977,20.12999916,20.25,20.25,2815200
WBD,Second Wave,21-10-2020,20.11000061,20.81999969,20.01000023,20.71999931,20.71999931,3812400
WBD,Second Wave,22-10-2020,21.09000015,21.37999916,20.77000046,21.18000031,21.18000031,2905200
WBD,Second Wave,23-10-2020,21.43000031,21.43000031,20.71999931,21.10000038,21.10000038,2149100
WBD,Second Wave,26-10-2020,20.93000031,20.97999954,20.28000069,20.52000046,20.52000046,2916500
WBD,Second Wave,27-10-2020,20.38999939,20.47999954,20.09000015,20.10000038,20.10000038,4401400
WBD,Second Wave,28-10-2020,19.79999924,19.96999931,19.20000076,19.27000046,19.27000046,5059100
WBD,Second Wave,29-10-2020,19.12999916,19.84000015,19.06999969,19.73999977,19.73999977,5898000
WBD,Second Wave,30-10-2020,19.80999947,20.23999977,19.67000008,20.23999977,20.23999977,4915000
WBD,Second Wave,02-11-2020,20.78000069,21.25,20.02000046,21.12000084,21.12000084,5148400
WBD,Second Wave,03-11-2020,21.38999939,21.79999924,20.97999954,21.12000084,21.12000084,5467700
WBD,Second Wave,04-11-2020,21,21.05999947,20.20999908,20.53000069,20.53000069,6833900
WBD,Second Wave,05-11-2020,21.12000084,21.59000015,20.62999916,21.43000031,21.43000031,7766600
WBD,Second Wave,06-11-2020,21.37000084,21.42000008,20.46999931,20.93000031,20.93000031,4866300
WBD,Second Wave,09-11-2020,21.86000061,23.07999992,21.69000053,22.12000084,22.12000084,6480800
WBD,Second Wave,10-11-2020,22.12000084,22.98999977,21.95999908,22.92000008,22.92000008,4378600
WBD,Second Wave,11-11-2020,22.88999939,22.95000076,22.36000061,22.44000053,22.44000053,4366000
WBD,Second Wave,12-11-2020,22.45999908,22.5,21.56999969,21.79999924,21.79999924,3520900
WBD,Second Wave,13-11-2020,22.02000046,23.45999908,21.93000031,23.12000084,23.12000084,5139300
WBD,Second Wave,16-11-2020,23.70000076,24.37000084,23.62000084,24.06999969,24.06999969,7796000
WBD,Second Wave,17-11-2020,23.59000015,24.56999969,23.46999931,24.29999924,24.29999924,4434900
WBD,Second Wave,18-11-2020,24.31999969,25.04999924,24.10000038,24.5,24.5,6499300
WBD,Second Wave,19-11-2020,24.13999939,25.19000053,24.13999939,25.03000069,25.03000069,5849500
WBD,Second Wave,20-11-2020,24.89999962,25.57999992,24.75,25.48999977,25.48999977,10031300
WBD,Second Wave,23-11-2020,25.79999924,26.62999916,25.56999969,26.5,26.5,8470900
WBD,Second Wave,24-11-2020,26.98999977,27.37999916,26.78000069,27.20000076,27.20000076,6544200
WBD,Second Wave,25-11-2020,26.89999962,27.35000038,26.71999931,27.29999924,27.29999924,5946300
WBD,Second Wave,27-11-2020,27.19000053,27.65999985,27.12000084,27.47999954,27.47999954,3959900
WBD,Second Wave,30-11-2020,27.27000046,27.40999985,26.71999931,26.90999985,26.90999985,7719400
WBD,Second Wave,01-12-2020,27.38999939,28.15999985,27.13999939,27.68000031,27.68000031,11279500
WBD,Second Wave,02-12-2020,29.20999908,29.21999931,27.13999939,28.37000084,28.37000084,10500200
WBD,Second Wave,03-12-2020,28.79000092,29.20000076,28.04999924,28.23999977,28.23999977,8932000
WBD,Second Wave,04-12-2020,28.34000015,28.78000069,28.15999985,28.47999954,28.47999954,7208900
WBD,Second Wave,07-12-2020,28.29000092,28.80999947,28.04000092,28.79999924,28.79999924,7088300
WBD,Second Wave,08-12-2020,28.46999931,28.85000038,27.81999969,28.09000015,28.09000015,11304800
WBD,Second Wave,09-12-2020,28.18000031,28.62999916,28.13999939,28.5,28.5,5417400
WBD,Second Wave,10-12-2020,28.20999908,29.04999924,28.10000038,28.79000092,28.79000092,6368300
WBD,Second Wave,11-12-2020,28.64999962,28.97999954,28.5,28.93000031,28.93000031,8342200
WBD,Second Wave,14-12-2020,29.12000084,29.18000031,28.43000031,28.64999962,28.64999962,7387400
WBD,Second Wave,15-12-2020,28.84000015,28.84000015,27.90999985,28.71999931,28.71999931,4314600
WBD,Second Wave,16-12-2020,28.65999985,29.02000046,28.39999962,28.79000092,28.79000092,5955100
WBD,Second Wave,17-12-2020,28.79000092,28.88999939,28.20999908,28.73999977,28.73999977,6260300
WBD,Second Wave,18-12-2020,28,28.51000023,27.37000084,27.79999924,27.79999924,8319800
WBD,Second Wave,21-12-2020,27.36000061,27.60000038,26.87000084,27.37000084,27.37000084,9440200
WBD,Second Wave,22-12-2020,27.55999947,27.62000084,26.92000008,27.20999908,27.20999908,5403400
WBD,Second Wave,23-12-2020,27.39999962,28.45999908,27.31999969,28.26000023,28.26000023,5542200
WBD,Second Wave,24-12-2020,28.29000092,28.72999954,27.96999931,28.56999969,28.56999969,3471600
WBD,Second Wave,28-12-2020,28.70999908,29.46999931,28.30999947,29.45000076,29.45000076,5020500
WBD,Second Wave,29-12-2020,29.56999969,29.79999924,29.18000031,29.69000053,29.69000053,4271800
WBD,Second Wave,30-12-2020,29.69000053,30.01000023,29.45000076,29.80999947,29.80999947,3191200
FOXA,Second Wave,01-07-2020,25.13255525,25.53400422,24.72177005,25.14189148,25.14189148,3724500
FOXA,Second Wave,02-07-2020,25.79541267,25.88877319,24.71243491,24.7964592,24.7964592,3614200
FOXA,Second Wave,06-07-2020,25.2165793,25.47798839,24.38567445,24.74044228,24.74044228,5096700
FOXA,Second Wave,07-07-2020,24.49770641,24.62841007,23.92820885,23.98422623,23.98422623,3815000
FOXA,Second Wave,08-07-2020,23.88152818,23.96555246,23.33537211,23.62011909,23.62011909,4276500
FOXA,Second Wave,09-07-2020,23.60144642,23.73215006,22.34108405,22.7518692,22.7518692,5923700
FOXA,Second Wave,10-07-2020,22.80788535,23.69947473,22.60249188,23.63879013,23.63879013,3359700
FOXA,Second Wave,13-07-2020,23.44273406,23.83951398,22.72386048,23.30269241,23.30269241,5806900
FOXA,Second Wave,14-07-2020,23.13464732,23.73681898,22.85456579,23.36804771,23.36804771,3664900
FOXA,Second Wave,15-07-2020,23.64812788,24.44168957,23.64812788,24.3296566,24.3296566,5356100
FOXA,Second Wave,16-07-2020,24.15227609,24.61907693,24.05891557,24.43235588,24.43235588,2200500
FOXA,Second Wave,17-07-2020,24.44168911,24.60973767,23.34937521,23.60144806,23.60144806,5080000
FOXA,Second Wave,20-07-2020,23.47074417,23.70414457,22.68185144,23.11597633,23.11597633,3842300
FOXA,Second Wave,21-07-2020,23.26534792,23.965549,23.16265119,23.71347618,23.71347618,4913000
FOXA,Second Wave,22-07-2020,23.77883008,24.22696017,23.5454297,24.18961525,24.18961525,2859700
FOXA,Second Wave,23-07-2020,24.33898933,24.76844692,24.22228915,24.49770164,24.49770164,4029800
FOXA,Second Wave,24-07-2020,24.66575402,25.56201069,24.57239351,24.88981819,24.88981819,4132900
FOXA,Second Wave,27-07-2020,24.81512778,24.98317633,23.72281395,24.01222992,24.01222992,4550900
FOXA,Second Wave,28-07-2020,23.84418363,24.44635525,23.76295861,24.03090286,24.03090286,2593900
FOXA,Second Wave,29-07-2020,24.15227484,24.32032164,23.72281717,24.14293861,24.14293861,2170100
FOXA,Second Wave,30-07-2020,23.80684239,24.27364322,23.5827782,24.10559464,24.10559464,3669700
FOXA,Second Wave,31-07-2020,24.12426793,24.12426793,23.49875472,24.05891609,24.05891609,3924900
FOXA,Second Wave,03-08-2020,24.05891234,24.66575299,23.74148767,24.6097374,24.6097374,3825000
FOXA,Second Wave,04-08-2020,24.56305564,25.39396221,24.44168822,24.89915276,24.89915276,5462500
FOXA,Second Wave,05-08-2020,23.67613686,24.00289599,22.61182984,23.08329964,23.08329964,7628100
FOXA,Second Wave,06-08-2020,23.24668135,23.63879412,23.0039447,23.33070564,23.33070564,5962300
FOXA,Second Wave,07-08-2020,23.21867102,23.43339894,22.65850974,23.03195,23.03195,7072300
FOXA,Second Wave,10-08-2020,22.97593973,23.20934016,22.56982168,22.77988243,22.77988243,9867100
FOXA,Second Wave,11-08-2020,23.13464841,23.8021737,22.95726361,23.02261543,23.02261543,7979000
FOXA,Second Wave,12-08-2020,23.29335903,23.47074204,22.96659814,23.26535034,23.26535034,4732500
FOXA,Second Wave,13-08-2020,23.1906618,23.90953539,23.08796506,23.87219048,23.87219048,6538900
FOXA,Second Wave,14-08-2020,23.89086299,24.31565161,23.53609342,24.03090286,24.03090286,3036100
FOXA,Second Wave,17-08-2020,24.17094243,24.20828734,23.50341721,23.862854,23.862854,3101200
FOXA,Second Wave,18-08-2020,23.87219389,24.08692184,23.76016269,23.93287849,23.93287849,2673600
FOXA,Second Wave,19-08-2020,23.90019985,24.41367999,23.89086362,24.13360023,24.13360023,3437600
FOXA,Second Wave,20-08-2020,24.00289375,24.2923115,23.81617452,24.17094231,24.17094231,4719000
FOXA,Second Wave,21-08-2020,24.10559491,24.32032287,23.87219449,24.27364349,24.27364349,3016600
FOXA,Second Wave,24-08-2020,24.34832896,25.33794613,24.27364091,25.18857002,25.18857002,3620800
FOXA,Second Wave,25-08-2020,25.16055939,25.42196665,24.65641376,25.11387825,25.11387825,4075300
FOXA,Second Wave,26-08-2020,25.01118705,25.48265507,24.85247471,25.34728241,25.34728241,4463600
FOXA,Second Wave,27-08-2020,25.58068091,25.96812639,25.47798595,25.73939323,25.73939323,3601200
FOXA,Second Wave,28-08-2020,25.76740562,25.98213357,25.59002081,25.96813011,25.96813011,3859700
FOXA,Second Wave,31-08-2020,26.14084503,26.52362154,25.81408411,26.01014137,26.01014137,5925300
FOXA,Second Wave,01-09-2020,25.22880158,25.96307334,25.22880158,25.83128166,25.83128166,4016500
FOXA,Second Wave,02-09-2020,25.86893449,26.45258665,25.85952054,26.2454834,26.2454834,3517400
FOXA,Second Wave,03-09-2020,26.42434137,26.94209763,25.61475997,25.74655342,25.74655342,6258200
FOXA,Second Wave,04-09-2020,26.2454811,26.33020483,25.624175,26.03837967,26.03837967,4928700
FOXA,Second Wave,08-09-2020,25.91600412,26.63144795,25.84069434,26.06662369,26.06662369,4941600
FOXA,Second Wave,09-09-2020,26.12310379,26.7632378,25.77479495,26.54672241,26.54672241,4781100
FOXA,Second Wave,10-09-2020,26.61261751,27.05977009,26.3678603,26.53730774,26.53730774,4424500
FOXA,Second Wave,11-09-2020,26.65968947,26.96092862,26.01955539,26.490242,26.490242,4736200
FOXA,Second Wave,14-09-2020,26.63144645,27.57752564,26.56554882,26.97975349,26.97975349,5798200
FOXA,Second Wave,15-09-2020,27.04565154,27.29511666,26.70205054,26.93268776,26.93268776,3350900
FOXA,Second Wave,16-09-2020,27.16802963,28.16588466,27.064478,27.61988831,27.61988831,5352200
FOXA,Second Wave,17-09-2020,27.0174071,27.53516155,26.71616621,26.95150948,26.95150948,4241300
FOXA,Second Wave,18-09-2020,26.97033919,26.97975314,25.9724842,26.32079124,26.32079124,6768000
FOXA,Second Wave,21-09-2020,25.91600221,26.04779387,24.88990538,25.20997238,25.20997238,4797600
FOXA,Second Wave,22-09-2020,25.2758694,25.53004058,24.99816425,25.20055962,25.20055962,4321000
FOXA,Second Wave,23-09-2020,25.03110992,25.3888309,24.34390802,24.39097595,24.39097595,3726100
FOXA,Second Wave,24-09-2020,24.44745759,24.88049013,24.07090873,24.66397476,24.66397476,2443200
FOXA,Second Wave,25-09-2020,24.45687099,25.27115845,24.40038911,25.13466072,25.13466072,3348500
FOXA,Second Wave,28-09-2020,25.50179866,26.22665642,25.48297077,26.20782852,26.20782852,3112800
FOXA,Second Wave,29-09-2020,26.08545166,26.33020892,25.5300431,26.14193535,26.14193535,3335300
FOXA,Second Wave,30-09-2020,26.3490334,26.8479618,25.88776079,26.19841385,26.19841385,4539300
FOXA,Second Wave,01-10-2020,26.32079369,26.56555094,25.89246896,26.37727737,26.37727737,3437700
FOXA,Second Wave,02-10-2020,26.05720888,26.69734291,25.337059,26.43375778,26.43375778,4330600
FOXA,Second Wave,05-10-2020,26.57496247,27.09271876,26.37727498,27.02682114,27.02682114,2589600
FOXA,Second Wave,06-10-2020,27.09272172,27.35630507,26.17958855,26.28314018,26.28314018,3580600
FOXA,Second Wave,07-10-2020,26.54672006,27.54457497,26.4525824,27.27157593,27.27157593,4490300
FOXA,Second Wave,08-10-2020,27.53516306,27.83640217,27.21980394,27.82698822,27.82698822,2509300
FOXA,Second Wave,09-10-2020,28.02467984,28.24119524,27.33747785,27.47868347,27.47868347,3239500
FOXA,Second Wave,12-10-2020,27.71402611,27.7893359,27.13508184,27.24333954,27.24333954,3221200
FOXA,Second Wave,13-10-2020,27.19627,27.21980576,25.56769486,25.6335907,25.6335907,7186800
FOXA,Second Wave,14-10-2020,25.66183219,25.84069359,25.32293728,25.35117912,25.35117912,3279600
FOXA,Second Wave,15-10-2020,25.21938746,25.39824706,24.82401066,25.35117912,25.35117912,6332700
FOXA,Second Wave,16-10-2020,25.52062734,25.63359111,24.99345707,25.28528404,25.28528404,3428300
FOXA,Second Wave,19-10-2020,25.50179672,25.52062461,24.44745809,24.49452782,24.49452782,3741400
FOXA,Second Wave,20-10-2020,24.85224896,24.85224896,24.35332237,24.52276802,24.52276802,3402700
FOXA,Second Wave,21-10-2020,24.38156141,25.13466092,24.26859765,25.01228142,25.01228142,2572500
FOXA,Second Wave,22-10-2020,25.26645495,25.98189874,25.15348938,25.85010529,25.85010529,3572100
FOXA,Second Wave,23-10-2020,26.0007263,26.04308816,25.15348906,25.49238396,25.49238396,3463800
FOXA,Second Wave,26-10-2020,25.24762859,25.26645648,24.56042659,24.86166573,24.86166573,4847100
FOXA,Second Wave,27-10-2020,24.80518209,24.81459603,24.518063,24.64985466,24.64985466,3079300
FOXA,Second Wave,28-10-2020,24.26860125,24.50394455,23.73201703,23.82615471,23.82615471,3730100
FOXA,Second Wave,29-10-2020,23.47313924,24.29684075,23.47313924,24.07091141,24.07091141,2419900
FOXA,Second Wave,30-10-2020,24.06149471,24.96521378,24.01442678,24.96521378,24.96521378,5642200
FOXA,Second Wave,02-11-2020,25.09700708,25.85010485,24.74870003,25.79362297,25.79362297,7284200
FOXA,Second Wave,03-11-2020,27.12096011,27.56340664,24.81459695,25.45473099,25.45473099,8345200
FOXA,Second Wave,04-11-2020,25.35117993,25.51121344,23.51550152,24.12739372,24.12739372,15753100
FOXA,Second Wave,05-11-2020,24.54159961,25.10171783,23.94853527,25.04994202,25.04994202,6588700
FOXA,Second Wave,06-11-2020,24.88049334,25.05464687,24.14151554,24.42863464,24.42863464,7824100
FOXA,Second Wave,09-11-2020,25.38883427,25.99131433,24.44746108,24.71104622,24.71104622,8566600
FOXA,Second Wave,10-11-2020,24.48511393,25.54415865,24.36273443,25.27586746,25.27586746,4604600
FOXA,Second Wave,11-11-2020,25.37000657,25.98189874,25.01699165,25.85010529,25.85010529,6876700
FOXA,Second Wave,12-11-2020,25.53003807,25.62888181,23.84497944,24.13680458,24.13680458,14392500
FOXA,Second Wave,13-11-2020,24.42863476,25.19114653,24.10574337,25.07347488,25.07347488,6481200
FOXA,Second Wave,16-11-2020,25.2570402,26.01013797,25.13466249,25.58652115,25.58652115,8104900
FOXA,Second Wave,17-11-2020,25.48297067,26.56084335,25.10171569,26.50906754,26.50906754,5242800
FOXA,Second Wave,18-11-2020,26.45258433,26.53730806,26.01955178,26.03837967,26.03837967,4151400
FOXA,Second Wave,19-11-2020,25.99131144,26.3349124,25.77479427,26.08544731,26.08544731,4010200
FOXA,Second Wave,20-11-2020,26.10427618,26.30008196,25.92541658,26.19841385,26.19841385,2846600
FOXA,Second Wave,23-11-2020,26.35844769,27.07389149,26.12310441,26.8573761,26.8573761,3551300
FOXA,Second Wave,24-11-2020,27.15861607,28.00585156,26.93268673,27.75168037,27.75168037,4009900
FOXA,Second Wave,25-11-2020,27.72344084,27.72344084,27.17744447,27.58223343,27.58223343,2204100
FOXA,Second Wave,27-11-2020,27.36571763,27.6951986,27.36571763,27.45044136,27.45044136,1551700
FOXA,Second Wave,30-11-2020,27.3563038,27.49750941,27.02682283,27.14920235,27.14920235,4109500
FOXA,Second Wave,01-12-2020,27.41278845,28.78719246,27.27158103,28.37298775,28.37298775,8829700
FOXA,Second Wave,02-12-2020,28.44829603,28.85779464,28.02467918,28.80601883,28.80601883,10815600
FOXA,Second Wave,03-12-2020,28.88132768,29.19198074,28.46241693,28.54243279,28.54243279,4730800
FOXA,Second Wave,04-12-2020,28.68363854,28.73070828,27.99643659,28.09057426,28.09057426,5831400
FOXA,Second Wave,07-12-2020,27.88347478,28.26943764,27.77145006,27.93995667,27.93995667,5121500
FOXA,Second Wave,08-12-2020,27.84581628,28.04350557,27.3986637,27.53986931,27.53986931,4432800
FOXA,Second Wave,09-12-2020,27.61047293,27.93995387,27.34688781,27.52574921,27.52574921,7025400
FOXA,Second Wave,10-12-2020,27.37512997,27.51633558,27.18685463,27.40337181,27.40337181,3678500
FOXA,Second Wave,11-12-2020,27.21509613,27.64812869,26.83854725,27.60105896,27.60105896,3492100
FOXA,Second Wave,14-12-2020,27.9964374,28.02467924,27.07389214,27.09272003,27.09272003,4596300
FOXA,Second Wave,15-12-2020,27.1868511,27.24333478,26.34432364,26.90443993,26.90443993,4705500
FOXA,Second Wave,16-12-2020,26.96092595,27.18685528,26.68792867,26.78206635,26.78206635,3169500
FOXA,Second Wave,17-12-2020,26.89503082,27.01741033,26.21724279,26.86679077,26.86679077,3799700
FOXA,Second Wave,18-12-2020,26.86679033,27.13037367,26.2831382,26.50906754,26.50906754,6017900
FOXA,Second Wave,21-12-2020,26.15134566,26.29255127,25.71360702,26.09486198,26.09486198,2718900
FOXA,Second Wave,22-12-2020,25.89717683,26.09486434,25.53004186,25.67124748,25.67124748,3069200
FOXA,Second Wave,23-12-2020,25.74655423,26.5655478,25.69007234,26.46199799,26.46199799,3292700
FOXA,Second Wave,24-12-2020,26.40551514,26.8573756,26.40551514,26.65027237,26.65027237,1363500
FOXA,Second Wave,28-12-2020,26.79147801,27.59635339,26.64085845,27.43161201,27.43161201,3661300
FOXA,Second Wave,29-12-2020,27.47868088,27.57752462,27.14919994,27.31864738,27.31864738,1569900
FOXA,Second Wave,30-12-2020,27.43160849,27.81757127,27.33747263,27.38454056,27.38454056,1951600
FWONA,Second Wave,01-07-2020,28.74263382,30.34381104,28.74263382,29.52848625,29.52848625,265494
FWONA,Second Wave,02-07-2020,30.13752556,30.28487206,29.58742523,29.76424408,29.76424408,184971
FWONA,Second Wave,06-07-2020,30.13752556,30.13752556,28.58546257,29.43025589,29.43025589,197696
FWONA,Second Wave,07-07-2020,29.05697441,30.53045273,28.83104134,29.60707283,29.60707283,298783
FWONA,Second Wave,08-07-2020,29.51866341,30.55992126,28.97838974,30.37328148,30.37328148,133358
FWONA,Second Wave,09-07-2020,30.27504921,30.79567719,29.86247444,30.7563858,30.7563858,144760
FWONA,Second Wave,10-07-2020,30.68762207,31.24754333,30.43222046,31.13948822,31.13948822,75128
FWONA,Second Wave,13-07-2020,31.29665947,32.09233856,30.28487206,30.39292717,30.39292717,109333
FWONA,Second Wave,14-07-2020,30.40275002,31.75835037,29.98035431,31.6601181,31.6601181,169904
FWONA,Second Wave,15-07-2020,32.32809448,33.05501175,32.14145279,32.90766144,32.90766144,69937
FWONA,Second Wave,16-07-2020,32.61296844,34.23379135,30.98231888,32.98624802,32.98624802,187414
FWONA,Second Wave,17-07-2020,32.94695663,33.44793701,32.65225983,32.92730713,32.92730713,170617
FWONA,Second Wave,20-07-2020,32.88801575,32.94695663,32.20039368,32.78978348,32.78978348,293286
FWONA,Second Wave,21-07-2020,33.17288971,33.6149292,32.20039368,32.2495079,32.2495079,216020
FWONA,Second Wave,22-07-2020,32.14145279,32.90766144,31.92534447,32.40668106,32.40668106,137735
FWONA,Second Wave,23-07-2020,32.39685822,32.90766144,31.62082481,32.30844879,32.30844879,216529
FWONA,Second Wave,24-07-2020,32.20039368,32.4361496,31.89587402,32.32809448,32.32809448,51613
FWONA,Second Wave,27-07-2020,32.52455902,32.61296844,31.79764175,32.38703156,32.38703156,69733
FWONA,Second Wave,28-07-2020,32.35756302,32.55402756,32.10216141,32.14145279,32.14145279,58026
FWONA,Second Wave,29-07-2020,32.27897644,32.54420471,32.08251572,32.17092133,32.17092133,98135
FWONA,Second Wave,30-07-2020,31.69941139,33.05501175,31.69941139,32.67190552,32.67190552,53445
FWONA,Second Wave,31-07-2020,32.68172836,32.79960632,32.07269287,32.50491333,32.50491333,110758
FWONA,Second Wave,03-08-2020,32.52455902,33.72298431,32.31827164,33.70333862,33.70333862,98848
FWONA,Second Wave,04-08-2020,33.24164963,34.31237793,33.24164963,33.51670074,33.51670074,122465
FWONA,Second Wave,05-08-2020,33.66404724,34.13555908,33.4675827,33.49705124,33.49705124,121244
FWONA,Second Wave,06-08-2020,33.16306686,34.67583466,33.09430313,34.50884247,34.50884247,84494
FWONA,Second Wave,07-08-2020,34.17485428,34.23379135,33.53634644,33.97838974,33.97838974,110962
FWONA,Second Wave,10-08-2020,33.6542244,33.96856689,31.9744606,33.80157089,33.80157089,132645
FWONA,Second Wave,11-08-2020,33.89980316,35.98231888,32.81925201,35.19646454,35.19646454,117783
FWONA,Second Wave,12-08-2020,35.43222046,35.86444092,34.6856575,35.00982285,35.00982285,101291
FWONA,Second Wave,13-08-2020,34.84283066,35.17681885,34.29273224,34.62672043,34.62672043,185174
FWONA,Second Wave,14-08-2020,34.61689758,35.37327957,34.29273224,34.71512985,34.71512985,214900
FWONA,Second Wave,17-08-2020,34.79371262,34.98035431,33.95874405,34.86247635,34.86247635,132951
FWONA,Second Wave,18-08-2020,34.8526535,34.8526535,34.12573624,34.46954727,34.46954727,105261
FWONA,Second Wave,19-08-2020,34.538311,35.25540161,34.45972443,34.51866531,34.51866531,45301
FWONA,Second Wave,20-08-2020,34.371315,35.18664169,34.17485428,35.01964569,35.01964569,133154
FWONA,Second Wave,21-08-2020,34.88212204,35.20628738,34.56777954,34.7249527,34.7249527,217648
FWONA,Second Wave,24-08-2020,34.87229919,36.31630707,34.73477554,36.29666138,36.29666138,167868
FWONA,Second Wave,25-08-2020,36.41453934,37.04322052,36.41453934,36.91551971,36.91551971,84087
FWONA,Second Wave,26-08-2020,36.92534256,37.2888031,36.64047241,36.75835037,36.75835037,62200
FWONA,Second Wave,27-08-2020,36.93516541,37.21021652,36.46365356,36.58153152,36.58153152,552876
FWONA,Second Wave,28-08-2020,36.76817322,37.09233856,36.42436218,36.66994095,36.66994095,282088
FWONA,Second Wave,31-08-2020,36.61100388,36.61100388,35.52062988,35.54027557,35.54027557,95285
FWONA,Second Wave,01-09-2020,35.34381104,35.89390945,35.05894089,35.2750473,35.2750473,99051
FWONA,Second Wave,02-09-2020,35.26522446,35.39292526,35.05894089,35.25540161,35.25540161,91416
FWONA,Second Wave,03-09-2020,35.26522446,35.55992126,34.38113785,34.8526535,34.8526535,297867
FWONA,Second Wave,04-09-2020,35.16699219,35.39292526,34.34184647,34.58742523,34.58742523,400685
FWONA,Second Wave,08-09-2020,34.371315,34.98035431,34.10609055,34.25343704,34.25343704,107094
FWONA,Second Wave,09-09-2020,34.42043304,34.49901962,33.54616928,33.6345787,33.6345787,171431
FWONA,Second Wave,10-09-2020,33.91944885,34.48919296,33.20235825,33.28094482,33.28094482,169802
FWONA,Second Wave,11-09-2020,33.37917328,33.6345787,32.72102356,33.16306686,33.16306686,71769
FWONA,Second Wave,14-09-2020,33.32023621,34.90176773,33.26129532,33.80157089,33.80157089,84290
FWONA,Second Wave,15-09-2020,34.17485428,34.17485428,33.34970474,33.66404724,33.66404724,66679
FWONA,Second Wave,16-09-2020,33.75245667,34.23379135,33.75245667,34.04714966,34.04714966,103327
FWONA,Second Wave,17-09-2020,33.77210236,33.96856689,33.36935043,33.67387009,33.67387009,113202
FWONA,Second Wave,18-09-2020,33.69351578,33.69351578,31.92534447,32.18074799,32.18074799,344288
FWONA,Second Wave,21-09-2020,31.01178741,31.87622833,30.65815353,31.79764175,31.79764175,174383
FWONA,Second Wave,22-09-2020,31.954813,32.26915359,31.58153152,31.71905708,31.71905708,99051
FWONA,Second Wave,23-09-2020,31.37524605,32.14145279,31.14931107,31.49312401,31.49312401,133358
FWONA,Second Wave,24-09-2020,31.38506889,32.08251572,31.23772049,31.6601181,31.6601181,228134
FWONA,Second Wave,25-09-2020,31.69941139,32.30844879,31.40471458,32.05304337,32.05304337,93351
FWONA,Second Wave,28-09-2020,32.46561813,32.77996063,32.33791733,32.45579529,32.45579529,77063
FWONA,Second Wave,29-09-2020,32.50491333,32.50491333,31.68958664,32.07269287,32.07269287,96506
FWONA,Second Wave,30-09-2020,32.48526382,33.81139374,32.08251572,32.91748428,32.91748428,122364
FWONA,Second Wave,01-10-2020,33.38899612,34.0962677,33.34970474,33.72298431,33.72298431,114627
FWONA,Second Wave,02-10-2020,33.45775986,34.18467712,33.22200394,33.64440155,33.64440155,102716
FWONA,Second Wave,05-10-2020,33.69351578,34.12573624,33.37917328,33.95874405,33.95874405,91925
FWONA,Second Wave,06-10-2020,33.97838974,34.48919296,33.83103943,33.96856689,33.96856689,114627
FWONA,Second Wave,07-10-2020,34.43025589,34.6856575,33.70333862,34.32220078,34.32220078,73296
FWONA,Second Wave,08-10-2020,34.49901962,34.49901962,33.94891739,34.03732681,34.03732681,74314
FWONA,Second Wave,09-10-2020,34.26325989,34.38113785,33.67387009,33.68369293,33.68369293,38989
FWONA,Second Wave,12-10-2020,33.71316147,34.18467712,33.58546066,34.17485428,34.17485428,82560
FWONA,Second Wave,13-10-2020,34.10609055,34.29273224,33.20235825,33.35952759,33.35952759,75739
FWONA,Second Wave,14-10-2020,33.35952759,33.87033463,32.94695663,33.07465744,33.07465744,98542
FWONA,Second Wave,15-10-2020,32.51473618,32.89783859,32.34774017,32.78978348,32.78978348,41942
FWONA,Second Wave,16-10-2020,32.67190552,33.16306686,32.67190552,32.7504921,32.7504921,65559
FWONA,Second Wave,19-10-2020,32.84872437,33.37917328,32.04322052,32.07269287,32.07269287,122669
FWONA,Second Wave,20-10-2020,32.19057083,32.85854721,32.19057083,32.37720871,32.37720871,54768
FWONA,Second Wave,21-10-2020,32.52455902,33.00589371,32.40668106,32.7504921,32.7504921,70853
FWONA,Second Wave,22-10-2020,32.90766144,33.74263382,32.90766144,33.4675827,33.4675827,114423
FWONA,Second Wave,23-10-2020,33.6345787,34.19449997,33.32023621,34.01768112,34.01768112,174078
FWONA,Second Wave,26-10-2020,33.6542244,33.6542244,32.44597244,32.51473618,32.51473618,60673
FWONA,Second Wave,27-10-2020,32.45579529,32.77013779,32.29862595,32.53438187,32.53438187,50696
FWONA,Second Wave,28-10-2020,32.21021652,32.81925201,31.98428345,32.31827164,32.31827164,72482
FWONA,Second Wave,29-10-2020,32.32809448,32.97642517,31.92534447,32.70137405,32.70137405,102411
FWONA,Second Wave,30-10-2020,32.99607086,32.99607086,32.10216141,32.7111969,32.7111969,74721
FWONA,Second Wave,02-11-2020,32.95677948,33.44793701,32.36738586,32.64243698,32.64243698,96506
FWONA,Second Wave,03-11-2020,33.05501175,33.86051178,32.76031494,33.71316147,33.71316147,71260
FWONA,Second Wave,04-11-2020,33.57563782,35.26522446,33.49705124,35.08840942,35.08840942,45912
FWONA,Second Wave,05-11-2020,31.9744606,35.63850784,31.9744606,35.54027557,35.54027557,94063
FWONA,Second Wave,06-11-2020,35.37327957,35.74656296,34.64636612,35.74656296,35.74656296,105465
FWONA,Second Wave,09-11-2020,36.71905518,39.2436142,36.55206299,36.86640549,36.86640549,369534
FWONA,Second Wave,10-11-2020,36.61100388,37.92730713,36.61100388,37.01375198,37.01375198,109028
FWONA,Second Wave,11-11-2020,37.57367325,37.57367325,36.10019684,36.46365356,36.46365356,97626
FWONA,Second Wave,12-11-2020,36.33595276,37.2495079,36.32612991,36.3850708,36.3850708,246560
FWONA,Second Wave,13-11-2020,36.46365356,37.5638504,36.43418503,37.2888031,37.2888031,99051
FWONA,Second Wave,16-11-2020,37.86837006,38.09430313,36.56188583,37.35756302,37.35756302,151377
FWONA,Second Wave,17-11-2020,36.86640549,38.0255394,36.86640549,37.66208267,37.66208267,314562
FWONA,Second Wave,18-11-2020,37.80942917,38.16306686,37.02357483,37.14145279,37.14145279,143742
FWONA,Second Wave,19-11-2020,36.98428345,37.18074799,36.18860626,36.75835037,36.75835037,81847
FWONA,Second Wave,20-11-2020,36.85658264,36.85658264,36.11001968,36.46365356,36.46365356,70344
FWONA,Second Wave,23-11-2020,36.76817322,37.70137405,36.64047241,37.35756302,37.35756302,104752
FWONA,Second Wave,24-11-2020,37.64243698,38.48722839,37.44597244,37.50491333,37.50491333,383684
FWONA,Second Wave,25-11-2020,37.98624802,38.00589371,36.3654213,37.34774017,37.34774017,147915
FWONA,Second Wave,27-11-2020,37.49508667,38.1532402,37.15127563,37.69155121,37.69155121,36750
FWONA,Second Wave,30-11-2020,37.65225983,37.65225983,36.58153152,37.16109848,37.16109848,115848
FWONA,Second Wave,01-12-2020,37.5638504,38.29076767,37.4361496,38.1925354,38.1925354,191282
FWONA,Second Wave,02-12-2020,38.06483459,39.2436142,38.0255394,39.07662201,39.07662201,125316
FWONA,Second Wave,03-12-2020,39.12573624,39.58742523,38.81139374,39.0962677,39.0962677,135394
FWONA,Second Wave,04-12-2020,39.28290939,39.5579567,38.48722839,38.60510635,38.60510635,102920
FWONA,Second Wave,07-12-2020,38.60510635,39.29273224,38.21218109,39.10609055,39.10609055,123280
FWONA,Second Wave,08-12-2020,39.12573624,39.57760239,38.93909454,39.20432281,39.20432281,174791
FWONA,Second Wave,09-12-2020,39.66601181,39.66601181,37.98624802,38.53634644,38.53634644,80015
FWONA,Second Wave,10-12-2020,38.73280716,38.87033463,38.06483459,38.51670074,38.51670074,86225
FWONA,Second Wave,11-12-2020,38.5068779,38.99803543,38.24164963,38.28094482,38.28094482,72787
FWONA,Second Wave,14-12-2020,38.48722839,39.03732681,38.00589371,38.12377167,38.12377167,214085
FWONA,Second Wave,15-12-2020,38.33005905,38.33005905,37.19057083,37.86837006,37.86837006,116866
FWONA,Second Wave,16-12-2020,37.77996063,37.83890152,36.88605118,36.96463776,36.96463776,124501
FWONA,Second Wave,17-12-2020,37.16109848,37.73084641,36.67976379,37.60314178,37.60314178,141604
FWONA,Second Wave,18-12-2020,37.49508667,37.7111969,36.8467598,37.29862595,37.29862595,506150
FWONA,Second Wave,21-12-2020,36.82711029,36.86640549,36.15913773,36.44400787,36.44400787,119208
FWONA,Second Wave,22-12-2020,36.55206299,36.94498825,35.43222046,35.81532288,35.81532288,130304
FWONA,Second Wave,23-12-2020,36.29666138,37.52455902,35.9037323,37.09233856,37.09233856,122058
FWONA,Second Wave,24-12-2020,37.10216141,37.37720871,36.82711029,37.37720871,37.37720871,41127
FWONA,Second Wave,28-12-2020,37.51473618,38.64440155,37.26915359,38.44793701,38.44793701,82763
FWONA,Second Wave,29-12-2020,38.23182678,38.6542244,37.55402756,38.52652359,38.52652359,45912
FWONA,Second Wave,30-12-2020,38.59528351,38.89980316,38.10412598,38.10412598,38.10412598,50900
WMG,Second Wave,01-07-2020,27.41820453,27.81966959,26.04957532,26.87075424,26.87075424,1576200
WMG,Second Wave,02-07-2020,26.9619991,27.41820891,26.51491369,26.77951622,26.77951622,594300
WMG,Second Wave,06-07-2020,27.26309685,27.32696768,26.78863998,27.18098068,27.18098068,1088400
WMG,Second Wave,07-07-2020,26.93462379,27.36346033,26.93462379,27.04411316,27.04411316,607300
WMG,Second Wave,08-07-2020,27.37258459,27.81054553,27.09885944,27.35433578,27.35433578,727800
WMG,Second Wave,09-07-2020,27.58244329,27.62806531,27.10798469,27.3725872,27.3725872,438200
WMG,Second Wave,10-07-2020,27.23572322,28.28500533,27.17185413,28.17551422,28.17551422,364400
WMG,Second Wave,13-07-2020,28.18463531,28.285002,27.45470047,27.45470047,27.45470047,493000
WMG,Second Wave,14-07-2020,27.23572216,27.39995794,26.98024407,27.04411316,27.04411316,345800
WMG,Second Wave,15-07-2020,26.92550474,27.30872107,26.7338957,27.03499413,27.03499413,579000
WMG,Second Wave,16-07-2020,26.86163394,27.82879825,26.74301842,27.08973885,27.08973885,300100
WMG,Second Wave,17-07-2020,27.09886382,27.19010439,26.8433857,26.8433857,26.8433857,380900
WMG,Second Wave,20-07-2020,26.8433816,27.03498885,26.17731578,26.41454506,26.41454506,466500
WMG,Second Wave,21-07-2020,26.41454425,26.71746644,25.36526047,25.99939346,25.99939346,1565700
WMG,Second Wave,22-07-2020,25.91271384,26.23206102,25.36526178,25.38351059,25.38351059,1093200
WMG,Second Wave,23-07-2020,25.43825693,26.27768301,24.73569518,25.84884644,25.84884644,1133000
WMG,Second Wave,24-07-2020,25.5659972,25.99483378,24.81781342,25.85797119,25.85797119,440000
WMG,Second Wave,27-07-2020,25.78497648,26.45104233,25.65723831,26.14081955,26.14081955,289700
WMG,Second Wave,28-07-2020,26.13168989,27.64539397,25.83059157,26.9346199,26.9346199,751200
WMG,Second Wave,29-07-2020,27.24484937,27.55507217,26.03133139,27.38171196,27.38171196,1011000
WMG,Second Wave,30-07-2020,27.28134,27.54594246,26.68826773,27.2904644,27.2904644,329300
WMG,Second Wave,31-07-2020,27.37258642,27.55507103,26.67914736,27.50944901,27.50944901,799800
WMG,Second Wave,03-08-2020,27.60069014,27.96474567,27.15816612,27.31784058,27.31784058,1548000
WMG,Second Wave,04-08-2020,27.42732951,27.83791898,25.89446449,26.41454506,26.41454506,1206500
WMG,Second Wave,05-08-2020,26.47841326,26.82513189,25.73022958,26.13169289,26.13169289,1721400
WMG,Second Wave,06-08-2020,26.29593071,26.63808804,26.02220555,26.34155273,26.34155273,498000
WMG,Second Wave,07-08-2020,26.27768135,26.33698911,25.84884481,26.0130806,26.0130806,660300
WMG,Second Wave,10-08-2020,26.38717301,27.20835024,26.22293721,26.60615349,26.60615349,551800
WMG,Second Wave,11-08-2020,26.45104261,27.19010196,25.93096374,26.01764297,26.01764297,643500
WMG,Second Wave,12-08-2020,26.26855753,27.20834847,25.79409898,26.87075424,26.87075424,994600
WMG,Second Wave,13-08-2020,26.83425709,27.13535546,26.40085749,27.04411316,27.04411316,445100
WMG,Second Wave,14-08-2020,27.00761819,27.77405072,26.91637589,27.64631081,27.64631081,491100
WMG,Second Wave,17-08-2020,27.73755606,28.49486427,26.98937225,28.30325699,28.30325699,536900
WMG,Second Wave,18-08-2020,28.49486054,28.69559394,27.81054591,27.93828583,27.93828583,340900
WMG,Second Wave,19-08-2020,27.93828282,27.93828282,27.45469991,27.85616493,27.85616493,347200
WMG,Second Wave,20-08-2020,27.98390754,28.10252132,27.55507098,27.71930504,27.71930504,386400
WMG,Second Wave,21-08-2020,27.67368178,27.73116395,26.8981249,27.42732811,27.42732811,525400
WMG,Second Wave,24-08-2020,27.52810297,27.75712214,27.1250305,27.57390785,27.57390785,404500
WMG,Second Wave,25-08-2020,27.61970316,27.61970316,26.46544668,26.99219131,26.99219131,434100
WMG,Second Wave,26-08-2020,26.95097542,27.04258343,26.24559597,26.95097542,26.95097542,367000
WMG,Second Wave,27-08-2020,27.18914968,27.45481094,26.33719829,26.41964531,26.41964531,417200
WMG,Second Wave,28-08-2020,26.97845254,27.4273298,26.41964534,26.98761177,26.98761177,905600
WMG,Second Wave,31-08-2020,27.24411391,27.482294,26.65324417,27.17082787,27.17082787,965100
WMG,Second Wave,01-09-2020,27.2441158,27.4822959,27.10670467,27.37236595,27.37236595,1366800
WMG,Second Wave,02-09-2020,27.37236401,27.37236401,26.19978725,26.59370041,26.59370041,869000
WMG,Second Wave,03-09-2020,26.43796915,26.59370223,25.81503684,26.19978905,26.19978905,965800
WMG,Second Wave,04-09-2020,26.16314332,26.82271949,26.12191981,26.64866447,26.64866447,778200
WMG,Second Wave,08-09-2020,26.355526,27.32656677,26.02573784,26.06238174,26.06238174,895500
WMG,Second Wave,09-09-2020,26.20894808,26.97845245,26.14482301,26.25475121,26.25475121,382500
WMG,Second Wave,10-09-2020,26.20895,26.66698826,25.97076989,26.117342,26.117342,293500
WMG,Second Wave,11-09-2020,26.11734206,26.74943536,25.94328703,26.57538033,26.57538033,426400
WMG,Second Wave,14-09-2020,26.66698633,26.8776835,26.04863367,26.40132332,26.40132332,424300
WMG,Second Wave,15-09-2020,26.58453731,26.61201849,25.67762189,25.83335495,25.83335495,1342800
WMG,Second Wave,16-09-2020,25.86083809,26.1814652,25.47608591,26.13566208,26.13566208,401600
WMG,Second Wave,17-09-2020,25.93412775,26.1448267,25.05469507,25.32035637,25.32035637,548300
WMG,Second Wave,18-09-2020,25.29287341,26.24559209,25.10965741,26.08985901,26.08985901,1207200
WMG,Second Wave,21-09-2020,25.85167885,25.85167885,24.86231627,25.49440956,25.49440956,1464800
WMG,Second Wave,22-09-2020,25.53105348,25.88832277,25.41196256,25.86083984,25.86083984,534400
WMG,Second Wave,23-09-2020,25.72342686,26.05321495,25.21958551,25.60433769,25.60433769,675200
WMG,Second Wave,24-09-2020,25.73259349,25.89748757,25.12798304,25.7875576,25.7875576,787500
WMG,Second Wave,25-09-2020,25.67762943,25.86084372,24.67910573,24.74323082,24.74323082,684200
WMG,Second Wave,28-09-2020,24.94476335,25.74175069,24.79819124,25.65930367,25.65930367,736100
WMG,Second Wave,29-09-2020,25.61350061,26.02573578,25.58143807,25.84251976,25.84251976,679500
WMG,Second Wave,30-09-2020,25.75091359,26.43797104,25.58601953,26.32804108,26.32804108,1161300
WMG,Second Wave,01-10-2020,26.34635912,26.45628732,25.21042452,25.80587387,25.80587387,1123600
WMG,Second Wave,02-10-2020,25.46692665,26.10818091,25.19210439,25.64098167,25.64098167,572200
WMG,Second Wave,05-10-2020,25.76007266,26.02573394,25.43944553,25.95244789,25.95244789,406100
WMG,Second Wave,06-10-2020,26.00741385,26.10818283,25.22875015,25.48525047,25.48525047,544500
WMG,Second Wave,07-10-2020,25.57685662,25.71426775,25.33867651,25.65014267,25.65014267,345800
WMG,Second Wave,08-10-2020,25.72342875,25.97993081,25.12797936,25.44860649,25.44860649,677600
WMG,Second Wave,09-10-2020,25.67762752,25.71426968,25.4394474,25.58601952,25.58601952,265700
WMG,Second Wave,12-10-2020,25.6409836,26.21811283,25.24707038,25.9432888,25.9432888,488800
WMG,Second Wave,13-10-2020,26.18146711,26.79523845,25.95244797,26.70363045,26.70363045,522500
WMG,Second Wave,14-10-2020,26.54790116,26.67615308,26.13566771,26.4746151,26.4746151,422900
WMG,Second Wave,15-10-2020,26.2822325,27.22121046,25.92587883,27.17998695,27.17998695,1243300
WMG,Second Wave,16-10-2020,27.17999067,27.19831262,26.5204162,26.85020256,26.85020256,349900
WMG,Second Wave,19-10-2020,27.25327484,27.80292107,26.40132345,26.80439758,26.80439758,1065700
WMG,Second Wave,20-10-2020,26.81356048,26.81356048,26.07153723,26.66698837,26.66698837,610300
WMG,Second Wave,21-10-2020,26.87768343,27.02425553,26.03031341,26.23642921,26.23642921,366900
WMG,Second Wave,22-10-2020,26.23642943,26.84103975,25.99824934,26.81355858,26.81355858,351600
WMG,Second Wave,23-10-2020,26.83188053,27.06089965,26.23642943,27.02425575,27.02425575,487800
WMG,Second Wave,26-10-2020,27.00593561,27.00593561,25.81045546,25.97993088,25.97993088,880700
WMG,Second Wave,27-10-2020,26.06237772,26.06237772,25.36615935,25.54021263,25.54021263,451200
WMG,Second Wave,28-10-2020,25.33866854,25.41195457,24.73405836,24.85314751,24.85314751,631400
WMG,Second Wave,29-10-2020,24.8348351,25.27455141,24.45466251,24.99972916,24.99972916,569600
WMG,Second Wave,30-10-2020,24.93560025,24.93560025,23.63477162,24.30350876,24.30350876,829800
WMG,Second Wave,02-11-2020,24.38595564,24.61497475,23.66225441,24.03784561,24.03784561,744700
WMG,Second Wave,03-11-2020,24.25770572,24.5600109,24.07449146,24.4134388,24.4134388,781800
WMG,Second Wave,04-11-2020,24.26686316,25.52188858,23.46071671,25.25622559,25.25622559,971900
WMG,Second Wave,05-11-2020,25.27454934,25.45776532,24.52336693,24.79818916,24.79818916,983700
WMG,Second Wave,06-11-2020,24.70658691,25.00889214,24.3401566,24.74323082,24.74323082,735500
WMG,Second Wave,09-11-2020,25.00889218,26.70363436,25.00889218,26.29140091,26.29140091,1642600
WMG,Second Wave,10-11-2020,26.38300524,27.10670658,26.18146901,26.7952404,26.7952404,1729200
WMG,Second Wave,11-11-2020,26.82271769,27.15250401,26.31887462,26.83187866,26.83187866,439100
WMG,Second Wave,12-11-2020,26.73111535,26.82272336,26.03489693,26.14482689,26.14482689,501300
WMG,Second Wave,13-11-2020,26.30972108,27.1250305,25.62266359,26.88685036,26.88685036,772100
WMG,Second Wave,16-11-2020,26.99677481,27.54184147,26.51125537,27.34488487,27.34488487,791500
WMG,Second Wave,17-11-2020,27.25327685,27.54642106,26.80439955,27.26243782,27.26243782,724500
WMG,Second Wave,18-11-2020,27.02425759,27.34488473,26.41048625,26.92348862,26.92348862,862000
WMG,Second Wave,19-11-2020,26.76775172,27.27159478,26.4379654,26.77691269,26.77691269,499300
WMG,Second Wave,20-11-2020,26.74943725,27.17358012,26.60286514,26.63950729,26.63950729,1352500
WMG,Second Wave,23-11-2020,26.58431477,26.97986023,25.12171737,25.76562881,25.76562881,2012800
WMG,Second Wave,24-11-2020,25.98639663,27.29261557,25.82081931,26.90626907,26.90626907,677200
WMG,Second Wave,25-11-2020,26.42792938,26.79587793,25.95879432,26.53831482,26.53831482,543200
WMG,Second Wave,27-11-2020,26.61191035,26.93386606,25.85761522,26.0783844,26.0783844,554800
WMG,Second Wave,30-11-2020,26.28075505,28.16649459,26.04158801,27.34780693,27.34780693,1464100
WMG,Second Wave,01-12-2020,27.37539932,27.82613653,26.75908482,26.95225716,26.95225716,1028600
WMG,Second Wave,02-12-2020,26.95225949,27.79854213,26.7222914,27.52717972,27.52717972,559200
WMG,Second Wave,03-12-2020,27.4581912,27.96412031,27.32940787,27.56857491,27.56857491,486700
WMG,Second Wave,04-12-2020,27.63296752,27.80774201,27.0718448,27.20062637,27.20062637,844500
WMG,Second Wave,07-12-2020,27.05345013,28.65862842,26.96146253,28.47005463,28.47005463,1613400
WMG,Second Wave,08-12-2020,28.33206937,30.4477752,27.54098029,29.44511414,29.44511414,1925200
WMG,Second Wave,09-12-2020,29.38992296,31.08248827,29.02197261,30.12582016,30.12582016,3677900
WMG,Second Wave,10-12-2020,30.27300369,31.12848539,29.50031065,31.07329178,31.07329178,1471700
WMG,Second Wave,11-12-2020,31.07329161,31.23886894,30.05223258,30.50297165,30.50297165,810100
WMG,Second Wave,14-12-2020,30.46617652,31.06409505,29.89585655,30.43858147,30.43858147,1939200
WMG,Second Wave,15-12-2020,30.58575503,31.42283871,30.34658976,30.99049759,30.99049759,761200
WMG,Second Wave,16-12-2020,30.91691475,31.40444604,30.23620757,30.4017849,30.4017849,801000
WMG,Second Wave,17-12-2020,31.25726216,33.53026736,30.93530823,33.05101395,33.05101395,2300500
WMG,Second Wave,18-12-2020,33.05101317,36.04979543,32.36110892,34.12726212,34.12726212,2757000
WMG,Second Wave,21-12-2020,32.25991932,35.39668354,32.19552855,34.51360703,34.51360703,1159100
WMG,Second Wave,22-12-2020,34.66998882,35.48867819,33.87890152,34.58720016,34.58720016,1159700
WMG,Second Wave,23-12-2020,34.54120774,35.43348509,33.98928571,34.97354889,34.97354889,673700
WMG,Second Wave,24-12-2020,34.99194355,35.14832016,34.04447269,34.44921875,34.44921875,117200
WMG,Second Wave,28-12-2020,34.75278414,34.93675936,33.94329882,34.3388443,34.3388443,860000
WMG,Second Wave,29-12-2020,34.71598589,35.01034478,33.88349899,34.23765182,34.23765182,396800
WMG,Second Wave,30-12-2020,34.39403159,35.26791115,34.17326416,34.94595718,34.94595718,506400
CMCSA,Second Wave,01-07-2020,35.27330047,35.80760813,35.08629313,35.35344696,35.35344696,18269800
CMCSA,Second Wave,02-07-2020,35.65621677,35.86993844,34.88146638,34.9527092,34.9527092,23372800
CMCSA,Second Wave,06-07-2020,35.44249919,35.95009251,35.30892397,35.91447449,35.91447449,17551400
CMCSA,Second Wave,07-07-2020,35.65621563,35.93227307,35.62059422,35.68292999,35.68292999,19404700
CMCSA,Second Wave,08-07-2020,35.73636892,35.83432612,35.19315421,35.3890686,35.3890686,12536000
CMCSA,Second Wave,09-07-2020,35.35344181,35.37125252,34.75679507,34.98833084,34.98833084,15335200
CMCSA,Second Wave,10-07-2020,34.93489865,36.10147438,34.85475218,36.07475662,36.07475662,19032700
CMCSA,Second Wave,13-07-2020,36.03913899,36.60016093,35.78088886,36.10147476,36.10147476,17464700
CMCSA,Second Wave,14-07-2020,35.57607281,36.76936298,35.46921197,36.67140579,36.67140579,21030600
CMCSA,Second Wave,15-07-2020,36.60906863,37.47286918,36.55563651,37.36600494,37.36600494,21068800
CMCSA,Second Wave,16-07-2020,37.14338061,37.56192375,37.09885554,37.52630234,37.52630234,14817900
CMCSA,Second Wave,17-07-2020,37.82907781,37.82907781,37.31258086,37.56192398,37.56192398,15912900
CMCSA,Second Wave,20-07-2020,37.39272285,37.49958369,37.18790143,37.35710144,37.35710144,12964100
CMCSA,Second Wave,21-07-2020,37.52629617,38.08732149,37.45505674,37.90921783,37.90921783,23363500
CMCSA,Second Wave,22-07-2020,37.86469277,38.07841444,37.76673559,37.90921783,37.90921783,16360500
CMCSA,Second Wave,23-07-2020,38.07842207,38.25652576,37.70440738,37.83798599,37.83798599,22357200
CMCSA,Second Wave,24-07-2020,38.67506363,39.09360673,38.03389179,38.6038208,38.6038208,21926100
CMCSA,Second Wave,27-07-2020,38.47025038,38.86207577,38.4257253,38.79083633,38.79083633,18268600
CMCSA,Second Wave,28-07-2020,38.16747,38.79973478,38.11403788,38.47914886,38.47914886,17574600
CMCSA,Second Wave,29-07-2020,38.58601559,39.28061619,38.52367642,39.09360886,39.09360886,25499900
CMCSA,Second Wave,30-07-2020,39.61010465,40.2512765,38.39900377,38.88878632,38.88878632,17658600
CMCSA,Second Wave,31-07-2020,38.77301907,38.8620692,37.36600392,38.11403656,38.11403656,23913000
CMCSA,Second Wave,03-08-2020,38.01607984,38.41681223,37.76673676,38.18527985,38.18527985,13733000
CMCSA,Second Wave,04-08-2020,37.95374493,38.50586662,37.8825055,38.47914886,38.47914886,12102500
CMCSA,Second Wave,05-08-2020,38.55039663,38.7106896,37.62426018,37.65988159,37.65988159,16207600
CMCSA,Second Wave,06-08-2020,37.43725067,38.19418705,37.41943997,38.17637634,38.17637634,13772200
CMCSA,Second Wave,07-08-2020,37.92702951,38.22089766,37.82016868,38.12294388,38.12294388,10353000
CMCSA,Second Wave,10-08-2020,37.90031197,38.48805161,37.90031197,38.30994797,38.30994797,16375000
CMCSA,Second Wave,11-08-2020,38.514766,39.18265212,38.22089448,38.28323364,38.28323364,17140700
CMCSA,Second Wave,12-08-2020,38.30103817,38.94220988,38.26542016,38.59490967,38.59490967,10407500
CMCSA,Second Wave,13-08-2020,38.38119609,38.67506767,38.28324229,38.63944626,38.63944626,12649500
CMCSA,Second Wave,14-08-2020,38.84426562,39.34295527,38.47025093,38.97784424,38.97784424,15238000
CMCSA,Second Wave,17-08-2020,39.0668896,39.13813242,38.55929635,38.76411438,38.76411438,12333300
CMCSA,Second Wave,18-08-2020,38.92439995,38.9511177,38.54147833,38.77301407,38.77301407,8717300
CMCSA,Second Wave,19-08-2020,38.87987784,38.96892797,38.43462042,38.57710266,38.57710266,9857900
CMCSA,Second Wave,20-08-2020,38.49695992,38.68396724,38.20309176,38.53258133,38.53258133,11318700
CMCSA,Second Wave,21-08-2020,38.32776257,38.49695918,38.04279807,38.35447693,38.35447693,12931400
CMCSA,Second Wave,24-08-2020,38.16747564,39.02236927,38.15856859,39.00455856,39.00455856,15266700
CMCSA,Second Wave,25-08-2020,38.97783534,38.98673899,38.45243144,38.65724945,38.65724945,8413000
CMCSA,Second Wave,26-08-2020,38.30995558,39.50324581,38.21199839,39.36076355,39.36076355,14428200
CMCSA,Second Wave,27-08-2020,39.68135059,39.8950723,39.39638606,39.66353989,39.66353989,14317500
CMCSA,Second Wave,28-08-2020,39.65463295,39.69025436,39.12032529,39.68135071,39.68135071,10975100
CMCSA,Second Wave,31-08-2020,39.41418296,40.18893327,39.40527931,39.90396881,39.90396881,24898100
CMCSA,Second Wave,01-09-2020,39.57447647,40.15331245,39.39637623,40.11769104,40.11769104,16941900
CMCSA,Second Wave,02-09-2020,40.11769513,40.90134919,40.08207372,40.22455597,40.22455597,20421100
CMCSA,Second Wave,03-09-2020,40.61638228,40.91025041,39.26279932,39.57447815,39.57447815,18515100
CMCSA,Second Wave,04-09-2020,39.99302522,40.04645734,39.09360664,39.56557846,39.56557846,16201700
CMCSA,Second Wave,08-09-2020,39.01346207,39.41419109,38.39900456,39.01346207,39.01346207,20897600
CMCSA,Second Wave,09-09-2020,39.17375347,40.0642684,38.92440697,39.71696472,39.71696472,15420900
CMCSA,Second Wave,10-09-2020,39.76149536,40.0820779,39.05798771,39.20046997,39.20046997,16023600
CMCSA,Second Wave,11-09-2020,39.26279626,39.84163222,39.15593544,39.77929306,39.77929306,18316200
CMCSA,Second Wave,14-09-2020,40.09098514,40.50952828,39.81492428,40.31361389,40.31361389,11435700
CMCSA,Second Wave,15-09-2020,40.21564913,41.62266418,40.11769196,41.37331772,41.37331772,18415900
CMCSA,Second Wave,16-09-2020,41.89872687,42.29945927,41.587048,41.68500519,41.68500519,26326900
CMCSA,Second Wave,17-09-2020,40.91024692,41.34660065,40.09097497,40.58966446,40.58966446,21253500
CMCSA,Second Wave,18-09-2020,40.50060946,40.83009896,39.44089815,40.30469513,40.30469513,39626000
CMCSA,Second Wave,21-09-2020,40.00193353,40.46500175,38.65725733,39.78821182,39.78821182,32257700
CMCSA,Second Wave,22-09-2020,40.01973385,41.39112746,39.93068373,41.13287735,41.13287735,32899300
CMCSA,Second Wave,23-09-2020,41.14178953,41.30208248,40.29579968,40.39375687,40.39375687,19671200
CMCSA,Second Wave,24-09-2020,40.24237246,41.03493368,39.99302934,40.69653702,40.69653702,14500600
CMCSA,Second Wave,25-09-2020,40.38484871,41.25755629,40.26908422,41.09726334,41.09726334,12556000
CMCSA,Second Wave,28-09-2020,41.75624029,41.91653324,41.17740768,41.64047241,41.64047241,16208800
CMCSA,Second Wave,29-09-2020,41.72062499,41.7384357,41.11507454,41.1417923,41.1417923,11873800
CMCSA,Second Wave,30-09-2020,41.44456361,41.60485656,40.74105604,41.19521713,41.19521713,27897300
CMCSA,Second Wave,01-10-2020,41.4712786,41.64938226,41.11507128,41.35551071,41.35551071,15524400
CMCSA,Second Wave,02-10-2020,40.78557774,40.95477773,40.17112374,40.20674515,40.20674515,18103900
CMCSA,Second Wave,05-10-2020,40.34032629,40.90135166,40.09098319,40.79449081,40.79449081,12599400
CMCSA,Second Wave,06-10-2020,40.52598327,40.74078681,39.71152568,39.83682632,39.83682632,17911200
CMCSA,Second Wave,07-10-2020,40.30223238,40.3738347,39.61307542,40.23958206,40.23958206,17829200
CMCSA,Second Wave,08-10-2020,40.35593331,40.62443518,40.1232326,40.54388428,40.54388428,15366000
CMCSA,Second Wave,09-10-2020,40.61548921,40.83924135,39.98898254,40.14113235,40.14113235,25103900
CMCSA,Second Wave,12-10-2020,40.54388376,41.40309109,40.20377958,41.1614418,41.1614418,19520100
CMCSA,Second Wave,13-10-2020,41.28674876,41.44785059,40.61549229,41.07194519,41.07194519,13854400
CMCSA,Second Wave,14-10-2020,40.99138671,41.17933767,40.26643204,40.5259819,40.5259819,15325000
CMCSA,Second Wave,15-10-2020,40.30223419,40.40963768,39.85472992,40.37383652,40.37383652,12904800
CMCSA,Second Wave,16-10-2020,40.48123778,41.07194331,40.18588673,40.77659225,40.77659225,13360900
CMCSA,Second Wave,19-10-2020,40.77659571,40.95559471,39.55938339,39.67573547,39.67573547,17520400
CMCSA,Second Wave,20-10-2020,39.94423197,39.97108113,39.4967277,39.62202835,39.62202835,13137400
CMCSA,Second Wave,21-10-2020,39.38038212,40.1858913,39.35353295,39.84578705,39.84578705,13198900
CMCSA,Second Wave,22-10-2020,39.82788075,40.49018859,39.7025801,40.37383652,40.37383652,15956600
CMCSA,Second Wave,23-10-2020,40.6333855,40.76763472,39.917376,40.32908249,40.32908249,10529200
CMCSA,Second Wave,26-10-2020,40.01583306,40.11428455,38.97762323,39.17452621,39.17452621,15634600
CMCSA,Second Wave,27-10-2020,39.02236686,39.23717039,38.80756675,38.87916565,38.87916565,11134900
CMCSA,Second Wave,28-10-2020,38.40481454,38.55696776,37.50980604,37.57245636,37.57245636,20256200
CMCSA,Second Wave,29-10-2020,37.66196214,39.10292307,37.49190833,38.53907013,38.53907013,20354400
CMCSA,Second Wave,30-10-2020,38.0110159,38.53011911,37.36660863,37.80516434,37.80516434,22001800
CMCSA,Second Wave,02-11-2020,38.2616085,38.42271028,36.66849466,37.05334854,37.05334854,24480400
CMCSA,Second Wave,03-11-2020,37.54561333,38.46747114,37.36661092,38.14526749,38.14526749,20761600
CMCSA,Second Wave,04-11-2020,39.62202435,39.92632736,38.84336796,39.11186981,39.11186981,23064100
CMCSA,Second Wave,05-11-2020,39.89947753,40.10532906,39.56832195,39.69362259,39.69362259,18897400
CMCSA,Second Wave,06-11-2020,39.89052986,40.00688192,39.33562553,39.8547287,39.8547287,14129100
CMCSA,Second Wave,09-11-2020,42.6024034,43.16625971,41.81479837,42.22650146,42.22650146,37456800
CMCSA,Second Wave,10-11-2020,41.32254284,42.92460896,41.12564329,42.75455856,42.75455856,21103100
CMCSA,Second Wave,11-11-2020,42.76349816,42.93355193,42.17279278,42.66504669,42.66504669,11840000
CMCSA,Second Wave,12-11-2020,42.62925708,43.04096018,42.28915288,42.9425087,42.9425087,20020400
CMCSA,Second Wave,13-11-2020,42.79035649,44.07916746,42.71875417,43.85541534,43.85541534,17032600
CMCSA,Second Wave,16-11-2020,44.21342539,44.52667703,44.07917274,44.33872604,44.33872604,19426600
CMCSA,Second Wave,17-11-2020,44.02546507,44.74147457,43.83751411,44.5535202,44.5535202,19426000
CMCSA,Second Wave,18-11-2020,44.39241979,45.09052874,43.89121722,43.98071671,43.98071671,18279200
CMCSA,Second Wave,19-11-2020,44.04335484,44.51771153,43.85540393,44.28500748,44.28500748,13484500
CMCSA,Second Wave,20-11-2020,44.10602367,44.46402848,43.94492184,44.00757217,44.00757217,19830000
CMCSA,Second Wave,23-11-2020,43.93596468,44.73252165,43.66746283,44.58037186,44.58037186,14676800
CMCSA,Second Wave,24-11-2020,44.75042923,46.9790021,44.6788269,46.84474945,46.84474945,31754000
CMCSA,Second Wave,25-11-2020,46.69259478,46.71944735,45.44853343,46.36144257,46.36144257,19322100
CMCSA,Second Wave,27-11-2020,45.92288604,46.72839162,45.92288604,46.31668854,46.31668854,6243700
CMCSA,Second Wave,30-11-2020,45.76178606,46.07503767,44.60722426,44.96522903,44.96522903,34359800
CMCSA,Second Wave,01-12-2020,45.42168119,45.88708602,44.8488763,45.66333389,45.66333389,14369600
CMCSA,Second Wave,02-12-2020,45.58278928,45.94974268,45.4753892,45.69018936,45.69018936,14438000
CMCSA,Second Wave,03-12-2020,45.43958192,46.28984068,45.35903102,46.17348862,46.17348862,14677200
CMCSA,Second Wave,04-12-2020,46.31669842,46.45989967,46.08399767,46.26299667,46.26299667,12258100
CMCSA,Second Wave,07-12-2020,46.16454302,46.55834555,45.86023997,46.47779465,46.47779465,12195900
CMCSA,Second Wave,08-12-2020,45.91393484,46.36143909,45.83338394,46.01238632,46.01238632,13352400
CMCSA,Second Wave,09-12-2020,46.2003393,46.86264711,45.77968761,45.87813568,45.87813568,17327400
CMCSA,Second Wave,10-12-2020,45.89604085,45.89604085,44.97418306,45.18003464,45.18003464,17304100
CMCSA,Second Wave,11-12-2020,45.26057914,45.74388455,44.86677663,45.58278275,45.58278275,19640200
CMCSA,Second Wave,14-12-2020,45.5111858,45.88709118,45.4216863,45.63648987,45.63648987,14005700
CMCSA,Second Wave,15-12-2020,45.9855381,46.62994191,45.91393578,46.10188675,46.10188675,18869000
CMCSA,Second Wave,16-12-2020,46.25404083,46.60309361,45.65438334,46.0302887,46.0302887,13129800
CMCSA,Second Wave,17-12-2020,46.12874556,46.43304863,45.71704241,45.96764374,45.96764374,13464900
CMCSA,Second Wave,18-12-2020,46.14664426,46.182442,45.10843442,45.55593872,45.55593872,31640400
CMCSA,Second Wave,21-12-2020,45.21583377,45.33218584,44.28502403,45.08158112,45.08158112,19672400
CMCSA,Second Wave,22-12-2020,44.75042904,45.02788293,44.57142664,44.76832962,44.76832962,13739800
CMCSA,Second Wave,23-12-2020,44.88467584,44.9920759,44.43717161,44.78622437,44.78622437,12934200
CMCSA,Second Wave,24-12-2020,44.92942859,45.14422872,44.8309771,45.0905304,45.0905304,3875300
CMCSA,Second Wave,28-12-2020,45.44853439,45.967641,45.22478224,45.74388885,45.74388885,13510700
CMCSA,Second Wave,29-12-2020,45.78863491,46.29878949,45.68123485,46.13768768,46.13768768,11245200
CMCSA,Second Wave,30-12-2020,46.262993,46.47779656,45.8154887,45.83338928,45.83338928,9954000
TKO,Second Wave,01-07-2020,41.22662625,42.32338011,40.56107674,42.01403809,42.01403809,979100
TKO,Second Wave,02-07-2020,42.69833955,43.11079562,42.14527638,42.6608429,42.6608429,509800
TKO,Second Wave,06-07-2020,43.32639254,44.02006275,42.94206078,43.47637558,43.47637558,400900
TKO,Second Wave,07-07-2020,43.27952399,43.48575202,42.15465289,42.18277359,42.18277359,560100
TKO,Second Wave,08-07-2020,42.37962165,43.15766111,42.18276958,42.98892975,42.98892975,318000
TKO,Second Wave,09-07-2020,43.45762713,43.47637546,41.69532376,42.34212494,42.34212494,280700
TKO,Second Wave,10-07-2020,42.18276771,43.50449429,42.18276771,43.35451126,43.35451126,381000
TKO,Second Wave,13-07-2020,43.49512,43.53261307,41.65782348,41.69532013,41.69532013,667800
TKO,Second Wave,14-07-2020,41.87342992,43.03580121,41.31099439,42.71708679,42.71708679,569800
TKO,Second Wave,15-07-2020,43.55137102,44.60125599,43.14829088,44.17005157,44.17005157,550100
TKO,Second Wave,16-07-2020,43.92632477,44.39502221,43.13891292,43.80446243,43.80446243,489400
TKO,Second Wave,17-07-2020,43.80446355,43.86070853,42.68896489,43.17641068,43.17641068,510600
TKO,Second Wave,20-07-2020,43.27951829,43.82320902,42.47336173,43.36388397,43.36388397,350400
TKO,Second Wave,21-07-2020,43.40138899,43.99194886,42.93269148,42.97018814,42.97018814,393500
TKO,Second Wave,22-07-2020,43.12017135,43.62636553,42.66084621,43.05455399,43.05455399,314200
TKO,Second Wave,23-07-2020,42.97955205,43.44824947,42.28588187,42.70771027,42.70771027,1322400
TKO,Second Wave,24-07-2020,42.60459735,42.74520444,41.47035042,41.92029953,41.92029953,827600
TKO,Second Wave,27-07-2020,42.18277344,42.34212886,41.47972721,42.09840775,42.09840775,1175500
TKO,Second Wave,28-07-2020,41.90155533,43.06392307,41.73282395,42.08903503,42.08903503,476600
TKO,Second Wave,29-07-2020,42.2952482,42.51084855,41.42347083,41.77030945,41.77030945,545700
TKO,Second Wave,30-07-2020,41.40473021,42.89518821,41.18912981,42.58584976,42.58584976,651600
TKO,Second Wave,31-07-2020,45.22930557,45.83861371,42.2483894,43.69197845,43.69197845,1593900
TKO,Second Wave,03-08-2020,43.7388507,44.05756514,41.05790042,41.40473557,41.40473557,1142100
TKO,Second Wave,04-08-2020,41.41410644,42.17339759,41.08601966,41.53596878,41.53596878,638900
TKO,Second Wave,05-08-2020,41.65782727,42.6045981,41.55471683,42.42649078,42.42649078,637800
TKO,Second Wave,06-08-2020,42.41711782,42.78270125,41.95779277,42.57647324,42.57647324,411600
TKO,Second Wave,07-08-2020,42.65146321,42.89518428,40.69230794,40.96415329,40.96415329,709500
TKO,Second Wave,10-08-2020,41.10476987,41.93905443,40.95478681,41.32974625,41.32974625,582900
TKO,Second Wave,11-08-2020,41.80780565,43.44824651,41.66719858,42.56709671,42.56709671,724100
TKO,Second Wave,12-08-2020,42.93268829,43.62636213,42.18277304,42.6608429,42.6608429,525000
TKO,Second Wave,13-08-2020,42.63271746,43.37326025,42.5671001,42.9608078,42.9608078,420600
TKO,Second Wave,14-08-2020,42.85770007,43.22328355,42.39837495,42.52960968,42.52960968,294100
TKO,Second Wave,17-08-2020,42.64209762,42.64209762,41.32974327,42.07965851,42.07965851,420400
TKO,Second Wave,18-08-2020,42.00467501,42.27651686,41.42348748,41.96717834,41.96717834,433600
TKO,Second Wave,19-08-2020,41.9015532,42.7639548,41.73282183,41.88280487,41.88280487,329300
TKO,Second Wave,20-08-2020,41.65782647,41.65782647,41.02977363,41.27349472,41.27349472,321600
TKO,Second Wave,21-08-2020,41.10476329,41.40472936,39.72679528,40.05488205,40.05488205,597700
TKO,Second Wave,24-08-2020,40.27986572,42.22027316,40.04551697,42.16402817,42.16402817,729900
TKO,Second Wave,25-08-2020,41.91093292,42.65147588,41.40473872,41.71408081,41.71408081,402600
TKO,Second Wave,26-08-2020,41.51721767,43.15765861,41.39535534,42.6139679,42.6139679,568400
TKO,Second Wave,27-08-2020,42.86706996,43.35451576,42.20152041,42.31400681,42.31400681,350800
TKO,Second Wave,28-08-2020,42.35150132,42.51085673,42.01403858,42.10777664,42.10777664,274900
TKO,Second Wave,31-08-2020,41.70470091,41.97654272,41.27349654,41.31099319,41.31099319,430700
TKO,Second Wave,01-09-2020,41.24537872,41.51722412,40.60794986,40.80480194,40.80480194,398700
TKO,Second Wave,02-09-2020,40.81418015,41.89218228,40.81418015,41.58284378,41.58284378,388900
TKO,Second Wave,03-09-2020,41.37661099,42.64209627,39.48307283,39.85803223,39.85803223,1011800
TKO,Second Wave,04-09-2020,40.06425832,40.63606619,38.47068632,40.38297272,40.38297272,618900
TKO,Second Wave,08-09-2020,39.70804284,41.02976931,39.44557345,40.04550552,40.04550552,420700
TKO,Second Wave,09-09-2020,40.28923676,40.39235079,39.2018587,39.61431122,39.61431122,392300
TKO,Second Wave,10-09-2020,39.7268024,40.87979786,39.7268024,39.80179214,39.80179214,451900
TKO,Second Wave,11-09-2020,39.37058677,39.78303925,38.21759144,38.80815125,38.80815125,626200
TKO,Second Wave,14-09-2020,39.59784221,39.7294584,38.11245489,38.65772247,38.65772247,479200
TKO,Second Wave,15-09-2020,38.93036941,39.30641885,38.25348186,38.68593979,38.68593979,324900
TKO,Second Wave,16-09-2020,38.7611483,39.29701643,38.5355215,38.62013245,38.62013245,423600
TKO,Second Wave,17-09-2020,38.0654651,38.56372761,37.55779938,38.29109192,38.29109192,544700
TKO,Second Wave,18-09-2020,38.28168699,38.61072755,37.66120794,37.75521851,37.75521851,735100
TKO,Second Wave,21-09-2020,37.74581602,38.103059,35.95958674,37.00312042,37.00312042,821700
TKO,Second Wave,22-09-2020,37.05012722,37.54838964,36.45785064,36.86210251,36.86210251,386800
TKO,Second Wave,23-09-2020,36.65527624,36.73048397,35.61174259,36.0535965,36.0535965,1057200
TKO,Second Wave,24-09-2020,35.82796864,37.03132092,35.63054433,36.49545288,36.49545288,814100
TKO,Second Wave,25-09-2020,36.50486029,37.1065365,36.19461898,36.80569839,36.80569839,485300
TKO,Second Wave,28-09-2020,37.41677398,37.94324245,36.86210306,37.48258209,37.48258209,520300
TKO,Second Wave,29-09-2020,37.55779169,37.74581639,37.07832852,37.63299942,37.63299942,406200
TKO,Second Wave,30-09-2020,38.20647241,38.62952709,37.70821001,38.04665375,38.04665375,941800
TKO,Second Wave,01-10-2020,38.39449419,38.75174073,37.57659094,37.95263672,37.95263672,702800
TKO,Second Wave,02-10-2020,37.50138568,38.07485944,36.9843204,37.75521851,37.75521851,863300
TKO,Second Wave,05-10-2020,38.00905002,38.0560553,36.61767292,36.87150574,36.87150574,513100
TKO,Second Wave,06-10-2020,37.37916946,38.45090927,37.10653739,37.37916946,37.37916946,607200
TKO,Second Wave,07-10-2020,37.54839194,38.01845194,37.02192702,37.68001175,37.68001175,544500
TKO,Second Wave,08-10-2020,37.91504405,38.11246841,37.18174796,37.46378326,37.46378326,288300
TKO,Second Wave,09-10-2020,37.56719379,37.92444039,37.14413908,37.75521851,37.75521851,340100
TKO,Second Wave,12-10-2020,37.99964911,38.36629893,37.57659797,37.68001175,37.68001175,522100
TKO,Second Wave,13-10-2020,37.60479886,38.30048922,37.06893077,38.14066696,38.14066696,331400
TKO,Second Wave,14-10-2020,38.056056,39.36282218,38.056056,39.15599823,39.15599823,635500
TKO,Second Wave,15-10-2020,38.86455166,39.15599009,38.08425053,38.50730515,38.50730515,1307900
TKO,Second Wave,16-10-2020,38.49790651,39.24060201,37.38856486,37.39796448,37.39796448,916700
TKO,Second Wave,19-10-2020,37.68941148,37.85863337,36.18522089,36.33563995,36.33563995,886500
TKO,Second Wave,20-10-2020,36.70227769,37.06892384,36.30742551,36.39203644,36.39203644,378900
TKO,Second Wave,21-10-2020,36.34503596,36.93731251,35.82797072,36.65527725,36.65527725,505700
TKO,Second Wave,22-10-2020,36.80569645,37.30395886,36.00659236,36.28862762,36.28862762,503200
TKO,Second Wave,23-10-2020,36.50486571,36.90911406,35.84678092,35.98779678,35.98779678,572300
TKO,Second Wave,26-10-2020,35.75275842,36.31683251,35.1134766,35.39551544,35.39551544,663000
TKO,Second Wave,27-10-2020,35.20748481,35.4049091,34.5587999,35.23568726,35.23568726,627500
TKO,Second Wave,28-10-2020,34.67162572,35.39551854,34.32377875,34.45539856,34.45539856,734000
TKO,Second Wave,29-10-2020,34.5682123,35.61174606,33.86312231,35.09468079,35.09468079,1026100
TKO,Second Wave,30-10-2020,34.96305204,37.11592712,33.31784249,34.18275452,34.18275452,1364200
TKO,Second Wave,02-11-2020,34.69982827,36.12881107,33.99473829,36.11000824,36.11000824,1315100
TKO,Second Wave,03-11-2020,36.42024475,37.4167695,36.04419538,36.19461441,36.19461441,680800
TKO,Second Wave,04-11-2020,36.44845215,37.3697693,36.01599782,36.75868988,36.75868988,687200
TKO,Second Wave,05-11-2020,37.11593535,37.52018722,35.33910921,35.51773071,35.51773071,1386700
TKO,Second Wave,06-11-2020,35.44252591,37.0501303,35.24510156,36.58946991,36.58946991,1200100
TKO,Second Wave,09-11-2020,39.01497864,40.38755293,37.77402057,37.82102585,37.82102585,1345900
TKO,Second Wave,10-11-2020,38.10305786,38.30988538,36.805695,38.10305786,38.10305786,738700
TKO,Second Wave,11-11-2020,38.29108033,39.25000299,38.19706978,38.64832687,38.64832687,514800
TKO,Second Wave,12-11-2020,38.42269741,38.76114113,37.62359696,37.88682938,37.88682938,550800
TKO,Second Wave,13-11-2020,38.06545602,38.63892614,37.83042605,38.4321022,38.4321022,341400
TKO,Second Wave,16-11-2020,39.23120685,40.18073005,38.85516101,39.7294693,39.7294693,574300
TKO,Second Wave,17-11-2020,39.42862022,40.12431039,39.3440093,39.7012558,39.7012558,912400
TKO,Second Wave,18-11-2020,39.67306156,39.87048588,38.94916879,38.98677444,38.98677444,655900
TKO,Second Wave,19-11-2020,38.77054598,40.18072582,38.54491563,39.43803024,39.43803024,1602000
TKO,Second Wave,20-11-2020,39.55084261,39.81407503,38.36629315,38.51671219,38.51671219,960500
TKO,Second Wave,23-11-2020,38.85515611,39.27820718,38.33808731,38.82695007,38.82695007,542500
TKO,Second Wave,24-11-2020,39.07138687,39.61665458,38.82695367,39.51324081,39.51324081,1024400
TKO,Second Wave,25-11-2020,39.67306387,40.50977007,39.15599859,39.4568367,39.4568367,780000
TKO,Second Wave,27-11-2020,39.59784658,40.28413363,39.09018459,39.29700851,39.29700851,492900
TKO,Second Wave,30-11-2020,39.14659903,40.82941481,39.03378562,40.46276855,40.46276855,1494300
TKO,Second Wave,01-12-2020,40.90462194,42.20198862,40.53797569,42.17378616,42.17378616,1244100
TKO,Second Wave,02-12-2020,41.81652832,42.6156323,41.56269554,41.81652832,41.81652832,711500
TKO,Second Wave,03-12-2020,41.64731025,41.80713249,40.94222033,41.47808838,41.47808838,1058400
TKO,Second Wave,04-12-2020,41.84473708,42.37120554,41.40288314,42.27719498,42.27719498,717600
TKO,Second Wave,07-12-2020,41.83533687,42.53102719,41.21485786,41.64731216,41.64731216,771100
TKO,Second Wave,08-12-2020,41.48748774,41.72251769,40.73539262,41.14904404,41.14904404,663000
TKO,Second Wave,09-12-2020,41.43108636,42.39000915,40.98922883,41.19605637,41.19605637,551100
TKO,Second Wave,10-12-2020,40.80120861,41.86354161,40.6131839,41.77893066,41.77893066,737300
TKO,Second Wave,11-12-2020,41.90114556,42.2959978,41.42168597,41.60030746,41.60030746,632600
TKO,Second Wave,14-12-2020,41.94910423,42.26018921,41.666302,42.05279922,42.05279922,431300
TKO,Second Wave,15-12-2020,42.34501875,43.12744183,42.19419068,43.06145477,43.06145477,1698900
TKO,Second Wave,16-12-2020,43.2499866,43.70247076,42.69380748,42.92004776,42.92004776,825500
TKO,Second Wave,17-12-2020,42.97661374,44.82425847,42.97661374,44.7677002,44.7677002,1503400
TKO,Second Wave,18-12-2020,45.05992872,45.24846471,43.38196598,43.76846313,43.76846313,1318100
TKO,Second Wave,21-12-2020,42.665528,43.99470145,42.31673878,43.54221725,43.54221725,684300
TKO,Second Wave,22-12-2020,43.52336599,44.7677021,43.11801846,44.43776321,44.43776321,530300
TKO,Second Wave,23-12-2020,44.70171051,46.03088761,44.49432416,45.02222061,45.02222061,757100
TKO,Second Wave,24-12-2020,45.05049995,45.13534096,44.32463879,44.60744095,44.60744095,194400
TKO,Second Wave,28-12-2020,44.43775976,45.97432312,44.43775976,45.17304611,45.17304611,432500
TKO,Second Wave,29-12-2020,45.35215602,45.81406538,45.11648695,45.40871429,45.40871429,608100
TKO,Second Wave,30-12-2020,45.69151902,46.29483124,45.3050219,45.60667801,45.60667801,1183400
ROKU,Second Wave,01-07-2020,117.3000031,129.4400024,116.3499985,128.3899994,128.3899994,15001800
ROKU,Second Wave,02-07-2020,128.4700012,132.5,125.1949997,128.6499939,128.6499939,12158100
ROKU,Second Wave,06-07-2020,130.8600006,135.9700012,128.6600037,132.0299988,132.0299988,10413900
ROKU,Second Wave,07-07-2020,131.6900024,135.8099976,129.3999939,130.4199982,130.4199982,7458900
ROKU,Second Wave,08-07-2020,131.8800049,135.1399994,130.6999969,133.7599945,133.7599945,6408100
ROKU,Second Wave,09-07-2020,136.5,149.9799957,136.2799988,149.6900024,149.6900024,25309400
ROKU,Second Wave,10-07-2020,147.8200073,159.8800049,147.2599945,153.0500031,153.0500031,24628200
ROKU,Second Wave,13-07-2020,158.9900055,166.1840057,147.4199982,149.0599976,149.0599976,18541500
ROKU,Second Wave,14-07-2020,149.5099945,156.3639984,142.1470032,150.3600006,150.3600006,12712300
ROKU,Second Wave,15-07-2020,150.9799957,155.8800049,147.5899963,154.2100067,154.2100067,9203200
ROKU,Second Wave,16-07-2020,152.7200012,157.2799988,149.4799957,153.3099976,153.3099976,8910200
ROKU,Second Wave,17-07-2020,150.9900055,153.7100067,147.9499969,148.3600006,148.3600006,6527400
ROKU,Second Wave,20-07-2020,148.7799988,151.6300049,146.5800018,150.4600067,150.4600067,6177800
ROKU,Second Wave,21-07-2020,152.7799988,159.0599976,150.2200012,153.3600006,153.3600006,9370200
ROKU,Second Wave,22-07-2020,153.5299988,156,150.8200073,152.1699982,152.1699982,3576100
ROKU,Second Wave,23-07-2020,152.2200012,158.4700012,148.0399933,150.1600037,150.1600037,7138800
ROKU,Second Wave,24-07-2020,147.2440033,153.1000061,145.1699982,151.1699982,151.1699982,4891500
ROKU,Second Wave,27-07-2020,153.3399963,156.5800018,151.5500031,155.9700012,155.9700012,5140600
ROKU,Second Wave,28-07-2020,154.3899994,155.9499969,148.5,148.75,148.75,5496800
ROKU,Second Wave,29-07-2020,150,154.4199982,149.1999969,151.5700073,151.5700073,4599200
ROKU,Second Wave,30-07-2020,150.1600037,154.0200043,149.2400055,150.3500061,150.3500061,3458200
ROKU,Second Wave,31-07-2020,153.6100006,158.2700043,151.1199951,154.8899994,154.8899994,8076200
ROKU,Second Wave,03-08-2020,158.3600006,163.4199982,156.6199951,161.8200073,161.8200073,8886600
ROKU,Second Wave,04-08-2020,164.2299957,168.1499939,163.3049927,166.4400024,166.4400024,8704300
ROKU,Second Wave,05-08-2020,164.8500061,169.1399994,163.75,165.4199982,165.4199982,12315800
ROKU,Second Wave,06-08-2020,159.5700073,160.5,150.0500031,153.8699951,153.8699951,19647000
ROKU,Second Wave,07-08-2020,154.4499969,164.7299957,153.3899994,156.3899994,156.3899994,15904100
ROKU,Second Wave,10-08-2020,157.4199982,157.7899933,147.5559998,150.4100037,150.4100037,6280300
ROKU,Second Wave,11-08-2020,149.2799988,152.25,143.2100067,146.4100037,146.4100037,5630800
ROKU,Second Wave,12-08-2020,151.4499969,153.8500061,146.6600037,146.9799957,146.9799957,10261700
ROKU,Second Wave,13-08-2020,148.6190033,152.0050049,146.8099976,149.9700012,149.9700012,5544700
ROKU,Second Wave,14-08-2020,150.8500061,152.5,146.1999969,146.8500061,146.8500061,3855000
ROKU,Second Wave,17-08-2020,147.7700043,148.2700043,143.3600006,145.7100067,145.7100067,4907400
ROKU,Second Wave,18-08-2020,147.3000031,152.1900024,146.5099945,149.8500061,149.8500061,5945800
ROKU,Second Wave,19-08-2020,149,150.8899994,146.1730042,147.3699951,147.3699951,4333700
ROKU,Second Wave,20-08-2020,147.3099976,151.8899994,146.4199982,148.8899994,148.8899994,4492900
ROKU,Second Wave,21-08-2020,148.9499969,150.5610046,146.6000061,147.1300049,147.1300049,3544300
ROKU,Second Wave,24-08-2020,149.5,149.6999969,145.6000061,148.5800018,148.5800018,4350900
ROKU,Second Wave,25-08-2020,148,148.7149963,145.8600006,147.7700043,147.7700043,3577600
ROKU,Second Wave,26-08-2020,151.6100006,167.1699982,151.1300049,164.2799988,164.2799988,17714800
ROKU,Second Wave,27-08-2020,162.5899963,166.1499939,157.8600006,160.9700012,160.9700012,7425000
ROKU,Second Wave,28-08-2020,162,177.5399933,161.5,172.8500061,172.8500061,26700100
ROKU,Second Wave,31-08-2020,172.5099945,175.5099945,168.0599976,173.4799957,173.4799957,10227100
ROKU,Second Wave,01-09-2020,176.996994,185.4400024,176.6300049,179.2700043,179.2700043,10561500
ROKU,Second Wave,02-09-2020,183.7599945,183.7599945,171.0299988,178.3200073,178.3200073,8279600
ROKU,Second Wave,03-09-2020,172.1799927,176.4799957,165.0800018,166.8999939,166.8999939,8175500
ROKU,Second Wave,04-09-2020,165,167.4199982,150.3800049,159.9100037,159.9100037,7218600
ROKU,Second Wave,08-09-2020,155.0839996,170.4400024,155,162.6300049,162.6300049,11271300
ROKU,Second Wave,09-09-2020,166.0700073,166.8000031,159.0800018,161.1799927,161.1799927,6125400
ROKU,Second Wave,10-09-2020,162.2400055,168.6000061,158.9329987,159.4400024,159.4400024,5310800
ROKU,Second Wave,11-09-2020,160.753006,161.5,152.6199951,155.4600067,155.4600067,5037100
ROKU,Second Wave,14-09-2020,157.0599976,160.1999969,155.3999939,157.7299957,157.7299957,5009900
ROKU,Second Wave,15-09-2020,162.7149963,170.4400024,161.7700043,168.5200043,168.5200043,10223600
ROKU,Second Wave,16-09-2020,168,174.1900024,167.7100067,169.9900055,169.9900055,8087500
ROKU,Second Wave,17-09-2020,165.8600006,168.1320038,161.3600006,164.6699982,164.6699982,6320800
ROKU,Second Wave,18-09-2020,165.2319946,165.7799988,157.5399933,160.4700012,160.4700012,9286700
ROKU,Second Wave,21-09-2020,166.0500031,189.8000031,163.5399933,188.8200073,188.8200073,35515000
ROKU,Second Wave,22-09-2020,187.3800049,195.3600006,182.5,193.7899933,193.7899933,20693200
ROKU,Second Wave,23-09-2020,193.4900055,200.7299957,185,187.25,187.25,18585100
ROKU,Second Wave,24-09-2020,183.5700073,184.9700012,177.6799927,178.2700043,178.2700043,10836100
ROKU,Second Wave,25-09-2020,182.6670074,186.9589996,176.6300049,182.4299927,182.4299927,8288000
ROKU,Second Wave,28-09-2020,185,189.0099945,181.6600037,186.2899933,186.2899933,5653600
ROKU,Second Wave,29-09-2020,186.1999969,190.3399963,183.2200012,187.8699951,187.8699951,6239800
ROKU,Second Wave,30-09-2020,187.8899994,193.5500031,185.8560028,188.8000031,188.8000031,6796000
ROKU,Second Wave,01-10-2020,192.8300018,200.4700012,192.6999969,200.3399963,200.3399963,9732100
ROKU,Second Wave,02-10-2020,195.3699951,203.5599976,194.8000031,200,200,7415300
ROKU,Second Wave,05-10-2020,201.3899994,204.9400024,197.9499969,204.1600037,204.1600037,5171500
ROKU,Second Wave,06-10-2020,203.7599945,208.9600067,202.6600037,204.8300018,204.8300018,5504900
ROKU,Second Wave,07-10-2020,207.9499969,214.2599945,207.5,212.5500031,212.5500031,5165800
ROKU,Second Wave,08-10-2020,221.9600067,228.3300018,219.3300018,223.8399963,223.8399963,12767700
ROKU,Second Wave,09-10-2020,226.0500031,226.8300018,221.6300049,223.9499969,223.9499969,7254500
ROKU,Second Wave,12-10-2020,226.2030029,227,221.3500061,221.6799927,221.6799927,5775800
ROKU,Second Wave,13-10-2020,221.1000061,239.1399994,219.0200043,238.5749969,238.5749969,8305700
ROKU,Second Wave,14-10-2020,237.3500061,238.3300018,228.7899933,233.0500031,233.0500031,6617800
ROKU,Second Wave,15-10-2020,225,230.0659943,223.6499939,226.4700012,226.4700012,4741000
ROKU,Second Wave,16-10-2020,227.6600037,231.4400024,222.1900024,222.3200073,222.3200073,4017400
ROKU,Second Wave,19-10-2020,223.7100067,228.6199951,220.1799927,222.1399994,222.1399994,4396200
ROKU,Second Wave,20-10-2020,223.6300049,224.9799957,217.2299957,218.3999939,218.3999939,3742500
ROKU,Second Wave,21-10-2020,218,227.4900055,216.2700043,222.7799988,222.7799988,5073600
ROKU,Second Wave,22-10-2020,223.4900055,229.4499969,218.8999939,222.3600006,222.3600006,3496600
ROKU,Second Wave,23-10-2020,223.3000031,224.8800049,218.5,223.9600067,223.9600067,2170800
ROKU,Second Wave,26-10-2020,223.6300049,229.5500031,216.7400055,218.4199982,218.4199982,3136800
ROKU,Second Wave,27-10-2020,219.7400055,226.5,217.1799927,225.0700073,225.0700073,2773400
ROKU,Second Wave,28-10-2020,222,224.9600067,215.6399994,217.3999939,217.3999939,2172600
ROKU,Second Wave,29-10-2020,219.8000031,221.5800018,214.6309967,217.9299927,217.9299927,2383400
ROKU,Second Wave,30-10-2020,217.1000061,218.1300049,200.4499969,202.3999939,202.3999939,4604600
ROKU,Second Wave,02-11-2020,205.6600037,212.8000031,203.7100067,206.8800049,206.8800049,3512000
ROKU,Second Wave,03-11-2020,208.5500031,209.3099976,196.5200043,203.4900055,203.4900055,6691500
ROKU,Second Wave,04-11-2020,208.1300049,215.7200012,205.0399933,215.6799927,215.6799927,3584200
ROKU,Second Wave,05-11-2020,221.9750061,226.5899963,217.1199951,225.0599976,225.0599976,7754500
ROKU,Second Wave,06-11-2020,235.9900055,255.6600037,228.8899994,253.3600006,253.3600006,16526900
ROKU,Second Wave,09-11-2020,231.5590057,240.8800049,220.8800049,221.9100037,221.9100037,11659300
ROKU,Second Wave,10-11-2020,227.8399963,228.1999969,207.5,216.9799957,216.9799957,7618400
ROKU,Second Wave,11-11-2020,220.0099945,232.0800018,217.6900024,231.4299927,231.4299927,7433000
ROKU,Second Wave,12-11-2020,231.2400055,236.6499939,227.6100006,230.8999939,230.8999939,5064900
ROKU,Second Wave,13-11-2020,232.5899963,236.4400024,225,228.1000061,228.1000061,4181700
ROKU,Second Wave,16-11-2020,222.1999969,232.8899994,220.6000061,232.6999969,232.6999969,2971600
ROKU,Second Wave,17-11-2020,233,242.4600067,232.1999969,237.1300049,237.1300049,5169400
ROKU,Second Wave,18-11-2020,235.8800049,239.1889954,231.5,231.9900055,231.9900055,2751900
ROKU,Second Wave,19-11-2020,236.1600037,257.4899902,235.6000061,255.6699982,255.6699982,12022000
ROKU,Second Wave,20-11-2020,257.0899963,265.9700012,254.7899933,263.1400146,263.1400146,6663400
ROKU,Second Wave,23-11-2020,270,279.5,268.6000061,276.5799866,276.5799866,7843800
ROKU,Second Wave,24-11-2020,279.5,284,268.1400146,273.0100098,273.0100098,6320900
ROKU,Second Wave,25-11-2020,275,278.7799988,270.769989,278.0599976,278.0599976,3135200
ROKU,Second Wave,27-11-2020,279.7000122,280.6000061,273.0100098,275.3399963,275.3399963,2480900
ROKU,Second Wave,30-11-2020,275.3900146,293.6499939,274.2799988,293.5700073,293.5700073,6194200
ROKU,Second Wave,01-12-2020,290.5,292.8099976,279.3800049,285.7099915,285.7099915,4510300
ROKU,Second Wave,02-12-2020,281.4400024,284.5320129,273.7900085,281.3299866,281.3299866,3117800
ROKU,Second Wave,03-12-2020,281.9599915,292.1000061,281.5499878,289.1000061,289.1000061,3190500
ROKU,Second Wave,04-12-2020,290.1900024,298.1300049,286,296.3800049,296.3800049,3748600
ROKU,Second Wave,07-12-2020,295.6499939,302.6180115,289,299.980011,299.980011,3803000
ROKU,Second Wave,08-12-2020,299.980011,307.6300049,297.25,306.1300049,306.1300049,2605100
ROKU,Second Wave,09-12-2020,315.1099854,328.7399902,303.1600037,306.230011,306.230011,9820700
ROKU,Second Wave,10-12-2020,301,322.0899963,300.0700073,321.9899902,321.9899902,4435900
ROKU,Second Wave,11-12-2020,321,331.8699951,316.8999939,330.8699951,330.8699951,5441700
ROKU,Second Wave,14-12-2020,332.9989929,336.1700134,319.3699951,324.3200073,324.3200073,4124700
ROKU,Second Wave,15-12-2020,325.4100037,331.1000061,319.0100098,320.1400146,320.1400146,3372600
ROKU,Second Wave,16-12-2020,321.2000122,327.9599915,320.269989,325.8200073,325.8200073,3349700
ROKU,Second Wave,17-12-2020,346.6499939,352.1199951,326.5,329.480011,329.480011,14082100
ROKU,Second Wave,18-12-2020,331.980011,343.6000061,329.480011,340.7099915,340.7099915,6843500
ROKU,Second Wave,21-12-2020,344,358.7900085,341.5400085,354,354,6435200
ROKU,Second Wave,22-12-2020,356.3299866,361.6830139,344.4819946,354.7099915,354.7099915,5471000
ROKU,Second Wave,23-12-2020,355,361.0400085,344.2099915,360.5599976,360.5599976,3781600
ROKU,Second Wave,24-12-2020,360.1719971,363.4400024,355.1300049,356.9899902,356.9899902,1846100
ROKU,Second Wave,28-12-2020,359.5,361,339.1199951,340.4100037,340.4100037,4726500
ROKU,Second Wave,29-12-2020,339.9599915,344.9400024,332.0499878,339.5700073,339.5700073,3639100
ROKU,Second Wave,30-12-2020,339.1669922,344.4400024,333.5,338.7399902,338.7399902,3215300
PARA,Second Wave,01-07-2020,20.65401442,21.35340106,20.44154298,20.89304543,20.89304543,8771700
PARA,Second Wave,02-07-2020,21.24715891,21.40651287,20.45924398,20.5831852,20.5831852,9947300
PARA,Second Wave,06-07-2020,21.06124745,21.19404186,20.60974512,20.97271729,20.97271729,9234300
PARA,Second Wave,07-07-2020,20.80450982,20.81336301,20.07856549,20.31759644,20.31759644,8823200
PARA,Second Wave,08-07-2020,20.17594857,20.35300722,19.66247395,20.29103661,20.29103661,9759000
PARA,Second Wave,09-07-2020,20.27332805,20.28218123,19.18441169,19.56509018,19.56509018,13176200
PARA,Second Wave,10-07-2020,19.49426553,20.31759307,19.32605841,20.2998867,20.2998867,6351900
PARA,Second Wave,13-07-2020,20.64515551,21.32683559,19.95462393,20.9904213,20.9904213,14111300
PARA,Second Wave,14-07-2020,20.81335876,21.53930294,20.50350408,21.46847916,21.46847916,8983700
PARA,Second Wave,15-07-2020,21.88456644,22.43345195,21.53930075,22.08818626,22.08818626,11980100
PARA,Second Wave,16-07-2020,21.76063488,22.66363966,21.59242771,22.57510948,22.57510948,8514300
PARA,Second Wave,17-07-2020,22.53969223,22.66363514,21.89342493,22.30066299,22.30066299,16381900
PARA,Second Wave,20-07-2020,22.38034285,22.38919603,21.45963175,21.66324997,21.66324997,8481800
PARA,Second Wave,21-07-2020,21.68095806,22.20328427,21.61013426,21.70751762,21.70751762,7930000
PARA,Second Wave,22-07-2020,21.5393076,22.09704479,21.35339577,22.00851631,22.00851631,6607900
PARA,Second Wave,23-07-2020,21.97310136,22.37148623,21.81374741,22.24754333,22.24754333,8436100
PARA,Second Wave,24-07-2020,22.11475487,22.55740409,21.63669458,21.91113663,21.91113663,8646500
PARA,Second Wave,27-07-2020,21.84030889,22.02622072,21.34454232,21.98195648,21.98195648,6861000
PARA,Second Wave,28-07-2020,21.66325169,22.09704771,21.54816364,21.70751762,21.70751762,4636000
PARA,Second Wave,29-07-2020,21.82260615,22.53969742,21.48619349,22.3891983,22.3891983,6711300
PARA,Second Wave,30-07-2020,21.8137511,23.06202165,21.63669244,22.84955025,22.84955025,7469000
PARA,Second Wave,31-07-2020,22.73445761,23.1771067,22.43345609,23.07972336,23.07972336,8446700
PARA,Second Wave,03-08-2020,23.07972475,23.13284217,22.43345744,22.76101685,22.76101685,7970200
PARA,Second Wave,04-08-2020,22.87610821,23.6286121,22.67249,23.50466919,23.50466919,8889400
PARA,Second Wave,05-08-2020,23.68173119,23.69943756,22.98234467,23.01775742,23.01775742,9744800
PARA,Second Wave,06-08-2020,23.54893417,24.40767287,22.93807789,23.80566978,23.80566978,17381600
PARA,Second Wave,07-08-2020,23.54893609,23.79681855,22.71675518,23.20366859,23.20366859,11786400
PARA,Second Wave,10-08-2020,23.15055248,23.70829141,22.90267001,23.29220009,23.29220009,12312700
PARA,Second Wave,11-08-2020,23.69943896,24.61129525,23.15940639,23.46926117,23.46926117,12788300
PARA,Second Wave,12-08-2020,24.08896128,24.17749143,22.9292212,23.2302227,23.2302227,11405800
PARA,Second Wave,13-08-2020,22.94693611,23.87649882,22.67249407,23.62861633,23.62861633,8121500
PARA,Second Wave,14-08-2020,23.61090649,25.00082459,23.50466995,24.31029129,24.31029129,16534200
PARA,Second Wave,17-08-2020,24.34570709,24.46079514,23.5754967,24.1066761,24.1066761,10933900
PARA,Second Wave,18-08-2020,24.08896868,24.87688541,23.46040763,23.87649727,23.87649727,6345000
PARA,Second Wave,19-08-2020,24.01814082,24.26602494,23.64631549,24.18634796,24.18634796,7598900
PARA,Second Wave,20-08-2020,23.90305838,23.90305838,23.31876153,23.62861633,23.62861633,10627200
PARA,Second Wave,21-08-2020,23.63746834,23.80567382,23.27449613,23.46926117,23.46926117,4982200
PARA,Second Wave,24-08-2020,23.50466926,24.4962041,23.41614078,24.46964455,24.46964455,6777600
PARA,Second Wave,25-08-2020,24.59358447,24.78834947,24.06240522,24.40767097,24.40767097,5039500
PARA,Second Wave,26-08-2020,24.33685236,24.77950155,24.05355715,24.69097137,24.69097137,7095000
PARA,Second Wave,27-08-2020,25.00082234,25.50544207,24.57587959,25.0273819,25.0273819,10530100
PARA,Second Wave,28-08-2020,25.2221482,25.2221482,24.71752844,24.77949905,24.77949905,6122600
PARA,Second Wave,31-08-2020,24.62900379,25.00968241,24.50506254,24.65556335,24.65556335,6894500
PARA,Second Wave,01-09-2020,24.46964509,24.69982286,24.07126186,24.52276421,24.52276421,5177400
PARA,Second Wave,02-09-2020,24.46078877,25.16017517,24.25717059,25.06279182,25.06279182,6820100
PARA,Second Wave,03-09-2020,25.13361911,25.69135801,24.68211676,25.00967789,25.00967789,8722900
PARA,Second Wave,04-09-2020,25.1867389,25.54971109,24.77064759,25.45232773,25.45232773,9383200
PARA,Second Wave,08-09-2020,25.20443692,25.76217568,24.99196557,25.41690826,25.41690826,14509200
PARA,Second Wave,09-09-2020,25.50543841,25.70905827,24.95655452,25.41690826,25.41690826,7759900
PARA,Second Wave,10-09-2020,25.51429672,26.20483,25.44347293,25.9392395,25.9392395,9877300
PARA,Second Wave,11-09-2020,25.99235738,26.39074058,25.70906221,25.92153358,25.92153358,12297200
PARA,Second Wave,14-09-2020,26.21609539,26.81414732,26.06435081,26.53743553,26.53743553,10250000
PARA,Second Wave,15-09-2020,26.84985541,27.52824292,26.6624071,26.89448547,26.89448547,11208100
PARA,Second Wave,16-09-2020,27.11764007,28.02810769,26.71596439,27.38542557,27.38542557,9539800
PARA,Second Wave,17-09-2020,27.01052475,27.50146222,26.68918287,27.01052475,27.01052475,11887700
PARA,Second Wave,18-09-2020,26.87662697,27.20689343,26.68917701,26.92125702,26.92125702,13423200
PARA,Second Wave,21-09-2020,26.34106365,26.52851195,25.68052889,25.87690353,25.87690353,13916800
PARA,Second Wave,22-09-2020,26.0911296,26.62669881,25.85904956,26.25180054,26.25180054,8809900
PARA,Second Wave,23-09-2020,26.52851168,26.7873708,25.56448775,25.72515869,25.72515869,9744900
PARA,Second Wave,24-09-2020,25.50200545,26.33213752,25.09140345,26.01972198,26.01972198,13542900
PARA,Second Wave,25-09-2020,25.76086335,26.41247174,25.74301065,26.35891533,26.35891533,9418000
PARA,Second Wave,28-09-2020,26.76951964,26.94804329,26.39462132,26.63562775,26.63562775,9323400
PARA,Second Wave,29-09-2020,26.46603101,26.69811109,25.79656985,25.85012627,25.85012627,11466500
PARA,Second Wave,30-09-2020,26.01971836,26.3410602,24.88609727,25.00213814,25.00213814,9358800
PARA,Second Wave,01-10-2020,25.13603337,25.13603337,24.12737936,24.70757866,24.70757866,13944100
PARA,Second Wave,02-10-2020,24.23448879,25.32347981,24.09167057,24.96643257,24.96643257,9109000
PARA,Second Wave,05-10-2020,25.08247599,25.55556073,25.04677058,25.34133339,25.34133339,5874900
PARA,Second Wave,06-10-2020,25.6626755,26.32321025,25.37703903,25.39489174,25.39489174,8724400
PARA,Second Wave,07-10-2020,25.84119969,25.98401792,25.56448787,25.75193787,25.75193787,4870500
PARA,Second Wave,08-10-2020,25.93046092,26.49280923,25.65375079,26.43032646,26.43032646,9561800
PARA,Second Wave,09-10-2020,26.68025646,26.84985376,25.796568,25.8144207,25.8144207,5729600
PARA,Second Wave,12-10-2020,25.73408434,25.85904987,25.23422054,25.28777695,25.28777695,6608200
PARA,Second Wave,13-10-2020,24.75220458,25.15388187,24.18093173,24.50227356,24.50227356,13413100
PARA,Second Wave,14-10-2020,24.54690721,24.80576632,24.27912345,24.40408897,24.40408897,7125100
PARA,Second Wave,15-10-2020,24.52012695,24.87717422,24.29697326,24.84146881,24.84146881,6884900
PARA,Second Wave,16-10-2020,24.96643838,25.01107015,24.48442722,24.93966103,24.93966103,7503700
PARA,Second Wave,19-10-2020,25.12710606,25.14495877,24.10952574,24.21663857,24.21663857,15514800
PARA,Second Wave,20-10-2020,24.47550006,24.7879156,24.19878992,24.51120377,24.51120377,9204100
PARA,Second Wave,21-10-2020,24.51120331,25.50200635,24.18986311,25.41274452,25.41274452,9283100
PARA,Second Wave,22-10-2020,25.61804822,26.33213946,25.52878639,25.97509384,25.97509384,9179000
PARA,Second Wave,23-10-2020,26.15361226,26.3321359,25.61804476,26.13576126,26.13576126,5877800
PARA,Second Wave,26-10-2020,25.56448768,25.83227315,25.25207386,25.66267586,25.66267586,7403400
PARA,Second Wave,27-10-2020,25.49307767,25.56448678,25.04677028,25.18066216,25.18066216,8316700
PARA,Second Wave,28-10-2020,24.54690778,25.14495978,24.45764595,24.81469154,24.81469154,12407000
PARA,Second Wave,29-10-2020,24.68972647,25.26099943,24.56476094,25.10925484,25.10925484,7449700
PARA,Second Wave,30-10-2020,24.81469082,25.51985733,24.68972529,25.50200462,25.50200462,12162900
PARA,Second Wave,02-11-2020,25.70730345,26.47495266,25.3145542,26.42139626,26.42139626,11088900
PARA,Second Wave,03-11-2020,26.77844629,27.20690102,26.50173615,26.89448547,26.89448547,12412800
PARA,Second Wave,04-11-2020,26.74274051,27.0283787,26.16254119,26.57314491,26.57314491,8869700
PARA,Second Wave,05-11-2020,26.78737255,27.98347661,26.78737255,27.9299202,27.9299202,11691700
PARA,Second Wave,06-11-2020,27.44790424,27.65320523,25.75193651,26.15361214,26.15361214,26843600
PARA,Second Wave,09-11-2020,27.53717173,27.80495554,25.68945905,25.93046379,25.93046379,17020200
PARA,Second Wave,10-11-2020,26.02864778,26.84985348,25.76086402,26.84092712,26.84092712,8927500
PARA,Second Wave,11-11-2020,26.56421543,27.09085827,26.41247085,26.9569664,26.9569664,9281700
PARA,Second Wave,12-11-2020,26.77844121,26.77844121,25.99294102,26.10898018,26.10898018,8077300
PARA,Second Wave,13-11-2020,26.24287357,27.20689744,26.22502087,26.9569664,26.9569664,7894200
PARA,Second Wave,16-11-2020,27.46575706,29.03675757,27.33186519,28.47441101,28.47441101,21017100
PARA,Second Wave,17-11-2020,28.2066261,29.35809823,27.66213056,28.82253075,28.82253075,9860900
PARA,Second Wave,18-11-2020,29.00998153,29.67051799,28.64400959,29.18850517,29.18850517,8265200
PARA,Second Wave,19-11-2020,28.92071869,29.97400435,28.77790047,29.84011078,29.84011078,9218600
PARA,Second Wave,20-11-2020,29.82226282,30.43816586,29.57233174,30.33998108,30.33998108,16974700
PARA,Second Wave,23-11-2020,30.57205059,31.66996616,30.52742054,30.90231705,30.90231705,14833400
PARA,Second Wave,24-11-2020,30.83983596,31.17010243,30.47386408,30.80413055,30.80413055,12525600
PARA,Second Wave,25-11-2020,30.77734818,31.14331999,29.90258636,31.08083725,31.08083725,12095000
PARA,Second Wave,27-11-2020,31.05406791,31.49144723,30.97373244,31.30399895,31.30399895,3903900
PARA,Second Wave,30-11-2020,31.09870572,31.60749598,31.08085301,31.49145508,31.49145508,18543000
PARA,Second Wave,01-12-2020,31.68782185,33.24097293,31.57178099,32.45547104,32.45547104,18436500
PARA,Second Wave,02-12-2020,32.3037265,32.63399641,31.76815902,32.46439743,32.46439743,9386500
PARA,Second Wave,03-12-2020,32.66077423,33.04459885,32.35728508,32.66077423,32.66077423,10173300
PARA,Second Wave,04-12-2020,32.72326138,33.02675058,32.34836477,32.98212051,32.98212051,8736500
PARA,Second Wave,07-12-2020,32.70541028,32.9107113,32.2055481,32.86608124,32.86608124,7706900
PARA,Second Wave,08-12-2020,32.84822275,33.31238284,32.5447336,32.71433258,32.71433258,10698000
PARA,Second Wave,09-12-2020,32.56258376,32.73217933,32.18768722,32.52687836,32.52687836,11809600
PARA,Second Wave,10-12-2020,32.07165122,32.66970153,31.75030934,32.01809311,32.01809311,12962500
PARA,Second Wave,11-12-2020,31.65212833,31.97347028,31.16119074,31.77709389,31.77709389,9883600
PARA,Second Wave,14-12-2020,32.2174402,32.27136184,30.88740397,31.15700531,31.15700531,20752300
PARA,Second Wave,15-12-2020,31.39065188,31.83099978,30.9592892,31.57937241,31.57937241,8888500
PARA,Second Wave,16-12-2020,31.60633404,32.72967551,31.37268052,32.25337982,32.25337982,20991800
PARA,Second Wave,17-12-2020,32.37920614,32.60387452,31.80405563,32.53198242,32.53198242,10649700
PARA,Second Wave,18-12-2020,31.88492309,32.17249822,31.33673192,31.6872139,31.6872139,12922200
PARA,Second Wave,21-12-2020,31.07612874,31.35471531,30.67172501,31.31876755,31.31876755,14495800
PARA,Second Wave,22-12-2020,31.34573012,31.49850296,30.6627364,31.35471535,31.35471535,8805700
PARA,Second Wave,23-12-2020,31.38166489,32.74764849,31.37267966,32.30730057,32.30730057,12458700
PARA,Second Wave,24-12-2020,32.11857818,32.37919078,31.85796216,32.34324646,32.34324646,4720500
PARA,Second Wave,28-12-2020,32.43313114,33.27788311,32.37920949,33.00828171,33.00828171,6108200
PARA,Second Wave,29-12-2020,33.08016739,33.24192887,32.71171145,32.99928665,32.99928665,8183000
PARA,Second Wave,30-12-2020,33.15205642,33.65531469,32.94536198,33.16104507,33.16104507,5264900
LGF-B,Second Wave,01-07-2020,6.880000114,7.269999981,6.880000114,7.190000057,7.190000057,454700
LGF-B,Second Wave,02-07-2020,7.300000191,7.309999943,7.010000229,7.059999943,7.059999943,584700
LGF-B,Second Wave,06-07-2020,7.059999943,7.25,7.059999943,7.150000095,7.150000095,583300
LGF-B,Second Wave,07-07-2020,7.070000172,7.170000076,6.940000057,7.110000134,7.110000134,1258000
LGF-B,Second Wave,08-07-2020,7.019999981,7.139999866,6.820000172,7.050000191,7.050000191,1029300
LGF-B,Second Wave,09-07-2020,6.989999771,7.440000057,6.989999771,7.25,7.25,1113000
LGF-B,Second Wave,10-07-2020,7.239999771,7.320000172,7.119999886,7.25,7.25,1000600
LGF-B,Second Wave,13-07-2020,7.130000114,7.349999905,7.119999886,7.139999866,7.139999866,583200
LGF-B,Second Wave,14-07-2020,7.039999962,7.15199995,6.960000038,7.070000172,7.070000172,987500
LGF-B,Second Wave,15-07-2020,7.150000095,7.605000019,7.110000134,7.550000191,7.550000191,603200
LGF-B,Second Wave,16-07-2020,7.409999847,7.860000134,7.360000134,7.800000191,7.800000191,1254900
LGF-B,Second Wave,17-07-2020,7.769999981,7.839000225,7.349999905,7.389999866,7.389999866,549900
LGF-B,Second Wave,20-07-2020,7.380000114,7.510000229,7.309999943,7.400000095,7.400000095,315400
LGF-B,Second Wave,21-07-2020,7.369999886,7.531000137,7.25,7.309999943,7.309999943,558200
LGF-B,Second Wave,22-07-2020,7.269999981,7.300000191,7.050000191,7.190000057,7.190000057,392400
LGF-B,Second Wave,23-07-2020,7.159999847,7.380000114,7.065000057,7.349999905,7.349999905,634800
LGF-B,Second Wave,24-07-2020,7.199999809,7.46999979,7.199999809,7.420000076,7.420000076,364500
LGF-B,Second Wave,27-07-2020,7.389999866,7.409999847,7.239999771,7.369999886,7.369999886,647000
LGF-B,Second Wave,28-07-2020,7.28000021,7.46999979,7.269999981,7.429999828,7.429999828,693100
LGF-B,Second Wave,29-07-2020,7.449999809,7.449999809,6.960000038,7.050000191,7.050000191,543900
LGF-B,Second Wave,30-07-2020,6.889999866,7.210000038,6.840000153,7.110000134,7.110000134,573500
LGF-B,Second Wave,31-07-2020,7.110000134,7.119999886,6.920000076,7.110000134,7.110000134,415200
LGF-B,Second Wave,03-08-2020,7.110000134,7.400000095,6.960000038,7.340000153,7.340000153,357200
LGF-B,Second Wave,04-08-2020,7.340000153,7.539999962,7.300000191,7.489999771,7.489999771,306900
LGF-B,Second Wave,05-08-2020,7.539999962,7.599999905,7.360000134,7.420000076,7.420000076,423800
LGF-B,Second Wave,06-08-2020,7.309999943,7.420000076,7.21999979,7.28000021,7.28000021,389500
LGF-B,Second Wave,07-08-2020,7.5,7.829999924,7.340000153,7.349999905,7.349999905,1694400
LGF-B,Second Wave,10-08-2020,7.260000229,7.440000057,7.260000229,7.329999924,7.329999924,478400
LGF-B,Second Wave,11-08-2020,7.25,7.449999809,7.25,7.28000021,7.28000021,446500
LGF-B,Second Wave,12-08-2020,7.349999905,7.53000021,7.244999886,7.289999962,7.289999962,572600
LGF-B,Second Wave,13-08-2020,7.260000229,7.360000134,7.179999828,7.329999924,7.329999924,591100
LGF-B,Second Wave,14-08-2020,7.230000019,7.599999905,7.21999979,7.559999943,7.559999943,554800
LGF-B,Second Wave,17-08-2020,7.610000134,7.670000076,7.309999943,7.639999866,7.639999866,713200
LGF-B,Second Wave,18-08-2020,7.730000019,8.069999695,7.659999847,7.960000038,7.960000038,1439100
LGF-B,Second Wave,19-08-2020,7.989999771,7.989999771,7.514999866,7.900000095,7.900000095,788900
LGF-B,Second Wave,20-08-2020,7.849999905,8.109999657,7.809999943,8.039999962,8.039999962,776900
LGF-B,Second Wave,21-08-2020,8.140000343,8.270000458,8.109999657,8.170000076,8.170000076,707000
LGF-B,Second Wave,24-08-2020,8.279999733,8.470000267,8.170000076,8.420000076,8.420000076,580400
LGF-B,Second Wave,25-08-2020,8.420000076,8.600000381,8.359999657,8.550000191,8.550000191,449000
LGF-B,Second Wave,26-08-2020,8.670000076,9.034999847,8.619999886,8.81000042,8.81000042,1131200
LGF-B,Second Wave,27-08-2020,8.859999657,9.010000229,8.800000191,8.899999619,8.899999619,620300
LGF-B,Second Wave,28-08-2020,8.920000076,9.079999924,8.789999962,8.920000076,8.920000076,394000
LGF-B,Second Wave,31-08-2020,8.93999958,9.220000267,8.840000153,9.06000042,9.06000042,516800
LGF-B,Second Wave,01-09-2020,9,9.06000042,8.789999962,8.970000267,8.970000267,730000
LGF-B,Second Wave,02-09-2020,9,9.020000458,8.909999847,8.949999809,8.949999809,643300
LGF-B,Second Wave,03-09-2020,8.909999847,9.090000153,8.56000042,8.600000381,8.600000381,528600
LGF-B,Second Wave,04-09-2020,8.609999657,8.840000153,8.489999771,8.720000267,8.720000267,650100
LGF-B,Second Wave,08-09-2020,8.630000114,8.890000343,8.609999657,8.75,8.75,818600
LGF-B,Second Wave,09-09-2020,8.880000114,8.899999619,8.710000038,8.800000191,8.800000191,466000
LGF-B,Second Wave,10-09-2020,8.850000381,8.899999619,8.56000042,8.619999886,8.619999886,301500
LGF-B,Second Wave,11-09-2020,8.590000153,8.899999619,8.590000153,8.600000381,8.600000381,513900
LGF-B,Second Wave,14-09-2020,8.68999958,8.949999809,8.68999958,8.890000343,8.890000343,586900
LGF-B,Second Wave,15-09-2020,8.949999809,9.18999958,8.949999809,9.090000153,9.090000153,672400
LGF-B,Second Wave,16-09-2020,9.180000305,9.350000381,9.149999619,9.239999771,9.239999771,724500
LGF-B,Second Wave,17-09-2020,9.140000343,9.654999733,9.06000042,9.579999924,9.579999924,1428700
LGF-B,Second Wave,18-09-2020,9.739999771,9.760000229,9.520000458,9.630000114,9.630000114,939400
LGF-B,Second Wave,21-09-2020,9.510000229,9.510000229,8.890000343,9.020000458,9.020000458,1014800
LGF-B,Second Wave,22-09-2020,9.050000191,9.145000458,8.970000267,9.039999962,9.039999962,727400
LGF-B,Second Wave,23-09-2020,9,9.090000153,8.380000114,8.529999733,8.529999733,851600
LGF-B,Second Wave,24-09-2020,8.470000267,8.510000229,8.225000381,8.350000381,8.350000381,480800
LGF-B,Second Wave,25-09-2020,8.329999924,8.409999847,8.199999809,8.340000153,8.340000153,455000
LGF-B,Second Wave,28-09-2020,8.449999809,8.609999657,8.409999847,8.569999695,8.569999695,296100
LGF-B,Second Wave,29-09-2020,8.590000153,8.649999619,8.454999924,8.619999886,8.619999886,357000
LGF-B,Second Wave,30-09-2020,8.630000114,8.845000267,8.609999657,8.720000267,8.720000267,530700
LGF-B,Second Wave,01-10-2020,8.770000458,8.829999924,8.354999542,8.520000458,8.520000458,566100
LGF-B,Second Wave,02-10-2020,8.380000114,8.449999809,8.149999619,8.319999695,8.319999695,378100
LGF-B,Second Wave,05-10-2020,8.43999958,8.529999733,8.199999809,8.380000114,8.380000114,318000
LGF-B,Second Wave,06-10-2020,8.420000076,8.479999542,8.06000042,8.170000076,8.170000076,440600
LGF-B,Second Wave,07-10-2020,8.18999958,8.194000244,7.840000153,8.050000191,8.050000191,703900
LGF-B,Second Wave,08-10-2020,8.109999657,8.109999657,7.860000134,8.039999962,8.039999962,519200
LGF-B,Second Wave,09-10-2020,8.090000153,8.229999542,8.06000042,8.18999958,8.18999958,456000
LGF-B,Second Wave,12-10-2020,8.140000343,8.239999771,7.949999809,8.140000343,8.140000343,444700
LGF-B,Second Wave,13-10-2020,8.199999809,8.199999809,7.840000153,8.079999924,8.079999924,538800
LGF-B,Second Wave,14-10-2020,8.050000191,8.119999886,7.775000095,7.920000076,7.920000076,877400
LGF-B,Second Wave,15-10-2020,7.869999886,7.869999886,7.659999847,7.78000021,7.78000021,410500
LGF-B,Second Wave,16-10-2020,7.769999981,7.809999943,7.630000114,7.75,7.75,519000
LGF-B,Second Wave,19-10-2020,7.760000229,7.809999943,7.389999866,7.389999866,7.389999866,834500
LGF-B,Second Wave,20-10-2020,7.440000057,7.440000057,7.110000134,7.119999886,7.119999886,855900
LGF-B,Second Wave,21-10-2020,7.130000114,7.130000114,6.929999828,6.949999809,6.949999809,741900
LGF-B,Second Wave,22-10-2020,6.900000095,7.050000191,6.78000021,7.010000229,7.010000229,856400
LGF-B,Second Wave,23-10-2020,7.03000021,7.070000172,6.881000042,6.949999809,6.949999809,1083500
LGF-B,Second Wave,26-10-2020,6.940000057,6.940000057,6.570000172,6.769999981,6.769999981,1231600
LGF-B,Second Wave,27-10-2020,6.75,6.820000172,6.570000172,6.639999866,6.639999866,1226900
LGF-B,Second Wave,28-10-2020,6.53000021,6.71999979,6.510000229,6.570000172,6.570000172,882300
LGF-B,Second Wave,29-10-2020,6.550000191,6.590000153,6.360000134,6.550000191,6.550000191,809400
LGF-B,Second Wave,30-10-2020,6.46999979,6.53000021,6.170000076,6.269999981,6.269999981,1178000
LGF-B,Second Wave,02-11-2020,6.320000172,6.400000095,6.130000114,6.269999981,6.269999981,620000
LGF-B,Second Wave,03-11-2020,6.360000134,6.480000019,6.28000021,6.46999979,6.46999979,789200
LGF-B,Second Wave,04-11-2020,6.539999962,6.675000191,6.389999866,6.420000076,6.420000076,523300
LGF-B,Second Wave,05-11-2020,6.539999962,6.639999866,6.380000114,6.599999905,6.599999905,583400
LGF-B,Second Wave,06-11-2020,6.809999943,7.449999809,6.760000229,7.309999943,7.309999943,1726300
LGF-B,Second Wave,09-11-2020,7.71999979,8.18999958,7.71999979,7.820000172,7.820000172,1275400
LGF-B,Second Wave,10-11-2020,7.800000191,8.340000153,7.71999979,8.279999733,8.279999733,1099500
LGF-B,Second Wave,11-11-2020,8.289999962,8.579999924,8.25,8.550000191,8.550000191,1034900
LGF-B,Second Wave,12-11-2020,8.479999542,8.739999771,8.329999924,8.510000229,8.510000229,812000
LGF-B,Second Wave,13-11-2020,8.800000191,8.93999958,8.645000458,8.859999657,8.859999657,1028900
LGF-B,Second Wave,16-11-2020,8.909999847,8.989999771,8.75,8.81000042,8.81000042,1199900
LGF-B,Second Wave,17-11-2020,8.720000267,8.899999619,8.710000038,8.880000114,8.880000114,574800
LGF-B,Second Wave,18-11-2020,8.880000114,8.909999847,8.710000038,8.779999733,8.779999733,1691000
LGF-B,Second Wave,19-11-2020,8.729999542,8.909999847,8.670000076,8.739999771,8.739999771,790600
LGF-B,Second Wave,20-11-2020,8.699999809,8.890000343,8.600000381,8.81000042,8.81000042,610500
LGF-B,Second Wave,23-11-2020,8.850000381,9.260000229,8.770000458,9.119999886,9.119999886,1141900
LGF-B,Second Wave,24-11-2020,9.260000229,9.534999847,9.140000343,9.510000229,9.510000229,912800
LGF-B,Second Wave,25-11-2020,9.520000458,9.520000458,9.199999809,9.199999809,9.199999809,614600
LGF-B,Second Wave,27-11-2020,9.289999962,9.369999886,9.210000038,9.329999924,9.329999924,311900
LGF-B,Second Wave,30-11-2020,9.340000153,9.430000305,8.93500042,8.979999542,8.979999542,1328000
LGF-B,Second Wave,01-12-2020,9.029999733,9.210000038,9.010000229,9.079999924,9.079999924,603800
LGF-B,Second Wave,02-12-2020,9.090000153,9.109999657,8.890000343,9,9,930200
LGF-B,Second Wave,03-12-2020,8.970000267,9.220000267,8.970000267,9.090000153,9.090000153,604600
LGF-B,Second Wave,04-12-2020,9.090000153,9.390000343,9.029999733,9.359999657,9.359999657,691000
LGF-B,Second Wave,07-12-2020,9.289999962,9.350000381,9.090000153,9.090000153,9.090000153,359900
LGF-B,Second Wave,08-12-2020,8.949999809,9.149999619,8.880000114,8.960000038,8.960000038,920800
LGF-B,Second Wave,09-12-2020,8.960000038,9.090000153,8.68999958,8.840000153,8.840000153,868200
LGF-B,Second Wave,10-12-2020,8.75,8.989999771,8.673000336,8.970000267,8.970000267,673600
LGF-B,Second Wave,11-12-2020,8.869999886,9.024999619,8.68999958,8.739999771,8.739999771,507100
LGF-B,Second Wave,14-12-2020,8.729999542,8.800000191,8.324999809,8.399999619,8.399999619,696500
LGF-B,Second Wave,15-12-2020,8.340000153,8.670000076,8.340000153,8.579999924,8.579999924,552200
LGF-B,Second Wave,16-12-2020,8.56000042,8.56000042,8.270000458,8.479999542,8.479999542,692800
LGF-B,Second Wave,17-12-2020,8.460000038,8.68999958,8.402999878,8.68999958,8.68999958,664700
LGF-B,Second Wave,18-12-2020,8.68999958,8.710000038,8.409999847,8.510000229,8.510000229,1083100
LGF-B,Second Wave,21-12-2020,8.380000114,8.529999733,8.274999619,8.409999847,8.409999847,666800
LGF-B,Second Wave,22-12-2020,8.430000305,8.449999809,8.260000229,8.449999809,8.449999809,830700
LGF-B,Second Wave,23-12-2020,8.399999619,9.720000267,8.399999619,9.670000076,9.670000076,1035200
LGF-B,Second Wave,24-12-2020,9.659999847,10,9.31000042,9.989999771,9.989999771,443100
LGF-B,Second Wave,28-12-2020,9.869999886,10,9.694999695,9.960000038,9.960000038,737900
LGF-B,Second Wave,29-12-2020,10,10.06999969,9.789999962,9.909999847,9.909999847,648600
LGF-B,Second Wave,30-12-2020,9.800000191,10.31000042,9.682999611,10.18999958,10.18999958,638100
SONY,Second Wave,01-07-2020,12.81968428,13.14958214,12.81968428,13.04579449,13.04579449,7748500
SONY,Second Wave,02-07-2020,13.06618147,13.06618147,12.96795349,13.01613998,13.01613998,5435000
SONY,Second Wave,06-07-2020,13.06988788,13.12363493,13.02911429,13.0717411,13.0717411,6987500
SONY,Second Wave,07-07-2020,12.94015175,12.98463267,12.79744373,12.81783009,12.81783009,4540000
SONY,Second Wave,08-07-2020,12.89011227,12.94571343,12.78447051,12.9345932,12.9345932,2667500
SONY,Second Wave,09-07-2020,13.21815685,13.28117091,13.06247448,13.25707722,13.25707722,4748000
SONY,Second Wave,10-07-2020,13.52951988,13.73524194,13.45723882,13.70373535,13.70373535,8334500
SONY,Second Wave,13-07-2020,13.99286063,14.20414326,13.74450997,13.78157711,13.78157711,9073000
SONY,Second Wave,14-07-2020,13.60180126,13.82791056,13.55361389,13.81123066,13.81123066,3788000
SONY,Second Wave,15-07-2020,14.10591416,14.43395875,14.06514057,14.23935604,14.23935604,9926000
SONY,Second Wave,16-07-2020,14.1411287,14.28383672,14.11332768,14.23379612,14.23379612,4677000
SONY,Second Wave,17-07-2020,14.07811462,14.16522236,13.98173987,14.10035419,14.10035419,5458500
SONY,Second Wave,20-07-2020,14.30422535,14.54886869,14.2504783,14.48956108,14.48956108,4375000
SONY,Second Wave,21-07-2020,14.50253313,14.50624046,14.29866428,14.32831764,14.32831764,3491000
SONY,Second Wave,22-07-2020,14.32090483,14.38206566,14.23565031,14.33573151,14.33573151,2085000
SONY,Second Wave,23-07-2020,14.35982609,14.45434674,14.12074243,14.16337013,14.16337013,3040500
SONY,Second Wave,24-07-2020,14.05772744,14.18746288,13.96320591,14.17078209,14.17078209,2677500
SONY,Second Wave,27-07-2020,14.39503929,14.56925478,14.38762551,14.5544281,14.5544281,4556000
SONY,Second Wave,28-07-2020,14.54886893,14.54886893,14.3802131,14.38577366,14.38577366,2396000
SONY,Second Wave,29-07-2020,14.38762478,14.59334772,14.37465132,14.52106667,14.52106667,2652000
SONY,Second Wave,30-07-2020,14.35611828,14.59705515,14.33202459,14.55257511,14.55257511,3121500
SONY,Second Wave,31-07-2020,14.26715746,14.45063996,14.25418401,14.44878674,14.44878674,5564500
SONY,Second Wave,03-08-2020,14.58778825,15.08819514,14.58037535,15.06224823,15.06224823,10748500
SONY,Second Wave,04-08-2020,15.48666713,15.59601533,15.29206529,15.45145321,15.45145321,8477500
SONY,Second Wave,05-08-2020,15.14194259,15.1586225,14.9584601,15.0585413,15.0585413,5895500
SONY,Second Wave,06-08-2020,14.98626148,15.03444885,14.89359318,14.91397953,14.91397953,5649000
SONY,Second Wave,07-08-2020,14.91953953,14.96216635,14.66192188,14.83243179,14.83243179,5508000
SONY,Second Wave,10-08-2020,14.91027205,14.91027205,14.77683017,14.83613777,14.83613777,3223000
SONY,Second Wave,11-08-2020,14.81204501,14.88617841,14.68230956,14.7026968,14.7026968,5198000
SONY,Second Wave,12-08-2020,14.73605637,15.00849893,14.72678937,14.96401978,14.96401978,6168000
SONY,Second Wave,13-08-2020,15.11599903,15.4180968,15.06225109,15.32172203,15.32172203,8971000
SONY,Second Wave,14-08-2020,15.4551591,15.49593358,15.36063847,15.36990547,15.36990547,7097000
SONY,Second Wave,17-08-2020,15.48110673,15.51446831,15.33098582,15.46628094,15.46628094,6187000
SONY,Second Wave,18-08-2020,15.54041531,15.54968232,15.31430423,15.37917328,15.37917328,3991000
SONY,Second Wave,19-08-2020,15.10487407,15.21051582,15.01591399,15.03073978,15.03073978,6771500
SONY,Second Wave,20-08-2020,14.65451047,14.74717789,14.61744332,14.71752453,14.71752453,6123500
SONY,Second Wave,21-08-2020,14.54886829,14.62856314,14.49326802,14.59520245,14.59520245,6685000
SONY,Second Wave,24-08-2020,14.8101924,14.87876614,14.71011032,14.78424549,14.78424549,4242500
SONY,Second Wave,25-08-2020,14.67489668,14.75644386,14.67118934,14.71010971,14.71010971,3180000
SONY,Second Wave,26-08-2020,14.90100679,15.05112948,14.85281941,15.03444958,15.03444958,4503000
SONY,Second Wave,27-08-2020,15.04927384,15.04927384,14.82131132,14.90471172,14.90471172,5164000
SONY,Second Wave,28-08-2020,14.65450999,14.76200497,14.60446939,14.7138176,14.7138176,5050000
SONY,Second Wave,31-08-2020,14.57666802,14.63782885,14.53774765,14.5748148,14.5748148,3886000
SONY,Second Wave,01-09-2020,14.68416464,14.84725992,14.59520366,14.73420525,14.73420525,5309500
SONY,Second Wave,02-09-2020,14.75088245,14.82686996,14.60446712,14.73234844,14.73234844,4444500
SONY,Second Wave,03-09-2020,14.61373577,14.63412213,14.21711654,14.34129143,14.34129143,5346500
SONY,Second Wave,04-09-2020,14.41542608,14.5433083,14.01139394,14.39318562,14.39318562,6207500
SONY,Second Wave,08-09-2020,14.21711777,14.24491791,14.0614354,14.08738232,14.08738232,6311500
SONY,Second Wave,09-09-2020,14.24491637,14.44693288,14.18746288,14.35982513,14.35982513,4441500
SONY,Second Wave,10-09-2020,14.41357033,14.44507779,14.15966004,14.17819405,14.17819405,4898500
SONY,Second Wave,11-09-2020,14.30422287,14.34314323,14.1300074,14.27456951,14.27456951,4130500
SONY,Second Wave,14-09-2020,14.3320244,14.50438754,14.32090505,14.40430546,14.40430546,3381000
SONY,Second Wave,15-09-2020,14.2467696,14.32646444,14.12815527,14.17078209,14.17078209,6918000
SONY,Second Wave,16-09-2020,14.43395895,14.45619941,14.25047646,14.26900959,14.26900959,8946000
SONY,Second Wave,17-09-2020,14.30051747,14.50994687,14.2189694,14.38391876,14.38391876,7307500
SONY,Second Wave,18-09-2020,14.84169799,14.85837789,14.51735985,14.63412094,14.63412094,6060000
SONY,Second Wave,21-09-2020,14.40986515,14.52106657,14.2708627,14.50623989,14.50623989,3812500
SONY,Second Wave,22-09-2020,14.65450925,14.65636248,14.42283938,14.58593464,14.58593464,3654000
SONY,Second Wave,23-09-2020,14.54886777,14.55628155,14.26901052,14.33202457,14.33202457,4365500
SONY,Second Wave,24-09-2020,14.26530351,14.54516074,14.23565014,14.4154253,14.4154253,4173500
SONY,Second Wave,25-09-2020,14.25974318,14.34314448,14.15780876,14.31905079,14.31905079,3088500
SONY,Second Wave,28-09-2020,14.702135,14.702135,14.48753306,14.54777241,14.54777241,3951000
SONY,Second Wave,29-09-2020,14.57600992,14.64942654,14.51012356,14.58542252,14.58542252,2245500
SONY,Second Wave,30-09-2020,14.44800091,14.57789129,14.35952378,14.44800091,14.44800091,3533500
SONY,Second Wave,01-10-2020,14.47812011,14.48000245,14.33505156,14.39152622,14.39152622,3598500
SONY,Second Wave,02-10-2020,13.93032074,14.10915554,13.85878646,13.93032074,13.93032074,6960000
SONY,Second Wave,05-10-2020,14.09033023,14.15998127,14.03385557,14.13174438,14.13174438,4231000
SONY,Second Wave,06-10-2020,13.9943231,14.00750037,13.82301768,13.8437252,13.8437252,4254000
SONY,Second Wave,07-10-2020,13.92655352,13.92655352,13.76089601,13.81172276,13.81172276,6192000
SONY,Second Wave,08-10-2020,13.8832587,13.98679454,13.84184454,13.95479298,13.95479298,3724500
SONY,Second Wave,09-10-2020,13.99620501,14.0884468,13.91714139,14.03385448,14.03385448,3778500
SONY,Second Wave,12-10-2020,13.94349589,14.09597612,13.94161355,14.0413847,14.0413847,3854500
SONY,Second Wave,13-10-2020,14.07903542,14.15245203,13.97926426,14.06021023,14.06021023,4535000
SONY,Second Wave,14-10-2020,14.04515108,14.09974251,13.98114706,14.0075016,14.0075016,4714000
SONY,Second Wave,15-10-2020,13.85501985,13.85501985,13.66300691,13.79289818,13.79289818,5645500
SONY,Second Wave,16-10-2020,13.69689171,13.74960079,13.63853471,13.67994976,13.67994976,5313000
SONY,Second Wave,19-10-2020,13.87384422,13.90396433,13.70630437,13.72889423,13.72889423,4111000
SONY,Second Wave,20-10-2020,14.04891394,14.28234103,14.03950225,14.22586727,14.22586727,6079000
SONY,Second Wave,21-10-2020,14.1806888,14.19951398,14.00561869,14.05079842,14.05079842,4366000
SONY,Second Wave,22-10-2020,14.09597633,14.11291918,13.96985064,14.04326725,14.04326725,3309500
SONY,Second Wave,23-10-2020,14.15433466,14.22586893,14.02632661,14.19951439,14.19951439,3756000
SONY,Second Wave,26-10-2020,14.25975275,14.38776169,14.22210328,14.3444643,14.3444643,4212500
SONY,Second Wave,27-10-2020,14.55153655,14.73790159,14.48565019,14.58353901,14.58353901,7336500
SONY,Second Wave,28-10-2020,15.41747478,15.42688738,14.89226444,15.36100101,15.36100101,13637000
SONY,Second Wave,29-10-2020,15.76761656,15.79020463,15.54171791,15.70549488,15.70549488,9225500
SONY,Second Wave,30-10-2020,15.67160855,15.82220645,15.54548376,15.74879074,15.74879074,7396500
SONY,Second Wave,02-11-2020,15.83538648,16.17423271,15.82032776,16.09516907,16.09516907,10388500
SONY,Second Wave,03-11-2020,16.18929147,16.42460092,16.18929147,16.26647186,16.26647186,5297000
SONY,Second Wave,04-11-2020,16.07257746,16.4283656,16.03304564,16.26647186,16.26647186,5196000
SONY,Second Wave,05-11-2020,16.70697042,17.10793827,16.7013225,17.01569557,17.01569557,9116500
SONY,Second Wave,06-11-2020,16.77285557,16.9742811,16.69002727,16.82744789,16.82744789,6972500
SONY,Second Wave,09-11-2020,16.94227975,16.94227975,16.30223778,16.30412102,16.30412102,9424500
SONY,Second Wave,10-11-2020,16.19870257,16.27212008,16.05375257,16.17234802,16.17234802,6500500
SONY,Second Wave,11-11-2020,16.27964839,16.69567676,16.23823513,16.58272743,16.58272743,6737000
SONY,Second Wave,12-11-2020,16.46601457,16.59214117,16.3511838,16.39824677,16.39824677,6045000
SONY,Second Wave,13-11-2020,16.74838493,16.95169191,16.66743807,16.88957024,16.88957024,5474500
SONY,Second Wave,16-11-2020,17.07217253,17.14935293,16.95169384,17.0269928,17.0269928,5755500
SONY,Second Wave,17-11-2020,16.98745973,17.07405272,16.85192055,16.88768768,16.88768768,8757500
SONY,Second Wave,18-11-2020,16.72767906,16.88392489,16.61096684,16.61284828,16.61284828,3732000
SONY,Second Wave,19-11-2020,16.72956042,16.75215029,16.64861356,16.72579575,16.72579575,4499500
SONY,Second Wave,20-11-2020,16.73709106,16.99310894,16.72767846,16.93851662,16.93851662,3119500
SONY,Second Wave,23-11-2020,16.96110511,17.09476106,16.84250787,16.90274811,16.90274811,3714000
SONY,Second Wave,24-11-2020,17.13994143,17.23406558,16.94793024,17.09288025,17.09288025,6044500
SONY,Second Wave,25-11-2020,17.58232213,17.60114732,17.30183295,17.55031967,17.55031967,8248500
SONY,Second Wave,27-11-2020,17.69150646,17.78939528,17.66138723,17.70844841,17.70844841,3334500
SONY,Second Wave,30-11-2020,17.62938279,17.69526914,17.4354884,17.56161499,17.56161499,4848500
SONY,Second Wave,01-12-2020,17.72162504,17.84963488,17.68774114,17.82328033,17.82328033,6201000
SONY,Second Wave,02-12-2020,17.39219506,17.57291221,17.34889677,17.43549156,17.43549156,5942000
SONY,Second Wave,03-12-2020,17.65762113,17.75174527,17.61620608,17.66326904,17.66326904,3773000
SONY,Second Wave,04-12-2020,17.6764465,17.77245208,17.65762132,17.77056885,17.77056885,2850500
SONY,Second Wave,07-12-2020,17.50702517,17.62373918,17.49572934,17.57479477,17.57479477,4507000
SONY,Second Wave,08-12-2020,17.58232524,17.6576242,17.53526226,17.57667732,17.57667732,3589500
SONY,Second Wave,09-12-2020,17.80633289,17.81386404,17.55408153,17.71973991,17.71973991,9943500
SONY,Second Wave,10-12-2020,17.63879601,17.73103691,17.56914497,17.71221352,17.71221352,3627000
SONY,Second Wave,11-12-2020,17.7536275,17.8797541,17.72539151,17.82328033,17.82328033,4538000
SONY,Second Wave,14-12-2020,17.87599174,17.89293369,17.57102941,17.57667732,17.57667732,4278500
SONY,Second Wave,15-12-2020,17.65762437,17.81575166,17.6105614,17.72351074,17.72351074,4121500
SONY,Second Wave,16-12-2020,17.74609903,17.95128927,17.70468397,17.9042263,17.9042263,4284000
SONY,Second Wave,17-12-2020,18.27319128,18.4049658,18.21671751,18.26377869,18.26377869,5998500
SONY,Second Wave,18-12-2020,18.65533252,18.70239549,18.4746154,18.58191681,18.58191681,6448000
SONY,Second Wave,21-12-2020,18.61579977,18.73627844,18.41249279,18.71180534,18.71180534,4695000
SONY,Second Wave,22-12-2020,18.44072955,18.5066177,18.31272151,18.34660721,18.34660721,3715000
SONY,Second Wave,23-12-2020,18.47273201,18.47273201,18.30519216,18.34660721,18.34660721,3348000
SONY,Second Wave,24-12-2020,18.34660865,18.36543204,18.17342087,18.22989464,18.22989464,1509000
SONY,Second Wave,28-12-2020,18.48402631,18.5028515,18.41625673,18.43884659,18.43884659,4818000
SONY,Second Wave,29-12-2020,18.82475572,18.98100154,18.7023956,18.90570259,18.90570259,4944000
SONY,Second Wave,30-12-2020,18.78710643,19.0035925,18.76075189,18.97159004,18.97159004,3081000
IMAX,Second Wave,01-07-2020,11.19999981,11.51000023,11,11.19999981,11.19999981,1123700
IMAX,Second Wave,02-07-2020,11.42000008,11.42000008,10.52000046,10.55000019,10.55000019,858700
IMAX,Second Wave,06-07-2020,10.72999954,11.59000015,10.69999981,11.48999977,11.48999977,1355100
IMAX,Second Wave,07-07-2020,11.31000042,11.47000027,10.98999977,11.17000008,11.17000008,633900
IMAX,Second Wave,08-07-2020,11.19999981,11.71000004,11.01000023,11.52999973,11.52999973,917000
IMAX,Second Wave,09-07-2020,11.47000027,11.77999973,11.18000031,11.59000015,11.59000015,801600
IMAX,Second Wave,10-07-2020,11.56000042,12.07999992,11.47999954,11.98999977,11.98999977,658100
IMAX,Second Wave,13-07-2020,12.02000046,12.14000034,11.22000027,11.40999985,11.40999985,977600
IMAX,Second Wave,14-07-2020,11.27999973,11.53999996,11.02999973,11.26000023,11.26000023,1270000
IMAX,Second Wave,15-07-2020,11.73999977,13.22999954,11.69999981,12.82999992,12.82999992,2246700
IMAX,Second Wave,16-07-2020,12.65999985,13.61999989,12.47999954,13.59000015,13.59000015,2599500
IMAX,Second Wave,17-07-2020,13.52000046,13.61999989,13.19999981,13.39999962,13.39999962,1086900
IMAX,Second Wave,20-07-2020,13.28999996,13.71000004,13.18000031,13.35000038,13.35000038,1102600
IMAX,Second Wave,21-07-2020,13.51000023,13.77999973,13,13.06000042,13.06000042,856600
IMAX,Second Wave,22-07-2020,13,13.28999996,12.72999954,12.90999985,12.90999985,847100
IMAX,Second Wave,23-07-2020,12.85999966,12.97000027,12.43999958,12.84000015,12.84000015,739400
IMAX,Second Wave,24-07-2020,12.35999966,12.68000031,11.80000019,12.52000046,12.52000046,755300
IMAX,Second Wave,27-07-2020,12.63000011,12.71000004,12.17000008,12.64000034,12.64000034,512900
IMAX,Second Wave,28-07-2020,12.47000027,13.06999969,12.47000027,12.56000042,12.56000042,799500
IMAX,Second Wave,29-07-2020,12.85999966,13.09000015,10.82999992,11.22000027,11.22000027,2714500
IMAX,Second Wave,30-07-2020,11.22999954,12.18000031,11.06000042,11.64000034,11.64000034,1063700
IMAX,Second Wave,31-07-2020,11.56000042,11.56000042,11.14000034,11.28999996,11.28999996,781000
IMAX,Second Wave,03-08-2020,11.27999973,11.43000031,11,11.32999992,11.32999992,747000
IMAX,Second Wave,04-08-2020,11.30000019,11.73999977,11.30000019,11.47999954,11.47999954,583100
IMAX,Second Wave,05-08-2020,11.60000038,11.98999977,11.52999973,11.89999962,11.89999962,765600
IMAX,Second Wave,06-08-2020,11.88000011,11.89000034,11.43999958,11.47999954,11.47999954,680200
IMAX,Second Wave,07-08-2020,11.47999954,12.09000015,11.35000038,11.85999966,11.85999966,1128900
IMAX,Second Wave,10-08-2020,11.85999966,12.01000023,11.63000011,11.93000031,11.93000031,677700
IMAX,Second Wave,11-08-2020,12.22000027,13.06000042,12.22000027,12.64000034,12.64000034,1398100
IMAX,Second Wave,12-08-2020,12.89999962,12.96000004,12.06000042,12.13000011,12.13000011,623500
IMAX,Second Wave,13-08-2020,12.22000027,12.77999973,12.06999969,12.60000038,12.60000038,586800
IMAX,Second Wave,14-08-2020,12.52999973,12.98999977,12.40999985,12.81000042,12.81000042,332100
IMAX,Second Wave,17-08-2020,12.85000038,12.94999981,12.57999992,12.89999962,12.89999962,531300
IMAX,Second Wave,18-08-2020,12.89999962,13.14999962,12.63000011,12.89000034,12.89000034,679700
IMAX,Second Wave,19-08-2020,12.97000027,13.51000023,12.92000008,13.21000004,13.21000004,904400
IMAX,Second Wave,20-08-2020,13.11999989,13.52999973,12.97000027,13.23999977,13.23999977,710200
IMAX,Second Wave,21-08-2020,13.09000015,13.27000046,12.86999989,13.13000011,13.13000011,718900
IMAX,Second Wave,24-08-2020,13.34000015,14.43999958,13.07999992,14.39000034,14.39000034,1341700
IMAX,Second Wave,25-08-2020,14.48999977,14.68000031,13.73999977,14.56000042,14.56000042,1454600
IMAX,Second Wave,26-08-2020,14.60999966,14.81999969,14.43999958,14.69999981,14.69999981,806000
IMAX,Second Wave,27-08-2020,14.78999996,15.53999996,14.73999977,15.46000004,15.46000004,2259900
IMAX,Second Wave,28-08-2020,15.56999969,15.73999977,15.27000046,15.69999981,15.69999981,743700
IMAX,Second Wave,31-08-2020,15.68000031,16.10000038,15.32999992,15.36999989,15.36999989,1014500
IMAX,Second Wave,01-09-2020,15.39999962,15.44999981,14.77000046,15.03999996,15.03999996,961200
IMAX,Second Wave,02-09-2020,15.35000038,16,15.05000019,15.89000034,15.89000034,1096800
IMAX,Second Wave,03-09-2020,15.92000008,16.04999924,15.11999989,15.39999962,15.39999962,833800
IMAX,Second Wave,04-09-2020,15.81000042,16.12000084,15.42000008,16.01000023,16.01000023,974600
IMAX,Second Wave,08-09-2020,15.85000038,15.85999966,15.05000019,15.21000004,15.21000004,938500
IMAX,Second Wave,09-09-2020,15.30000019,15.30000019,13.94999981,14.90999985,14.90999985,1206600
IMAX,Second Wave,10-09-2020,14.97000027,15.23999977,14.19999981,14.31000042,14.31000042,702400
IMAX,Second Wave,11-09-2020,14.39999962,14.39999962,13.19999981,13.46000004,13.46000004,1245200
IMAX,Second Wave,14-09-2020,13.56000042,13.90999985,13.28999996,13.31999969,13.31999969,997600
IMAX,Second Wave,15-09-2020,13.32999992,14.25,13.22999954,13.59000015,13.59000015,984700
IMAX,Second Wave,16-09-2020,13.68000031,14.02000046,13.44999981,13.60999966,13.60999966,967700
IMAX,Second Wave,17-09-2020,13.59000015,13.72999954,13.28999996,13.32999992,13.32999992,849500
IMAX,Second Wave,18-09-2020,13.31000042,13.57999992,13.15999985,13.40999985,13.40999985,582300
IMAX,Second Wave,21-09-2020,13.14000034,13.23999977,12.55000019,12.72999954,12.72999954,751400
IMAX,Second Wave,22-09-2020,12.77999973,13.68000031,12.61999989,13.14999962,13.14999962,2987800
IMAX,Second Wave,23-09-2020,13.05000019,13.22999954,12.02999973,12.05000019,12.05000019,1169000
IMAX,Second Wave,24-09-2020,12,12.10999966,11.59000015,11.80000019,11.80000019,584600
IMAX,Second Wave,25-09-2020,11.81000042,12.22999954,11.71000004,12.22999954,12.22999954,656800
IMAX,Second Wave,28-09-2020,12.42000008,12.52999973,12.06999969,12.15999985,12.15999985,461000
IMAX,Second Wave,29-09-2020,12.13000011,12.14999962,11.84000015,11.94999981,11.94999981,503700
IMAX,Second Wave,30-09-2020,11.96000004,12.26000023,11.93000031,11.96000004,11.96000004,530100
IMAX,Second Wave,01-10-2020,12.19999981,12.19999981,11.57999992,11.60999966,11.60999966,876700
IMAX,Second Wave,02-10-2020,11.30000019,11.47999954,11.07999992,11.27000046,11.27000046,628600
IMAX,Second Wave,05-10-2020,11.27000046,11.31000042,10.5,11.06000042,11.06000042,1208800
IMAX,Second Wave,06-10-2020,11.17000008,11.90999985,11.15999985,11.43000031,11.43000031,865400
IMAX,Second Wave,07-10-2020,11.57999992,11.69999981,11.10999966,11.36999989,11.36999989,671800
IMAX,Second Wave,08-10-2020,11.5,11.64000034,11.27000046,11.61999989,11.61999989,430900
IMAX,Second Wave,09-10-2020,11.85000038,12.10999966,11.52000046,11.61999989,11.61999989,412800
IMAX,Second Wave,12-10-2020,11.36999989,11.93999958,11.19999981,11.89000034,11.89000034,638900
IMAX,Second Wave,13-10-2020,11.85000038,11.85000038,11.19999981,11.23999977,11.23999977,616900
IMAX,Second Wave,14-10-2020,11.05000019,11.13000011,10.64999962,11.06000042,11.06000042,1024600
IMAX,Second Wave,15-10-2020,11.05000019,11.27999973,10.84000015,11.22999954,11.22999954,716000
IMAX,Second Wave,16-10-2020,11.21000004,11.47999954,11.13000011,11.19999981,11.19999981,500200
IMAX,Second Wave,19-10-2020,11.36999989,11.77000046,11.14000034,11.19999981,11.19999981,820400
IMAX,Second Wave,20-10-2020,11.19999981,11.32999992,10.90999985,11.21000004,11.21000004,438800
IMAX,Second Wave,21-10-2020,11.19999981,11.47999954,11.06999969,11.35999966,11.35999966,283200
IMAX,Second Wave,22-10-2020,11.39000034,11.72000027,11.25,11.67000008,11.67000008,505800
IMAX,Second Wave,23-10-2020,11.75,11.75,11.36999989,11.56000042,11.56000042,321700
IMAX,Second Wave,26-10-2020,11.42000008,11.64999962,11.18999958,11.56000042,11.56000042,504400
IMAX,Second Wave,27-10-2020,11.52999973,11.75,11.47000027,11.71000004,11.71000004,932400
IMAX,Second Wave,28-10-2020,11.35999966,12,11.34000015,11.78999996,11.78999996,1143400
IMAX,Second Wave,29-10-2020,11.18999958,11.52999973,10.76000023,11.48999977,11.48999977,1618900
IMAX,Second Wave,30-10-2020,11.43999958,11.59000015,11.10999966,11.52999973,11.52999973,740000
IMAX,Second Wave,02-11-2020,11.63000011,11.75,10.81000042,11.14999962,11.14999962,753000
IMAX,Second Wave,03-11-2020,11.26000023,11.72000027,11.23999977,11.64999962,11.64999962,547500
IMAX,Second Wave,04-11-2020,11.46000004,11.59000015,11.23999977,11.40999985,11.40999985,632000
IMAX,Second Wave,05-11-2020,11.5,12.05000019,11.27000046,12.02000046,12.02000046,595700
IMAX,Second Wave,06-11-2020,11.97000027,12.02999973,11.80000019,11.81999969,11.81999969,328800
IMAX,Second Wave,09-11-2020,14.98999977,15.14000034,13.55000019,14.02000046,14.02000046,3946900
IMAX,Second Wave,10-11-2020,14.27999973,14.5,13.80000019,14.06000042,14.06000042,1174200
IMAX,Second Wave,11-11-2020,14.06999969,14.52999973,13.93000031,14.52000046,14.52000046,626200
IMAX,Second Wave,12-11-2020,14.26000023,14.44999981,13.93999958,14.05000019,14.05000019,507800
IMAX,Second Wave,13-11-2020,14.14999962,14.52999973,13.97000027,14.35000038,14.35000038,587000
IMAX,Second Wave,16-11-2020,15,15.52999973,14.32999992,14.93000031,14.93000031,1259900
IMAX,Second Wave,17-11-2020,14.65999985,15.42000008,14.56000042,15.30000019,15.30000019,639900
IMAX,Second Wave,18-11-2020,15.43999958,15.90999985,15.30000019,15.47000027,15.47000027,683700
IMAX,Second Wave,19-11-2020,15.39999962,15.47999954,15.02000046,15.10000038,15.10000038,538300
IMAX,Second Wave,20-11-2020,15.05000019,15.14999962,14.92000008,15.09000015,15.09000015,416600
IMAX,Second Wave,23-11-2020,15.40999985,15.92000008,15.35999966,15.48999977,15.48999977,879900
IMAX,Second Wave,24-11-2020,15.90999985,16.30999947,15.64000034,15.64999962,15.64999962,706800
IMAX,Second Wave,25-11-2020,15.44999981,15.60000038,15.13000011,15.23999977,15.23999977,445900
IMAX,Second Wave,27-11-2020,15.25,15.76000023,15.18000031,15.47999954,15.47999954,561300
IMAX,Second Wave,30-11-2020,15.30000019,15.31000042,14.68999958,14.82999992,14.82999992,777900
IMAX,Second Wave,01-12-2020,14.93000031,15.48999977,14.93000031,15.13000011,15.13000011,362000
IMAX,Second Wave,02-12-2020,15.01000023,15.46000004,14.89999962,15.40999985,15.40999985,408200
IMAX,Second Wave,03-12-2020,15.5,15.68000031,14.10999966,14.17000008,14.17000008,1865600
IMAX,Second Wave,04-12-2020,14.52000046,14.84000015,14.21000004,14.69999981,14.69999981,1144200
IMAX,Second Wave,07-12-2020,14.53999996,14.72000027,14.22000027,14.46000004,14.46000004,686200
IMAX,Second Wave,08-12-2020,14.30000019,15.05000019,14.30000019,14.89999962,14.89999962,716200
IMAX,Second Wave,09-12-2020,15.14999962,15.55000019,15.06999969,15.21000004,15.21000004,817600
IMAX,Second Wave,10-12-2020,15.01000023,15.77999973,14.92000008,15.51000023,15.51000023,835100
IMAX,Second Wave,11-12-2020,15.5,15.75,15.14000034,15.35000038,15.35000038,1988700
IMAX,Second Wave,14-12-2020,15.5,15.67000008,14.53999996,14.60999966,14.60999966,1057400
IMAX,Second Wave,15-12-2020,14.88000011,15.40999985,14.75,15.27000046,15.27000046,579400
IMAX,Second Wave,16-12-2020,15.31000042,15.43000031,14.92000008,14.93999958,14.93999958,516900
IMAX,Second Wave,17-12-2020,14.97999954,15.59000015,14.84000015,15.39999962,15.39999962,880500
IMAX,Second Wave,18-12-2020,15.43000031,15.82999992,15.26000023,15.72999954,15.72999954,1353800
IMAX,Second Wave,21-12-2020,15.22999954,15.88000011,15.07999992,15.84000015,15.84000015,795100
IMAX,Second Wave,22-12-2020,15.81000042,16.15999985,15.75,16.03000069,16.03000069,858600
IMAX,Second Wave,23-12-2020,16.29000092,17.11000061,16.15999985,16.92000008,16.92000008,732200
IMAX,Second Wave,24-12-2020,16.85000038,17.07999992,16.63999939,17.01000023,17.01000023,731100
IMAX,Second Wave,28-12-2020,17.20000076,17.87999916,17.06999969,17.70000076,17.70000076,1357500
IMAX,Second Wave,29-12-2020,18.03000069,18.52000046,17.63999939,17.85000038,17.85000038,2286100
IMAX,Second Wave,30-12-2020,18,18.87000084,17.95000076,18.45000076,18.45000076,1264700
CNK,Second Wave,01-07-2020,11.68154263,12.95734221,11.64167392,12.78789997,12.78789997,6455100
CNK,Second Wave,02-07-2020,13.01714593,13.11681722,12.08022987,12.22973824,12.22973824,4262100
CNK,Second Wave,06-07-2020,12.4888844,12.98724372,12.21977086,12.54868793,12.54868793,4237600
CNK,Second Wave,07-07-2020,12.25963949,12.35931079,11.63170663,12.17990208,12.17990208,4560900
CNK,Second Wave,08-07-2020,12.14003318,13.0968831,11.71144386,12.95734215,12.95734215,4558000
CNK,Second Wave,09-07-2020,12.99721132,13.01714615,12.14003361,12.79786777,12.79786777,3945900
CNK,Second Wave,10-07-2020,12.72809791,13.17662112,12.47891824,12.99721146,12.99721146,2772200
CNK,Second Wave,13-07-2020,13.15668564,13.38593142,12.59852374,12.63839245,12.63839245,3814600
CNK,Second Wave,14-07-2020,12.56862221,12.74803188,12.05032899,12.28954124,12.28954124,3352400
CNK,Second Wave,15-07-2020,12.93740729,14.3128791,12.77793246,14.20324039,14.20324039,4934700
CNK,Second Wave,16-07-2020,13.48560347,13.73478314,13.12678509,13.68494701,13.68494701,3709800
CNK,Second Wave,17-07-2020,13.53543893,13.61517634,13.10684961,13.54540634,13.54540634,2963400
CNK,Second Wave,20-07-2020,13.42580031,13.46566902,12.62842521,12.88757229,12.88757229,2810900
CNK,Second Wave,21-07-2020,12.93740796,13.336096,12.65832699,12.77793312,12.77793312,3027000
CNK,Second Wave,22-07-2020,12.68822836,13.03708028,12.50881965,12.60849094,12.60849094,2152000
CNK,Second Wave,23-07-2020,12.51878682,12.72809777,12.15996749,12.52875328,12.52875328,2417100
CNK,Second Wave,24-07-2020,12.44901522,12.49885134,11.96062333,12.16993427,12.16993427,3150700
CNK,Second Wave,27-07-2020,12.17990236,12.20980365,11.68154303,12.0403614,12.0403614,2155200
CNK,Second Wave,28-07-2020,11.91078752,12.57858908,11.8609514,12.34934425,12.34934425,2870100
CNK,Second Wave,29-07-2020,11.22305237,11.90082042,11.02370883,11.45229721,11.45229721,8373900
CNK,Second Wave,30-07-2020,11.20311707,12.22973794,11.1831832,11.83104992,11.83104992,3840700
CNK,Second Wave,31-07-2020,11.87091898,11.87091898,11.31275707,11.79118156,11.79118156,2570000
CNK,Second Wave,03-08-2020,11.74134565,12.09019757,11.34265856,11.82108307,11.82108307,3929600
CNK,Second Wave,04-08-2020,11.81111653,12.81780166,11.62173945,12.25963974,12.25963974,3532000
CNK,Second Wave,05-08-2020,12.0204269,12.25963914,11.41242794,11.46226406,11.46226406,7412100
CNK,Second Wave,06-08-2020,11.42239558,11.49216558,10.39577565,10.46554565,10.46554565,12323400
CNK,Second Wave,07-08-2020,10.41570938,11.64167377,10.33597196,11.02370834,11.02370834,15270400
CNK,Second Wave,10-08-2020,11.06357723,11.1532811,10.77452886,11.00377369,11.00377369,5028600
CNK,Second Wave,11-08-2020,11.47223156,12.43904794,11.42239544,11.83104992,11.83104992,8361000
CNK,Second Wave,12-08-2020,11.96062414,12.08023027,11.25295384,11.43236351,11.43236351,3954800
CNK,Second Wave,13-08-2020,11.34265853,11.86095175,11.04364274,11.77124786,11.77124786,5646700
CNK,Second Wave,14-08-2020,12.01046014,12.91747397,11.92075531,12.6284256,12.6284256,6180600
CNK,Second Wave,17-08-2020,13.11681741,13.27629224,12.3294097,12.74803162,12.74803162,4966000
CNK,Second Wave,18-08-2020,11.79118137,11.93072232,10.79446274,11.00377369,11.00377369,23117600
CNK,Second Wave,19-08-2020,11.12338027,11.66160832,10.97387285,11.11341286,11.11341286,18081600
CNK,Second Wave,20-08-2020,11.25295372,12.44901594,11.05361018,12.3593111,12.3593111,16212800
CNK,Second Wave,21-08-2020,12.14999994,12.75799892,12.02042735,12.3294096,12.3294096,9747100
CNK,Second Wave,24-08-2020,12.33937714,13.6749803,11.87091911,13.60520935,13.60520935,9321500
CNK,Second Wave,25-08-2020,13.60520875,13.71484841,12.77793237,13.56534004,13.56534004,8731400
CNK,Second Wave,26-08-2020,13.49557006,13.60520877,12.95734205,13.07694817,13.07694817,4809700
CNK,Second Wave,27-08-2020,13.14671892,14.24310985,13.10685021,14.17333984,14.17333984,8797600
CNK,Second Wave,28-08-2020,14.39261668,15.29963143,14.27301056,15.20992661,15.20992661,10453600
CNK,Second Wave,31-08-2020,15.47904028,15.47904028,14.33281422,14.60192776,14.60192776,7282600
CNK,Second Wave,01-09-2020,14.44245338,14.73150176,14.10356888,14.71156788,14.71156788,4325300
CNK,Second Wave,02-09-2020,15.41923703,16.5056595,15.18002384,16.02723503,16.02723503,10995700
CNK,Second Wave,03-09-2020,15.95746563,16.38605495,14.76140345,15.7979908,15.7979908,10649100
CNK,Second Wave,04-09-2020,15.89766266,16.27641587,14.95078011,15.78802395,15.78802395,7309100
CNK,Second Wave,08-09-2020,15.33950043,15.61858138,14.10356857,14.26304436,14.26304436,8690000
CNK,Second Wave,09-09-2020,14.26304413,14.30291284,13.25635808,13.69491386,13.69491386,7861100
CNK,Second Wave,10-09-2020,13.59524282,14.04376602,12.68822804,12.69819546,12.69819546,9706100
CNK,Second Wave,11-09-2020,12.71812977,12.71812977,11.80114856,12.0004921,12.0004921,7890400
CNK,Second Wave,14-09-2020,12.06029644,12.2995087,11.6616084,12.07026291,12.07026291,6786900
CNK,Second Wave,15-09-2020,12.1400333,13.20652194,11.89085364,12.34934425,12.34934425,8827700
CNK,Second Wave,16-09-2020,12.35931117,12.75799921,11.9705915,12.45898342,12.45898342,5116800
CNK,Second Wave,17-09-2020,12.13006559,12.33937654,11.74134499,11.95065594,11.95065594,6879900
CNK,Second Wave,18-09-2020,11.91078733,12.01045957,11.21308448,11.56193638,11.56193638,7817500
CNK,Second Wave,21-09-2020,11.083511,11.18318324,10.62502039,11.12337971,11.12337971,9014100
CNK,Second Wave,22-09-2020,11.13334751,11.60180555,11.0237088,11.13334751,11.13334751,6559700
CNK,Second Wave,23-09-2020,11.21308463,11.45229687,10.43564436,10.46554565,10.46554565,9070000
CNK,Second Wave,24-09-2020,10.21636616,10.21636616,9.259516223,9.907382965,9.907382965,10906400
CNK,Second Wave,25-09-2020,10.11669389,10.41570967,9.877481642,10.39577579,10.39577579,6589100
CNK,Second Wave,28-09-2020,10.60508686,10.60508686,10.16653012,10.27616978,10.27616978,5753300
CNK,Second Wave,29-09-2020,10.17649779,10.2163665,9.727974572,9.817679405,9.817679405,6279800
CNK,Second Wave,30-09-2020,10.36587303,10.6648888,9.827645028,9.967185974,9.967185974,7974200
CNK,Second Wave,01-10-2020,9.947251571,10.12666123,9.588433203,10.02698994,10.02698994,6232800
CNK,Second Wave,02-10-2020,9.379122448,10.18646498,9.369155033,10.05689144,10.05689144,5901100
CNK,Second Wave,05-10-2020,9.428958905,9.618335039,8.19302795,8.302666664,8.302666664,29289700
CNK,Second Wave,06-10-2020,8.472108909,9.110009216,8.412305369,8.571781158,8.571781158,20252500
CNK,Second Wave,07-10-2020,8.621615434,8.701352845,8.093354846,8.402338028,8.402338028,14253400
CNK,Second Wave,08-10-2020,8.472108834,8.810993339,8.232896577,8.741223335,8.741223335,14350600
CNK,Second Wave,09-10-2020,8.850861204,8.990402149,8.33256708,8.402338028,8.402338028,11635200
CNK,Second Wave,12-10-2020,8.382403693,8.631583356,8.143191446,8.561813354,8.561813354,7167300
CNK,Second Wave,13-10-2020,8.252830262,8.372436387,7.61493045,7.903978825,7.903978825,19928900
CNK,Second Wave,14-10-2020,7.535193299,8.502010227,7.535193299,8.033553123,8.033553123,16782500
CNK,Second Wave,15-10-2020,8.033552895,8.143191607,7.69466792,7.844175816,7.844175816,7505500
CNK,Second Wave,16-10-2020,7.903978488,7.983716377,7.714601893,7.834208488,7.834208488,7935600
CNK,Second Wave,19-10-2020,8.0335526,8.970467697,8.0335526,8.362469673,8.362469673,19443400
CNK,Second Wave,20-10-2020,8.452174109,8.661485073,8.103323134,8.621616364,8.621616364,9104900
CNK,Second Wave,21-10-2020,8.502009641,8.751189298,8.342534812,8.581747055,8.581747055,7829700
CNK,Second Wave,22-10-2020,8.631583655,9.29938525,8.511977527,9.27945137,9.27945137,9951600
CNK,Second Wave,23-10-2020,9.279451401,9.638269787,8.900698186,9.329286575,9.329286575,10972400
CNK,Second Wave,26-10-2020,9.010336409,9.090073823,8.382403555,8.631583214,8.631583214,8547100
CNK,Second Wave,27-10-2020,8.631583644,8.661484938,8.292699139,8.422272682,8.422272682,4920300
CNK,Second Wave,28-10-2020,8.033552492,8.36246956,7.953814603,8.212961197,8.212961197,6522600
CNK,Second Wave,29-10-2020,8.153158928,8.412305057,7.943847496,8.392371178,8.392371178,5536000
CNK,Second Wave,30-10-2020,8.292698572,8.621615639,7.894011506,8.163125038,8.163125038,6874900
CNK,Second Wave,02-11-2020,8.272764981,8.442207228,8.00365049,8.29269886,8.29269886,6097500
CNK,Second Wave,03-11-2020,8.432239851,8.960500472,8.422272437,8.611649513,8.611649513,7685500
CNK,Second Wave,04-11-2020,8.472108488,8.571780733,8.183060119,8.511977196,8.511977196,6873800
CNK,Second Wave,05-11-2020,8.422272007,9.159843545,8.003650117,9.040237427,9.040237427,11806900
CNK,Second Wave,06-11-2020,8.810993123,9.080106667,8.621616045,8.980435371,8.980435371,6929200
CNK,Second Wave,09-11-2020,12.62842532,15.29963159,11.65164055,13.03707981,13.03707981,50927700
CNK,Second Wave,10-11-2020,13.55537354,14.51222345,12.69819493,13.51550484,13.51550484,24720200
CNK,Second Wave,11-11-2020,12.80783467,13.19655432,12.67826113,13.12678432,13.12678432,9987000
CNK,Second Wave,12-11-2020,12.69819575,13.12678509,11.81111673,12.28954124,12.28954124,11144300
CNK,Second Wave,13-11-2020,12.29950809,13.80455345,12.26960679,13.5952425,13.5952425,11009600
CNK,Second Wave,16-11-2020,15.38933556,15.4491391,13.88429112,14.2132082,14.2132082,15777300
CNK,Second Wave,17-11-2020,13.86435629,14.95077977,13.75471758,14.75143623,14.75143623,9306300
CNK,Second Wave,18-11-2020,14.94081186,15.71825307,14.72153445,14.86107445,14.86107445,10999400
CNK,Second Wave,19-11-2020,14.19327299,14.73150101,14.08363428,14.47235489,14.47235489,7674200
CNK,Second Wave,20-11-2020,14.41255129,14.76140318,14.18330551,14.64179611,14.64179611,6830600
CNK,Second Wave,23-11-2020,15.06041852,15.6983188,14.80127239,15.60861397,15.60861397,8904900
CNK,Second Wave,24-11-2020,16.15680898,17.32296991,16.11694122,16.89438248,16.89438248,10516100
CNK,Second Wave,25-11-2020,16.43589104,16.84454556,15.98736877,16.55549812,16.55549812,5432000
CNK,Second Wave,27-11-2020,16.58539744,16.974119,16.44585744,16.72493935,16.72493935,2645000
CNK,Second Wave,30-11-2020,16.74487205,16.74487205,15.12022154,15.39930248,15.39930248,9611000
CNK,Second Wave,01-12-2020,15.90762868,16.43588927,15.78802257,16.21661186,16.21661186,7818700
CNK,Second Wave,02-12-2020,15.89766254,17.55221633,15.78802383,16.98408699,16.98408699,11426500
CNK,Second Wave,03-12-2020,17.24323177,18.160213,13.1566859,13.25635815,13.25635815,44356700
CNK,Second Wave,04-12-2020,13.94409347,14.43248537,13.52547156,14.40258408,14.40258408,21108500
CNK,Second Wave,07-12-2020,13.98396266,14.45242071,13.59524299,13.75471783,13.75471783,12152700
CNK,Second Wave,08-12-2020,13.91419238,15.12022199,13.73478272,14.97071457,14.97071457,14442700
CNK,Second Wave,09-12-2020,15.24979581,15.69831902,14.72153518,15.10028744,15.10028744,13086000
CNK,Second Wave,10-12-2020,14.8311734,15.37936884,14.58199374,14.94081211,14.94081211,10086800
CNK,Second Wave,11-12-2020,14.79130501,16.81464456,14.66173147,16.19667816,16.19667816,23286600
CNK,Second Wave,14-12-2020,16.25648035,16.88441415,15.18999171,15.64848232,15.64848232,11027400
CNK,Second Wave,15-12-2020,15.51890917,16.20664558,15.05045209,16.19667816,16.19667816,7451600
CNK,Second Wave,16-12-2020,15.8378594,16.33621777,15.58867974,15.91759682,15.91759682,5602600
CNK,Second Wave,17-12-2020,15.96743251,16.64520147,15.79799027,16.61529922,16.61529922,6152300
CNK,Second Wave,18-12-2020,16.72493893,16.72493893,15.9973329,16.17674255,16.17674255,8078300
CNK,Second Wave,21-12-2020,15.34946757,16.09700659,15.18002531,16.06710625,16.06710625,8122200
CNK,Second Wave,22-12-2020,16.05713842,16.27641584,15.45910683,15.46907425,15.46907425,4538500
CNK,Second Wave,23-12-2020,15.54881092,16.78474178,15.54881092,16.52559471,16.52559471,7384800
CNK,Second Wave,24-12-2020,16.45582581,16.68507065,16.19667872,16.45582581,16.45582581,2359600
CNK,Second Wave,28-12-2020,16.69503686,18.22001703,16.48572686,16.91431427,16.91431427,8217100
CNK,Second Wave,29-12-2020,17.11365909,17.98080514,16.97411908,17.36283875,17.36283875,6711700
CNK,Second Wave,30-12-2020,17.46251162,17.90106647,17.40270713,17.72165871,17.72165871,4358500
